Crop,-999,0.050,0.000,0.050,0.080,0.030,0.050,0.030,0.500,0.010,0.010,0.800,0.200,0.350,0.100,1.000,0.100,0.200,0.040,1.000,0.500,0.800,0.300,0.400
Crop,5300,0.050,0.000,0.050,0.080,0.030,0.050,0.030,0.500,0.010,0.010,0.800,0.200,0.350,0.100,1.000,0.100,0.200,0.040,1.000,0.500,0.800,0.300,0.400
Crop,5299,0.050,0.000,0.050,0.080,0.030,0.050,0.030,0.500,0.010,0.010,0.800,0.200,0.350,0.100,1.000,0.100,0.200,0.040,1.000,0.500,0.800,0.300,0.400
Crop,5298,0.050,0.000,0.050,0.080,0.030,0.050,0.030,0.500,0.010,0.010,0.800,0.200,0.350,0.100,1.000,0.100,0.200,0.040,1.000,0.500,0.800,0.300,0.400
Crop,5297,0.050,0.000,0.050,0.080,0.030,0.050,0.030,0.500,0.010,0.010,0.800,0.200,0.350,0.100,1.000,0.100,0.200,0.040,1.000,0.500,0.800,0.300,0.400
Crop,5296,0.050,0.000,0.050,0.080,0.030,0.050,0.030,0.500,0.010,0.010,0.800,0.200,0.350,0.100,1.000,0.100,0.200,0.040,1.000,0.500,0.800,0.300,0.400
Crop,5295,0.050,0.000,0.050,0.080,0.030,0.050,0.030,0.500,0.010,0.010,0.800,0.200,0.350,0.100,1.000,0.100,0.200,0.040,1.000,0.500,0.800,0.300,0.400
Crop,5294,0.050,0.000,0.050,0.080,0.030,0.050,0.030,0.500,0.010,0.010,0.800,0.200,0.350,0.100,1.000,0.100,0.200,0.040,1.000,0.500,0.800,0.300,0.400
Crop,5293,0.050,0.000,0.050,0.080,0.030,0.050,0.030,0.500,0.010,0.010,0.800,0.200,0.350,0.100,1.000,0.100,0.200,0.040,1.000,0.500,0.800,0.300,0.400
Crop,5292,0.050,0.000,0.050,0.080,0.030,0.050,0.030,0.500,0.010,0.010,0.800,0.200,0.350,0.100,1.000,0.100,0.200,0.040,1.000,0.500,0.800,0.300,0.400
Crop,5291,0.050,0.000,0.050,0.080,0.030,0.050,0.030,0.500,0.010,0.010,0.800,0.200,0.350,0.100,1.000,0.100,0.200,0.040,1.000,0.500,0.800,0.300,0.400
Crop,5290,0.050,0.000,0.050,0.080,0.030,0.050,0.030,0.500,0.010,0.010,0.800,0.200,0.350,0.100,1.000,0.100,0.200,0.040,1.000,0.500,0.800,0.300,0.400
Crop,5289,0.050,0.000,0.050,0.080,0.030,0.050,0.030,0.500,0.010,0.010,0.800,0.200,0.350,0.100,1.000,0.100,0.200,0.040,1.000,0.500,0.800,0.300,0.400
Crop,5288,0.050,0.000,0.050,0.080,0.030,0.050,0.030,0.500,0.010,0.010,0.800,0.200,0.350,0.100,1.000,0.100,0.200,0.040,1.000,0.500,0.800,0.300,0.400
Crop,5287,0.050,0.000,0.050,0.080,0.030,0.050,0.030,0.500,0.010,0.010,0.800,0.200,0.350,0.100,1.000,0.100,0.200,0.040,1.000,0.500,0.800,0.300,0.400
Crop,5286,0.050,0.000,0.050,0.080,0.030,0.050,0.030,0.500,0.010,0.010,0.800,0.200,0.350,0.100,1.000,0.100,0.200,0.040,1.000,0.500,0.800,0.300,0.400
Crop,5285,0.050,0.000,0.050,0.080,0.030,0.050,0.030,0.500,0.010,0.010,0.800,0.200,0.350,0.100,1.000,0.100,0.200,0.040,1.000,0.500,0.800,0.300,0.400
Crop,5284,0.050,0.000,0.050,0.080,0.030,0.050,0.030,0.500,0.010,0.010,0.800,0.200,0.350,0.100,1.000,0.100,0.200,0.040,1.000,0.500,0.800,0.300,0.400
Crop,5283,0.050,0.000,0.050,0.080,0.030,0.050,0.030,0.500,0.010,0.010,0.800,0.200,0.350,0.100,1.000,0.100,0.200,0.040,1.000,0.500,0.800,0.300,0.400
Crop,5282,0.050,0.000,0.050,0.080,0.030,0.050,0.030,0.500,0.010,0.010,0.800,0.200,0.350,0.100,1.000,0.100,0.200,0.040,1.000,0.500,0.800,0.300,0.400
Crop,5281,0.050,0.000,0.050,0.080,0.030,0.050,0.030,0.500,0.010,0.010,0.800,0.200,0.350,0.100,1.000,0.100,0.200,0.040,1.000,0.500,0.800,0.300,0.400
Crop,5280,0.050,0.000,0.050,0.080,0.030,0.050,0.030,0.500,0.010,0.010,0.800,0.200,0.350,0.100,1.000,0.100,0.200,0.040,1.000,0.500,0.800,0.300,0.400
Crop,5279,0.050,0.000,0.050,0.080,0.030,0.050,0.030,0.500,0.010,0.010,0.800,0.200,0.350,0.100,1.000,0.100,0.200,0.040,1.000,0.500,0.800,0.300,0.400
Crop,5278,0.050,0.000,0.050,0.080,0.030,0.050,0.030,0.500,0.010,0.010,0.800,0.200,0.350,0.100,1.000,0.100,0.200,0.040,1.000,0.500,0.800,0.300,0.400
Crop,5301,0.050,0.000,0.050,0.080,0.030,0.050,0.030,0.500,0.010,0.010,0.800,0.200,0.350,0.100,1.000,0.100,0.200,0.040,1.000,0.500,0.800,0.300,0.400
Crop,5277,0.050,0.000,0.050,0.080,0.030,0.050,0.030,0.500,0.010,0.010,0.800,0.200,0.350,0.100,1.000,0.100,0.200,0.040,1.000,0.500,0.800,0.300,0.400
Crop,5302,0.050,0.000,0.050,0.080,0.030,0.050,0.030,0.500,0.010,0.010,0.800,0.200,0.350,0.100,1.000,0.100,0.200,0.040,1.000,0.500,0.800,0.300,0.400
Crop,5304,0.050,0.000,0.050,0.080,0.030,0.050,0.030,0.500,0.010,0.010,0.800,0.200,0.350,0.100,1.000,0.100,0.200,0.040,1.000,0.500,0.800,0.300,0.400
Crop,5327,0.050,0.000,0.050,0.080,0.030,0.050,0.030,0.500,0.010,0.010,0.800,0.200,0.350,0.100,1.000,0.100,0.200,0.040,1.000,0.500,0.800,0.300,0.400
Crop,5326,0.050,0.000,0.050,0.080,0.030,0.050,0.030,0.500,0.010,0.010,0.800,0.200,0.350,0.100,1.000,0.100,0.200,0.040,1.000,0.500,0.800,0.300,0.400
Crop,5325,0.050,0.000,0.050,0.080,0.030,0.050,0.030,0.500,0.010,0.010,0.800,0.200,0.350,0.100,1.000,0.100,0.200,0.040,1.000,0.500,0.800,0.300,0.400
Crop,5324,0.050,0.000,0.050,0.080,0.030,0.050,0.030,0.500,0.010,0.010,0.800,0.200,0.350,0.100,1.000,0.100,0.200,0.040,1.000,0.500,0.800,0.300,0.400
Crop,5323,0.050,0.000,0.050,0.080,0.030,0.050,0.030,0.500,0.010,0.010,0.800,0.200,0.350,0.100,1.000,0.100,0.200,0.040,1.000,0.500,0.800,0.300,0.400
Crop,5322,0.050,0.000,0.050,0.080,0.030,0.050,0.030,0.500,0.010,0.010,0.800,0.200,0.350,0.100,1.000,0.100,0.200,0.040,1.000,0.500,0.800,0.300,0.400
Crop,5321,0.050,0.000,0.050,0.080,0.030,0.050,0.030,0.500,0.010,0.010,0.800,0.200,0.350,0.100,1.000,0.100,0.200,0.040,1.000,0.500,0.800,0.300,0.400
Crop,5320,0.050,0.000,0.050,0.080,0.030,0.050,0.030,0.500,0.010,0.010,0.800,0.200,0.350,0.100,1.000,0.100,0.200,0.040,1.000,0.500,0.800,0.300,0.400
Crop,5319,0.050,0.000,0.050,0.080,0.030,0.050,0.030,0.500,0.010,0.010,0.800,0.200,0.350,0.100,1.000,0.100,0.200,0.040,1.000,0.500,0.800,0.300,0.400
Crop,5318,0.050,0.000,0.050,0.080,0.030,0.050,0.030,0.500,0.010,0.010,0.800,0.200,0.350,0.100,1.000,0.100,0.200,0.040,1.000,0.500,0.800,0.300,0.400
Crop,5317,0.050,0.000,0.050,0.080,0.030,0.050,0.030,0.500,0.010,0.010,0.800,0.200,0.350,0.100,1.000,0.100,0.200,0.040,1.000,0.500,0.800,0.300,0.400
Crop,5316,0.050,0.000,0.050,0.080,0.030,0.050,0.030,0.500,0.010,0.010,0.800,0.200,0.350,0.100,1.000,0.100,0.200,0.040,1.000,0.500,0.800,0.300,0.400
Crop,5315,0.050,0.000,0.050,0.080,0.030,0.050,0.030,0.500,0.010,0.010,0.800,0.200,0.350,0.100,1.000,0.100,0.200,0.040,1.000,0.500,0.800,0.300,0.400
Crop,5314,0.050,0.000,0.050,0.080,0.030,0.050,0.030,0.500,0.010,0.010,0.800,0.200,0.350,0.100,1.000,0.100,0.200,0.040,1.000,0.500,0.800,0.300,0.400
Crop,5313,0.050,0.000,0.050,0.080,0.030,0.050,0.030,0.500,0.010,0.010,0.800,0.200,0.350,0.100,1.000,0.100,0.200,0.040,1.000,0.500,0.800,0.300,0.400
Crop,5312,0.050,0.000,0.050,0.080,0.030,0.050,0.030,0.500,0.010,0.010,0.800,0.200,0.350,0.100,1.000,0.100,0.200,0.040,1.000,0.500,0.800,0.300,0.400
Crop,5311,0.050,0.000,0.050,0.080,0.030,0.050,0.030,0.500,0.010,0.010,0.800,0.200,0.350,0.100,1.000,0.100,0.200,0.040,1.000,0.500,0.800,0.300,0.400
Crop,5310,0.050,0.000,0.050,0.080,0.030,0.050,0.030,0.500,0.010,0.010,0.800,0.200,0.350,0.100,1.000,0.100,0.200,0.040,1.000,0.500,0.800,0.300,0.400
Crop,5309,0.050,0.000,0.050,0.080,0.030,0.050,0.030,0.500,0.010,0.010,0.800,0.200,0.350,0.100,1.000,0.100,0.200,0.040,1.000,0.500,0.800,0.300,0.400
Crop,5308,0.050,0.000,0.050,0.080,0.030,0.050,0.030,0.500,0.010,0.010,0.800,0.200,0.350,0.100,1.000,0.100,0.200,0.040,1.000,0.500,0.800,0.300,0.400
Crop,5307,0.050,0.000,0.050,0.080,0.030,0.050,0.030,0.500,0.010,0.010,0.800,0.200,0.350,0.100,1.000,0.100,0.200,0.040,1.000,0.500,0.800,0.300,0.400
Crop,5306,0.050,0.000,0.050,0.080,0.030,0.050,0.030,0.500,0.010,0.010,0.800,0.200,0.350,0.100,1.000,0.100,0.200,0.040,1.000,0.500,0.800,0.300,0.400
Crop,5305,0.050,0.000,0.050,0.080,0.030,0.050,0.030,0.500,0.010,0.010,0.800,0.200,0.350,0.100,1.000,0.100,0.200,0.040,1.000,0.500,0.800,0.300,0.400
Crop,5303,0.050,0.000,0.050,0.080,0.030,0.050,0.030,0.500,0.010,0.010,0.800,0.200,0.350,0.100,1.000,0.100,0.200,0.040,1.000,0.500,0.800,0.300,0.400
Crop,5328,0.050,0.000,0.050,0.080,0.030,0.050,0.030,0.500,0.010,0.010,0.800,0.200,0.350,0.100,1.000,0.100,0.200,0.040,1.000,0.500,0.800,0.300,0.400
Crop,5276,0.050,0.000,0.050,0.080,0.030,0.050,0.030,0.500,0.010,0.010,0.800,0.200,0.350,0.100,1.000,0.100,0.200,0.040,1.000,0.500,0.800,0.300,0.400
Crop,5274,0.050,0.000,0.050,0.080,0.030,0.050,0.030,0.500,0.010,0.010,0.800,0.200,0.350,0.100,1.000,0.100,0.200,0.040,1.000,0.500,0.800,0.300,0.400
Crop,5246,0.050,0.000,0.050,0.080,0.030,0.050,0.030,0.500,0.010,0.010,0.800,0.200,0.350,0.100,1.000,0.100,0.200,0.040,1.000,0.500,0.800,0.300,0.400
Crop,5245,0.050,0.000,0.050,0.080,0.030,0.050,0.030,0.500,0.010,0.010,0.800,0.200,0.350,0.100,1.000,0.100,0.200,0.040,1.000,0.500,0.800,0.300,0.400
Crop,5244,0.050,0.000,0.050,0.080,0.030,0.050,0.030,0.500,0.010,0.010,0.800,0.200,0.350,0.100,1.000,0.100,0.200,0.040,1.000,0.500,0.800,0.300,0.400
Crop,5243,0.050,0.000,0.050,0.080,0.030,0.050,0.030,0.500,0.010,0.010,0.800,0.200,0.350,0.100,1.000,0.100,0.200,0.040,1.000,0.500,0.800,0.300,0.400
Crop,5242,0.050,0.000,0.050,0.080,0.030,0.050,0.030,0.500,0.010,0.010,0.800,0.200,0.350,0.100,1.000,0.100,0.200,0.040,1.000,0.500,0.800,0.300,0.400
Crop,5241,0.050,0.000,0.050,0.080,0.030,0.050,0.030,0.500,0.010,0.010,0.800,0.200,0.350,0.100,1.000,0.100,0.200,0.040,1.000,0.500,0.800,0.300,0.400
Crop,5240,0.050,0.000,0.050,0.080,0.030,0.050,0.030,0.500,0.010,0.010,0.800,0.200,0.350,0.100,1.000,0.100,0.200,0.040,1.000,0.500,0.800,0.300,0.400
Crop,5239,0.050,0.000,0.050,0.080,0.030,0.050,0.030,0.500,0.010,0.010,0.800,0.200,0.350,0.100,1.000,0.100,0.200,0.040,1.000,0.500,0.800,0.300,0.400
Crop,5238,0.050,0.000,0.050,0.080,0.030,0.050,0.030,0.500,0.010,0.010,0.800,0.200,0.350,0.100,1.000,0.100,0.200,0.040,1.000,0.500,0.800,0.300,0.400
Crop,5237,0.050,0.000,0.050,0.080,0.030,0.050,0.030,0.500,0.010,0.010,0.800,0.200,0.350,0.100,1.000,0.100,0.200,0.040,1.000,0.500,0.800,0.300,0.400
Crop,5236,0.050,0.000,0.050,0.080,0.030,0.050,0.030,0.500,0.010,0.010,0.800,0.200,0.350,0.100,1.000,0.100,0.200,0.040,1.000,0.500,0.800,0.300,0.400
Crop,5235,0.050,0.000,0.050,0.080,0.030,0.050,0.030,0.500,0.010,0.010,0.800,0.200,0.350,0.100,1.000,0.100,0.200,0.040,1.000,0.500,0.800,0.300,0.400
Crop,5234,0.050,0.000,0.050,0.080,0.030,0.050,0.030,0.500,0.010,0.010,0.800,0.200,0.350,0.100,1.000,0.100,0.200,0.040,1.000,0.500,0.800,0.300,0.400
Crop,5233,0.050,0.000,0.050,0.080,0.030,0.050,0.030,0.500,0.010,0.010,0.800,0.200,0.350,0.100,1.000,0.100,0.200,0.040,1.000,0.500,0.800,0.300,0.400
Crop,5232,0.050,0.000,0.050,0.080,0.030,0.050,0.030,0.500,0.010,0.010,0.800,0.200,0.350,0.100,1.000,0.100,0.200,0.040,1.000,0.500,0.800,0.300,0.400
Crop,5231,0.050,0.000,0.050,0.080,0.030,0.050,0.030,0.500,0.010,0.010,0.800,0.200,0.350,0.100,1.000,0.100,0.200,0.040,1.000,0.500,0.800,0.300,0.400
Crop,5230,0.050,0.000,0.050,0.080,0.030,0.050,0.030,0.500,0.010,0.010,0.800,0.200,0.350,0.100,1.000,0.100,0.200,0.040,1.000,0.500,0.800,0.300,0.400
Crop,5229,0.050,0.000,0.050,0.080,0.030,0.050,0.030,0.500,0.010,0.010,0.800,0.200,0.350,0.100,1.000,0.100,0.200,0.040,1.000,0.500,0.800,0.300,0.400
Crop,5228,0.050,0.000,0.050,0.080,0.030,0.050,0.030,0.500,0.010,0.010,0.800,0.200,0.350,0.100,1.000,0.100,0.200,0.040,1.000,0.500,0.800,0.300,0.400
Crop,5227,0.050,0.000,0.050,0.080,0.030,0.050,0.030,0.500,0.010,0.010,0.800,0.200,0.350,0.100,1.000,0.100,0.200,0.040,1.000,0.500,0.800,0.300,0.400
Crop,5226,0.050,0.000,0.050,0.080,0.030,0.050,0.030,0.500,0.010,0.010,0.800,0.200,0.350,0.100,1.000,0.100,0.200,0.040,1.000,0.500,0.800,0.300,0.400
Crop,5225,0.050,0.000,0.050,0.080,0.030,0.050,0.030,0.500,0.010,0.010,0.800,0.200,0.350,0.100,1.000,0.100,0.200,0.040,1.000,0.500,0.800,0.300,0.400
Crop,5224,0.050,0.000,0.050,0.080,0.030,0.050,0.030,0.500,0.010,0.010,0.800,0.200,0.350,0.100,1.000,0.100,0.200,0.040,1.000,0.500,0.800,0.300,0.400
Crop,5247,0.050,0.000,0.050,0.080,0.030,0.050,0.030,0.500,0.010,0.010,0.800,0.200,0.350,0.100,1.000,0.100,0.200,0.040,1.000,0.500,0.800,0.300,0.400
Crop,5275,0.050,0.000,0.050,0.080,0.030,0.050,0.030,0.500,0.010,0.010,0.800,0.200,0.350,0.100,1.000,0.100,0.200,0.040,1.000,0.500,0.800,0.300,0.400
Crop,5248,0.050,0.000,0.050,0.080,0.030,0.050,0.030,0.500,0.010,0.010,0.800,0.200,0.350,0.100,1.000,0.100,0.200,0.040,1.000,0.500,0.800,0.300,0.400
Crop,5250,0.050,0.000,0.050,0.080,0.030,0.050,0.030,0.500,0.010,0.010,0.800,0.200,0.350,0.100,1.000,0.100,0.200,0.040,1.000,0.500,0.800,0.300,0.400
Crop,5273,0.050,0.000,0.050,0.080,0.030,0.050,0.030,0.500,0.010,0.010,0.800,0.200,0.350,0.100,1.000,0.100,0.200,0.040,1.000,0.500,0.800,0.300,0.400
Crop,5272,0.050,0.000,0.050,0.080,0.030,0.050,0.030,0.500,0.010,0.010,0.800,0.200,0.350,0.100,1.000,0.100,0.200,0.040,1.000,0.500,0.800,0.300,0.400
Crop,5271,0.050,0.000,0.050,0.080,0.030,0.050,0.030,0.500,0.010,0.010,0.800,0.200,0.350,0.100,1.000,0.100,0.200,0.040,1.000,0.500,0.800,0.300,0.400
Crop,5270,0.050,0.000,0.050,0.080,0.030,0.050,0.030,0.500,0.010,0.010,0.800,0.200,0.350,0.100,1.000,0.100,0.200,0.040,1.000,0.500,0.800,0.300,0.400
Crop,5269,0.050,0.000,0.050,0.080,0.030,0.050,0.030,0.500,0.010,0.010,0.800,0.200,0.350,0.100,1.000,0.100,0.200,0.040,1.000,0.500,0.800,0.300,0.400
Crop,5268,0.050,0.000,0.050,0.080,0.030,0.050,0.030,0.500,0.010,0.010,0.800,0.200,0.350,0.100,1.000,0.100,0.200,0.040,1.000,0.500,0.800,0.300,0.400
Crop,5267,0.050,0.000,0.050,0.080,0.030,0.050,0.030,0.500,0.010,0.010,0.800,0.200,0.350,0.100,1.000,0.100,0.200,0.040,1.000,0.500,0.800,0.300,0.400
Crop,5266,0.050,0.000,0.050,0.080,0.030,0.050,0.030,0.500,0.010,0.010,0.800,0.200,0.350,0.100,1.000,0.100,0.200,0.040,1.000,0.500,0.800,0.300,0.400
Crop,5265,0.050,0.000,0.050,0.080,0.030,0.050,0.030,0.500,0.010,0.010,0.800,0.200,0.350,0.100,1.000,0.100,0.200,0.040,1.000,0.500,0.800,0.300,0.400
Crop,5264,0.050,0.000,0.050,0.080,0.030,0.050,0.030,0.500,0.010,0.010,0.800,0.200,0.350,0.100,1.000,0.100,0.200,0.040,1.000,0.500,0.800,0.300,0.400
Crop,5263,0.050,0.000,0.050,0.080,0.030,0.050,0.030,0.500,0.010,0.010,0.800,0.200,0.350,0.100,1.000,0.100,0.200,0.040,1.000,0.500,0.800,0.300,0.400
Crop,5262,0.050,0.000,0.050,0.080,0.030,0.050,0.030,0.500,0.010,0.010,0.800,0.200,0.350,0.100,1.000,0.100,0.200,0.040,1.000,0.500,0.800,0.300,0.400
Crop,5261,0.050,0.000,0.050,0.080,0.030,0.050,0.030,0.500,0.010,0.010,0.800,0.200,0.350,0.100,1.000,0.100,0.200,0.040,1.000,0.500,0.800,0.300,0.400
Crop,5260,0.050,0.000,0.050,0.080,0.030,0.050,0.030,0.500,0.010,0.010,0.800,0.200,0.350,0.100,1.000,0.100,0.200,0.040,1.000,0.500,0.800,0.300,0.400
Crop,5259,0.050,0.000,0.050,0.080,0.030,0.050,0.030,0.500,0.010,0.010,0.800,0.200,0.350,0.100,1.000,0.100,0.200,0.040,1.000,0.500,0.800,0.300,0.400
Crop,5258,0.050,0.000,0.050,0.080,0.030,0.050,0.030,0.500,0.010,0.010,0.800,0.200,0.350,0.100,1.000,0.100,0.200,0.040,1.000,0.500,0.800,0.300,0.400
Crop,5257,0.050,0.000,0.050,0.080,0.030,0.050,0.030,0.500,0.010,0.010,0.800,0.200,0.350,0.100,1.000,0.100,0.200,0.040,1.000,0.500,0.800,0.300,0.400
Crop,5256,0.050,0.000,0.050,0.080,0.030,0.050,0.030,0.500,0.010,0.010,0.800,0.200,0.350,0.100,1.000,0.100,0.200,0.040,1.000,0.500,0.800,0.300,0.400
Crop,5255,0.050,0.000,0.050,0.080,0.030,0.050,0.030,0.500,0.010,0.010,0.800,0.200,0.350,0.100,1.000,0.100,0.200,0.040,1.000,0.500,0.800,0.300,0.400
Crop,5254,0.050,0.000,0.050,0.080,0.030,0.050,0.030,0.500,0.010,0.010,0.800,0.200,0.350,0.100,1.000,0.100,0.200,0.040,1.000,0.500,0.800,0.300,0.400
Crop,5253,0.050,0.000,0.050,0.080,0.030,0.050,0.030,0.500,0.010,0.010,0.800,0.200,0.350,0.100,1.000,0.100,0.200,0.040,1.000,0.500,0.800,0.300,0.400
Crop,5252,0.050,0.000,0.050,0.080,0.030,0.050,0.030,0.500,0.010,0.010,0.800,0.200,0.350,0.100,1.000,0.100,0.200,0.040,1.000,0.500,0.800,0.300,0.400
Crop,5251,0.050,0.000,0.050,0.080,0.030,0.050,0.030,0.500,0.010,0.010,0.800,0.200,0.350,0.100,1.000,0.100,0.200,0.040,1.000,0.500,0.800,0.300,0.400
Crop,5249,0.050,0.000,0.050,0.080,0.030,0.050,0.030,0.500,0.010,0.010,0.800,0.200,0.350,0.100,1.000,0.100,0.200,0.040,1.000,0.500,0.800,0.300,0.400
Crop,5223,0.050,0.000,0.050,0.080,0.030,0.050,0.030,0.500,0.010,0.010,0.800,0.200,0.350,0.100,1.000,0.100,0.200,0.040,1.000,0.500,0.800,0.300,0.400
Crop,5329,0.050,0.000,0.050,0.080,0.030,0.050,0.030,0.500,0.010,0.010,0.800,0.200,0.350,0.100,1.000,0.100,0.200,0.040,1.000,0.500,0.800,0.300,0.400
Crop,5331,0.050,0.000,0.050,0.080,0.030,0.050,0.030,0.500,0.010,0.010,0.800,0.200,0.350,0.100,1.000,0.100,0.200,0.040,1.000,0.500,0.800,0.300,0.400
Crop,5408,0.050,0.000,0.050,0.080,0.030,0.050,0.030,0.500,0.010,0.010,0.800,0.200,0.350,0.100,1.000,0.100,0.200,0.040,1.000,0.500,0.800,0.300,0.400
Crop,5407,0.050,0.000,0.050,0.080,0.030,0.050,0.030,0.500,0.010,0.010,0.800,0.200,0.350,0.100,1.000,0.100,0.200,0.040,1.000,0.500,0.800,0.300,0.400
Crop,5406,0.050,0.000,0.050,0.080,0.030,0.050,0.030,0.500,0.010,0.010,0.800,0.200,0.350,0.100,1.000,0.100,0.200,0.040,1.000,0.500,0.800,0.300,0.400
Crop,5405,0.050,0.000,0.050,0.080,0.030,0.050,0.030,0.500,0.010,0.010,0.800,0.200,0.350,0.100,1.000,0.100,0.200,0.040,1.000,0.500,0.800,0.300,0.400
Crop,5404,0.050,0.000,0.050,0.080,0.030,0.050,0.030,0.500,0.010,0.010,0.800,0.200,0.350,0.100,1.000,0.100,0.200,0.040,1.000,0.500,0.800,0.300,0.400
Crop,5403,0.050,0.000,0.050,0.080,0.030,0.050,0.030,0.500,0.010,0.010,0.800,0.200,0.350,0.100,1.000,0.100,0.200,0.040,1.000,0.500,0.800,0.300,0.400
Crop,5402,0.050,0.000,0.050,0.080,0.030,0.050,0.030,0.500,0.010,0.010,0.800,0.200,0.350,0.100,1.000,0.100,0.200,0.040,1.000,0.500,0.800,0.300,0.400
Crop,5401,0.050,0.000,0.050,0.080,0.030,0.050,0.030,0.500,0.010,0.010,0.800,0.200,0.350,0.100,1.000,0.100,0.200,0.040,1.000,0.500,0.800,0.300,0.400
Crop,5400,0.050,0.000,0.050,0.080,0.030,0.050,0.030,0.500,0.010,0.010,0.800,0.200,0.350,0.100,1.000,0.100,0.200,0.040,1.000,0.500,0.800,0.300,0.400
Crop,5399,0.050,0.000,0.050,0.080,0.030,0.050,0.030,0.500,0.010,0.010,0.800,0.200,0.350,0.100,1.000,0.100,0.200,0.040,1.000,0.500,0.800,0.300,0.400
Crop,5398,0.050,0.000,0.050,0.080,0.030,0.050,0.030,0.500,0.010,0.010,0.800,0.200,0.350,0.100,1.000,0.100,0.200,0.040,1.000,0.500,0.800,0.300,0.400
Crop,5397,0.050,0.000,0.050,0.080,0.030,0.050,0.030,0.500,0.010,0.010,0.800,0.200,0.350,0.100,1.000,0.100,0.200,0.040,1.000,0.500,0.800,0.300,0.400
Crop,5396,0.050,0.000,0.050,0.080,0.030,0.050,0.030,0.500,0.010,0.010,0.800,0.200,0.350,0.100,1.000,0.100,0.200,0.040,1.000,0.500,0.800,0.300,0.400
Crop,5395,0.050,0.000,0.050,0.080,0.030,0.050,0.030,0.500,0.010,0.010,0.800,0.200,0.350,0.100,1.000,0.100,0.200,0.040,1.000,0.500,0.800,0.300,0.400
Crop,5394,0.050,0.000,0.050,0.080,0.030,0.050,0.030,0.500,0.010,0.010,0.800,0.200,0.350,0.100,1.000,0.100,0.200,0.040,1.000,0.500,0.800,0.300,0.400
Crop,5393,0.050,0.000,0.050,0.080,0.030,0.050,0.030,0.500,0.010,0.010,0.800,0.200,0.350,0.100,1.000,0.100,0.200,0.040,1.000,0.500,0.800,0.300,0.400
Crop,5392,0.050,0.000,0.050,0.080,0.030,0.050,0.030,0.500,0.010,0.010,0.800,0.200,0.350,0.100,1.000,0.100,0.200,0.040,1.000,0.500,0.800,0.300,0.400
Crop,5391,0.050,0.000,0.050,0.080,0.030,0.050,0.030,0.500,0.010,0.010,0.800,0.200,0.350,0.100,1.000,0.100,0.200,0.040,1.000,0.500,0.800,0.300,0.400
Crop,5390,0.050,0.000,0.050,0.080,0.030,0.050,0.030,0.500,0.010,0.010,0.800,0.200,0.350,0.100,1.000,0.100,0.200,0.040,1.000,0.500,0.800,0.300,0.400
Crop,5389,0.050,0.000,0.050,0.080,0.030,0.050,0.030,0.500,0.010,0.010,0.800,0.200,0.350,0.100,1.000,0.100,0.200,0.040,1.000,0.500,0.800,0.300,0.400
Crop,5388,0.050,0.000,0.050,0.080,0.030,0.050,0.030,0.500,0.010,0.010,0.800,0.200,0.350,0.100,1.000,0.100,0.200,0.040,1.000,0.500,0.800,0.300,0.400
Crop,5387,0.050,0.000,0.050,0.080,0.030,0.050,0.030,0.500,0.010,0.010,0.800,0.200,0.350,0.100,1.000,0.100,0.200,0.040,1.000,0.500,0.800,0.300,0.400
Crop,5386,0.050,0.000,0.050,0.080,0.030,0.050,0.030,0.500,0.010,0.010,0.800,0.200,0.350,0.100,1.000,0.100,0.200,0.040,1.000,0.500,0.800,0.300,0.400
Crop,5409,0.050,0.000,0.050,0.080,0.030,0.050,0.030,0.500,0.010,0.010,0.800,0.200,0.350,0.100,1.000,0.100,0.200,0.040,1.000,0.500,0.800,0.300,0.400
Crop,5385,0.050,0.000,0.050,0.080,0.030,0.050,0.030,0.500,0.010,0.010,0.800,0.200,0.350,0.100,1.000,0.100,0.200,0.040,1.000,0.500,0.800,0.300,0.400
Crop,5410,0.050,0.000,0.050,0.080,0.030,0.050,0.030,0.500,0.010,0.010,0.800,0.200,0.350,0.100,1.000,0.100,0.200,0.040,1.000,0.500,0.800,0.300,0.400
Crop,5412,0.050,0.000,0.050,0.080,0.030,0.050,0.030,0.500,0.010,0.010,0.800,0.200,0.350,0.100,1.000,0.100,0.200,0.040,1.000,0.500,0.800,0.300,0.400
Crop,5435,0.050,0.000,0.050,0.080,0.030,0.050,0.030,0.500,0.010,0.010,0.800,0.200,0.350,0.100,1.000,0.100,0.200,0.040,1.000,0.500,0.800,0.300,0.400
Crop,5434,0.050,0.000,0.050,0.080,0.030,0.050,0.030,0.500,0.010,0.010,0.800,0.200,0.350,0.100,1.000,0.100,0.200,0.040,1.000,0.500,0.800,0.300,0.400
Crop,5433,0.050,0.000,0.050,0.080,0.030,0.050,0.030,0.500,0.010,0.010,0.800,0.200,0.350,0.100,1.000,0.100,0.200,0.040,1.000,0.500,0.800,0.300,0.400
Crop,5432,0.050,0.000,0.050,0.080,0.030,0.050,0.030,0.500,0.010,0.010,0.800,0.200,0.350,0.100,1.000,0.100,0.200,0.040,1.000,0.500,0.800,0.300,0.400
Crop,5431,0.050,0.000,0.050,0.080,0.030,0.050,0.030,0.500,0.010,0.010,0.800,0.200,0.350,0.100,1.000,0.100,0.200,0.040,1.000,0.500,0.800,0.300,0.400
Crop,5430,0.050,0.000,0.050,0.080,0.030,0.050,0.030,0.500,0.010,0.010,0.800,0.200,0.350,0.100,1.000,0.100,0.200,0.040,1.000,0.500,0.800,0.300,0.400
Crop,5429,0.050,0.000,0.050,0.080,0.030,0.050,0.030,0.500,0.010,0.010,0.800,0.200,0.350,0.100,1.000,0.100,0.200,0.040,1.000,0.500,0.800,0.300,0.400
Crop,5428,0.050,0.000,0.050,0.080,0.030,0.050,0.030,0.500,0.010,0.010,0.800,0.200,0.350,0.100,1.000,0.100,0.200,0.040,1.000,0.500,0.800,0.300,0.400
Crop,5427,0.050,0.000,0.050,0.080,0.030,0.050,0.030,0.500,0.010,0.010,0.800,0.200,0.350,0.100,1.000,0.100,0.200,0.040,1.000,0.500,0.800,0.300,0.400
Crop,5426,0.050,0.000,0.050,0.080,0.030,0.050,0.030,0.500,0.010,0.010,0.800,0.200,0.350,0.100,1.000,0.100,0.200,0.040,1.000,0.500,0.800,0.300,0.400
Crop,5425,0.050,0.000,0.050,0.080,0.030,0.050,0.030,0.500,0.010,0.010,0.800,0.200,0.350,0.100,1.000,0.100,0.200,0.040,1.000,0.500,0.800,0.300,0.400
Crop,5424,0.050,0.000,0.050,0.080,0.030,0.050,0.030,0.500,0.010,0.010,0.800,0.200,0.350,0.100,1.000,0.100,0.200,0.040,1.000,0.500,0.800,0.300,0.400
Crop,5423,0.050,0.000,0.050,0.080,0.030,0.050,0.030,0.500,0.010,0.010,0.800,0.200,0.350,0.100,1.000,0.100,0.200,0.040,1.000,0.500,0.800,0.300,0.400
Crop,5422,0.050,0.000,0.050,0.080,0.030,0.050,0.030,0.500,0.010,0.010,0.800,0.200,0.350,0.100,1.000,0.100,0.200,0.040,1.000,0.500,0.800,0.300,0.400
Crop,5421,0.050,0.000,0.050,0.080,0.030,0.050,0.030,0.500,0.010,0.010,0.800,0.200,0.350,0.100,1.000,0.100,0.200,0.040,1.000,0.500,0.800,0.300,0.400
Crop,5420,0.050,0.000,0.050,0.080,0.030,0.050,0.030,0.500,0.010,0.010,0.800,0.200,0.350,0.100,1.000,0.100,0.200,0.040,1.000,0.500,0.800,0.300,0.400
Crop,5419,0.050,0.000,0.050,0.080,0.030,0.050,0.030,0.500,0.010,0.010,0.800,0.200,0.350,0.100,1.000,0.100,0.200,0.040,1.000,0.500,0.800,0.300,0.400
Crop,5418,0.050,0.000,0.050,0.080,0.030,0.050,0.030,0.500,0.010,0.010,0.800,0.200,0.350,0.100,1.000,0.100,0.200,0.040,1.000,0.500,0.800,0.300,0.400
Crop,5417,0.050,0.000,0.050,0.080,0.030,0.050,0.030,0.500,0.010,0.010,0.800,0.200,0.350,0.100,1.000,0.100,0.200,0.040,1.000,0.500,0.800,0.300,0.400
Crop,5416,0.050,0.000,0.050,0.080,0.030,0.050,0.030,0.500,0.010,0.010,0.800,0.200,0.350,0.100,1.000,0.100,0.200,0.040,1.000,0.500,0.800,0.300,0.400
Crop,5415,0.050,0.000,0.050,0.080,0.030,0.050,0.030,0.500,0.010,0.010,0.800,0.200,0.350,0.100,1.000,0.100,0.200,0.040,1.000,0.500,0.800,0.300,0.400
Crop,5414,0.050,0.000,0.050,0.080,0.030,0.050,0.030,0.500,0.010,0.010,0.800,0.200,0.350,0.100,1.000,0.100,0.200,0.040,1.000,0.500,0.800,0.300,0.400
Crop,5413,0.050,0.000,0.050,0.080,0.030,0.050,0.030,0.500,0.010,0.010,0.800,0.200,0.350,0.100,1.000,0.100,0.200,0.040,1.000,0.500,0.800,0.300,0.400
Crop,5411,0.050,0.000,0.050,0.080,0.030,0.050,0.030,0.500,0.010,0.010,0.800,0.200,0.350,0.100,1.000,0.100,0.200,0.040,1.000,0.500,0.800,0.300,0.400
Crop,5330,0.050,0.000,0.050,0.080,0.030,0.050,0.030,0.500,0.010,0.010,0.800,0.200,0.350,0.100,1.000,0.100,0.200,0.040,1.000,0.500,0.800,0.300,0.400
Crop,5384,0.050,0.000,0.050,0.080,0.030,0.050,0.030,0.500,0.010,0.010,0.800,0.200,0.350,0.100,1.000,0.100,0.200,0.040,1.000,0.500,0.800,0.300,0.400
Crop,5382,0.050,0.000,0.050,0.080,0.030,0.050,0.030,0.500,0.010,0.010,0.800,0.200,0.350,0.100,1.000,0.100,0.200,0.040,1.000,0.500,0.800,0.300,0.400
Crop,5354,0.050,0.000,0.050,0.080,0.030,0.050,0.030,0.500,0.010,0.010,0.800,0.200,0.350,0.100,1.000,0.100,0.200,0.040,1.000,0.500,0.800,0.300,0.400
Crop,5353,0.050,0.000,0.050,0.080,0.030,0.050,0.030,0.500,0.010,0.010,0.800,0.200,0.350,0.100,1.000,0.100,0.200,0.040,1.000,0.500,0.800,0.300,0.400
Crop,5352,0.050,0.000,0.050,0.080,0.030,0.050,0.030,0.500,0.010,0.010,0.800,0.200,0.350,0.100,1.000,0.100,0.200,0.040,1.000,0.500,0.800,0.300,0.400
Crop,5351,0.050,0.000,0.050,0.080,0.030,0.050,0.030,0.500,0.010,0.010,0.800,0.200,0.350,0.100,1.000,0.100,0.200,0.040,1.000,0.500,0.800,0.300,0.400
Crop,5350,0.050,0.000,0.050,0.080,0.030,0.050,0.030,0.500,0.010,0.010,0.800,0.200,0.350,0.100,1.000,0.100,0.200,0.040,1.000,0.500,0.800,0.300,0.400
Crop,5349,0.050,0.000,0.050,0.080,0.030,0.050,0.030,0.500,0.010,0.010,0.800,0.200,0.350,0.100,1.000,0.100,0.200,0.040,1.000,0.500,0.800,0.300,0.400
Crop,5348,0.050,0.000,0.050,0.080,0.030,0.050,0.030,0.500,0.010,0.010,0.800,0.200,0.350,0.100,1.000,0.100,0.200,0.040,1.000,0.500,0.800,0.300,0.400
Crop,5347,0.050,0.000,0.050,0.080,0.030,0.050,0.030,0.500,0.010,0.010,0.800,0.200,0.350,0.100,1.000,0.100,0.200,0.040,1.000,0.500,0.800,0.300,0.400
Crop,5346,0.050,0.000,0.050,0.080,0.030,0.050,0.030,0.500,0.010,0.010,0.800,0.200,0.350,0.100,1.000,0.100,0.200,0.040,1.000,0.500,0.800,0.300,0.400
Crop,5345,0.050,0.000,0.050,0.080,0.030,0.050,0.030,0.500,0.010,0.010,0.800,0.200,0.350,0.100,1.000,0.100,0.200,0.040,1.000,0.500,0.800,0.300,0.400
Crop,5344,0.050,0.000,0.050,0.080,0.030,0.050,0.030,0.500,0.010,0.010,0.800,0.200,0.350,0.100,1.000,0.100,0.200,0.040,1.000,0.500,0.800,0.300,0.400
Crop,5343,0.050,0.000,0.050,0.080,0.030,0.050,0.030,0.500,0.010,0.010,0.800,0.200,0.350,0.100,1.000,0.100,0.200,0.040,1.000,0.500,0.800,0.300,0.400
Crop,5342,0.050,0.000,0.050,0.080,0.030,0.050,0.030,0.500,0.010,0.010,0.800,0.200,0.350,0.100,1.000,0.100,0.200,0.040,1.000,0.500,0.800,0.300,0.400
Crop,5341,0.050,0.000,0.050,0.080,0.030,0.050,0.030,0.500,0.010,0.010,0.800,0.200,0.350,0.100,1.000,0.100,0.200,0.040,1.000,0.500,0.800,0.300,0.400
Crop,5340,0.050,0.000,0.050,0.080,0.030,0.050,0.030,0.500,0.010,0.010,0.800,0.200,0.350,0.100,1.000,0.100,0.200,0.040,1.000,0.500,0.800,0.300,0.400
Crop,5339,0.050,0.000,0.050,0.080,0.030,0.050,0.030,0.500,0.010,0.010,0.800,0.200,0.350,0.100,1.000,0.100,0.200,0.040,1.000,0.500,0.800,0.300,0.400
Crop,5338,0.050,0.000,0.050,0.080,0.030,0.050,0.030,0.500,0.010,0.010,0.800,0.200,0.350,0.100,1.000,0.100,0.200,0.040,1.000,0.500,0.800,0.300,0.400
Crop,5337,0.050,0.000,0.050,0.080,0.030,0.050,0.030,0.500,0.010,0.010,0.800,0.200,0.350,0.100,1.000,0.100,0.200,0.040,1.000,0.500,0.800,0.300,0.400
Crop,5336,0.050,0.000,0.050,0.080,0.030,0.050,0.030,0.500,0.010,0.010,0.800,0.200,0.350,0.100,1.000,0.100,0.200,0.040,1.000,0.500,0.800,0.300,0.400
Crop,5335,0.050,0.000,0.050,0.080,0.030,0.050,0.030,0.500,0.010,0.010,0.800,0.200,0.350,0.100,1.000,0.100,0.200,0.040,1.000,0.500,0.800,0.300,0.400
Crop,5334,0.050,0.000,0.050,0.080,0.030,0.050,0.030,0.500,0.010,0.010,0.800,0.200,0.350,0.100,1.000,0.100,0.200,0.040,1.000,0.500,0.800,0.300,0.400
Crop,5333,0.050,0.000,0.050,0.080,0.030,0.050,0.030,0.500,0.010,0.010,0.800,0.200,0.350,0.100,1.000,0.100,0.200,0.040,1.000,0.500,0.800,0.300,0.400
Crop,5332,0.050,0.000,0.050,0.080,0.030,0.050,0.030,0.500,0.010,0.010,0.800,0.200,0.350,0.100,1.000,0.100,0.200,0.040,1.000,0.500,0.800,0.300,0.400
Crop,5355,0.050,0.000,0.050,0.080,0.030,0.050,0.030,0.500,0.010,0.010,0.800,0.200,0.350,0.100,1.000,0.100,0.200,0.040,1.000,0.500,0.800,0.300,0.400
Crop,5383,0.050,0.000,0.050,0.080,0.030,0.050,0.030,0.500,0.010,0.010,0.800,0.200,0.350,0.100,1.000,0.100,0.200,0.040,1.000,0.500,0.800,0.300,0.400
Crop,5356,0.050,0.000,0.050,0.080,0.030,0.050,0.030,0.500,0.010,0.010,0.800,0.200,0.350,0.100,1.000,0.100,0.200,0.040,1.000,0.500,0.800,0.300,0.400
Crop,5358,0.050,0.000,0.050,0.080,0.030,0.050,0.030,0.500,0.010,0.010,0.800,0.200,0.350,0.100,1.000,0.100,0.200,0.040,1.000,0.500,0.800,0.300,0.400
Crop,5381,0.050,0.000,0.050,0.080,0.030,0.050,0.030,0.500,0.010,0.010,0.800,0.200,0.350,0.100,1.000,0.100,0.200,0.040,1.000,0.500,0.800,0.300,0.400
Crop,5380,0.050,0.000,0.050,0.080,0.030,0.050,0.030,0.500,0.010,0.010,0.800,0.200,0.350,0.100,1.000,0.100,0.200,0.040,1.000,0.500,0.800,0.300,0.400
Crop,5379,0.050,0.000,0.050,0.080,0.030,0.050,0.030,0.500,0.010,0.010,0.800,0.200,0.350,0.100,1.000,0.100,0.200,0.040,1.000,0.500,0.800,0.300,0.400
Crop,5378,0.050,0.000,0.050,0.080,0.030,0.050,0.030,0.500,0.010,0.010,0.800,0.200,0.350,0.100,1.000,0.100,0.200,0.040,1.000,0.500,0.800,0.300,0.400
Crop,5377,0.050,0.000,0.050,0.080,0.030,0.050,0.030,0.500,0.010,0.010,0.800,0.200,0.350,0.100,1.000,0.100,0.200,0.040,1.000,0.500,0.800,0.300,0.400
Crop,5376,0.050,0.000,0.050,0.080,0.030,0.050,0.030,0.500,0.010,0.010,0.800,0.200,0.350,0.100,1.000,0.100,0.200,0.040,1.000,0.500,0.800,0.300,0.400
Crop,5375,0.050,0.000,0.050,0.080,0.030,0.050,0.030,0.500,0.010,0.010,0.800,0.200,0.350,0.100,1.000,0.100,0.200,0.040,1.000,0.500,0.800,0.300,0.400
Crop,5374,0.050,0.000,0.050,0.080,0.030,0.050,0.030,0.500,0.010,0.010,0.800,0.200,0.350,0.100,1.000,0.100,0.200,0.040,1.000,0.500,0.800,0.300,0.400
Crop,5373,0.050,0.000,0.050,0.080,0.030,0.050,0.030,0.500,0.010,0.010,0.800,0.200,0.350,0.100,1.000,0.100,0.200,0.040,1.000,0.500,0.800,0.300,0.400
Crop,5372,0.050,0.000,0.050,0.080,0.030,0.050,0.030,0.500,0.010,0.010,0.800,0.200,0.350,0.100,1.000,0.100,0.200,0.040,1.000,0.500,0.800,0.300,0.400
Crop,5371,0.050,0.000,0.050,0.080,0.030,0.050,0.030,0.500,0.010,0.010,0.800,0.200,0.350,0.100,1.000,0.100,0.200,0.040,1.000,0.500,0.800,0.300,0.400
Crop,5370,0.050,0.000,0.050,0.080,0.030,0.050,0.030,0.500,0.010,0.010,0.800,0.200,0.350,0.100,1.000,0.100,0.200,0.040,1.000,0.500,0.800,0.300,0.400
Crop,5369,0.050,0.000,0.050,0.080,0.030,0.050,0.030,0.500,0.010,0.010,0.800,0.200,0.350,0.100,1.000,0.100,0.200,0.040,1.000,0.500,0.800,0.300,0.400
Crop,5368,0.050,0.000,0.050,0.080,0.030,0.050,0.030,0.500,0.010,0.010,0.800,0.200,0.350,0.100,1.000,0.100,0.200,0.040,1.000,0.500,0.800,0.300,0.400
Crop,5367,0.050,0.000,0.050,0.080,0.030,0.050,0.030,0.500,0.010,0.010,0.800,0.200,0.350,0.100,1.000,0.100,0.200,0.040,1.000,0.500,0.800,0.300,0.400
Crop,5366,0.050,0.000,0.050,0.080,0.030,0.050,0.030,0.500,0.010,0.010,0.800,0.200,0.350,0.100,1.000,0.100,0.200,0.040,1.000,0.500,0.800,0.300,0.400
Crop,5365,0.050,0.000,0.050,0.080,0.030,0.050,0.030,0.500,0.010,0.010,0.800,0.200,0.350,0.100,1.000,0.100,0.200,0.040,1.000,0.500,0.800,0.300,0.400
Crop,5364,0.050,0.000,0.050,0.080,0.030,0.050,0.030,0.500,0.010,0.010,0.800,0.200,0.350,0.100,1.000,0.100,0.200,0.040,1.000,0.500,0.800,0.300,0.400
Crop,5363,0.050,0.000,0.050,0.080,0.030,0.050,0.030,0.500,0.010,0.010,0.800,0.200,0.350,0.100,1.000,0.100,0.200,0.040,1.000,0.500,0.800,0.300,0.400
Crop,5362,0.050,0.000,0.050,0.080,0.030,0.050,0.030,0.500,0.010,0.010,0.800,0.200,0.350,0.100,1.000,0.100,0.200,0.040,1.000,0.500,0.800,0.300,0.400
Crop,5361,0.050,0.000,0.050,0.080,0.030,0.050,0.030,0.500,0.010,0.010,0.800,0.200,0.350,0.100,1.000,0.100,0.200,0.040,1.000,0.500,0.800,0.300,0.400
Crop,5360,0.050,0.000,0.050,0.080,0.030,0.050,0.030,0.500,0.010,0.010,0.800,0.200,0.350,0.100,1.000,0.100,0.200,0.040,1.000,0.500,0.800,0.300,0.400
Crop,5359,0.050,0.000,0.050,0.080,0.030,0.050,0.030,0.500,0.010,0.010,0.800,0.200,0.350,0.100,1.000,0.100,0.200,0.040,1.000,0.500,0.800,0.300,0.400
Crop,5357,0.050,0.000,0.050,0.080,0.030,0.050,0.030,0.500,0.010,0.010,0.800,0.200,0.350,0.100,1.000,0.100,0.200,0.040,1.000,0.500,0.800,0.300,0.400
Crop,5222,0.050,0.000,0.050,0.080,0.030,0.050,0.030,0.500,0.010,0.010,0.800,0.200,0.350,0.100,1.000,0.100,0.200,0.040,1.000,0.500,0.800,0.300,0.400
Crop,5221,0.050,0.000,0.050,0.080,0.030,0.050,0.030,0.500,0.010,0.010,0.800,0.200,0.350,0.100,1.000,0.100,0.200,0.040,1.000,0.500,0.800,0.300,0.400
Crop,5220,0.050,0.000,0.050,0.080,0.030,0.050,0.030,0.500,0.010,0.010,0.800,0.200,0.350,0.100,1.000,0.100,0.200,0.040,1.000,0.500,0.800,0.300,0.400
Crop,5083,0.050,0.000,0.050,0.080,0.030,0.050,0.030,0.500,0.010,0.010,0.800,0.200,0.350,0.100,1.000,0.100,0.200,0.040,1.000,0.500,0.800,0.300,0.400
Crop,5082,0.050,0.000,0.050,0.080,0.030,0.050,0.030,0.500,0.010,0.010,0.800,0.200,0.350,0.100,1.000,0.100,0.200,0.040,1.000,0.500,0.800,0.300,0.400
Crop,5081,0.050,0.000,0.050,0.080,0.030,0.050,0.030,0.500,0.010,0.010,0.800,0.200,0.350,0.100,1.000,0.100,0.200,0.040,1.000,0.500,0.800,0.300,0.400
Crop,5080,0.050,0.000,0.050,0.080,0.030,0.050,0.030,0.500,0.010,0.010,0.800,0.200,0.350,0.100,1.000,0.100,0.200,0.040,1.000,0.500,0.800,0.300,0.400
Crop,5079,0.050,0.000,0.050,0.080,0.030,0.050,0.030,0.500,0.010,0.010,0.800,0.200,0.350,0.100,1.000,0.100,0.200,0.040,1.000,0.500,0.800,0.300,0.400
Crop,5078,0.050,0.000,0.050,0.080,0.030,0.050,0.030,0.500,0.010,0.010,0.800,0.200,0.350,0.100,1.000,0.100,0.200,0.040,1.000,0.500,0.800,0.300,0.400
Crop,5077,0.050,0.000,0.050,0.080,0.030,0.050,0.030,0.500,0.010,0.010,0.800,0.200,0.350,0.100,1.000,0.100,0.200,0.040,1.000,0.500,0.800,0.300,0.400
Crop,5076,0.050,0.000,0.050,0.080,0.030,0.050,0.030,0.500,0.010,0.010,0.800,0.200,0.350,0.100,1.000,0.100,0.200,0.040,1.000,0.500,0.800,0.300,0.400
Crop,5075,0.050,0.000,0.050,0.080,0.030,0.050,0.030,0.500,0.010,0.010,0.800,0.200,0.350,0.100,1.000,0.100,0.200,0.040,1.000,0.500,0.800,0.300,0.400
Crop,5074,0.050,0.000,0.050,0.080,0.030,0.050,0.030,0.500,0.010,0.010,0.800,0.200,0.350,0.100,1.000,0.100,0.200,0.040,1.000,0.500,0.800,0.300,0.400
Crop,5073,0.050,0.000,0.050,0.080,0.030,0.050,0.030,0.500,0.010,0.010,0.800,0.200,0.350,0.100,1.000,0.100,0.200,0.040,1.000,0.500,0.800,0.300,0.400
Crop,5072,0.050,0.000,0.050,0.080,0.030,0.050,0.030,0.500,0.010,0.010,0.800,0.200,0.350,0.100,1.000,0.100,0.200,0.040,1.000,0.500,0.800,0.300,0.400
Crop,5071,0.050,0.000,0.050,0.080,0.030,0.050,0.030,0.500,0.010,0.010,0.800,0.200,0.350,0.100,1.000,0.100,0.200,0.040,1.000,0.500,0.800,0.300,0.400
Crop,5070,0.050,0.000,0.050,0.080,0.030,0.050,0.030,0.500,0.010,0.010,0.800,0.200,0.350,0.100,1.000,0.100,0.200,0.040,1.000,0.500,0.800,0.300,0.400
Crop,5069,0.050,0.000,0.050,0.080,0.030,0.050,0.030,0.500,0.010,0.010,0.800,0.200,0.350,0.100,1.000,0.100,0.200,0.040,1.000,0.500,0.800,0.300,0.400
Crop,5068,0.050,0.000,0.050,0.080,0.030,0.050,0.030,0.500,0.010,0.010,0.800,0.200,0.350,0.100,1.000,0.100,0.200,0.040,1.000,0.500,0.800,0.300,0.400
Crop,5067,0.050,0.000,0.050,0.080,0.030,0.050,0.030,0.500,0.010,0.010,0.800,0.200,0.350,0.100,1.000,0.100,0.200,0.040,1.000,0.500,0.800,0.300,0.400
Crop,5066,0.050,0.000,0.050,0.080,0.030,0.050,0.030,0.500,0.010,0.010,0.800,0.200,0.350,0.100,1.000,0.100,0.200,0.040,1.000,0.500,0.800,0.300,0.400
Crop,5065,0.050,0.000,0.050,0.080,0.030,0.050,0.030,0.500,0.010,0.010,0.800,0.200,0.350,0.100,1.000,0.100,0.200,0.040,1.000,0.500,0.800,0.300,0.400
Crop,5064,0.050,0.000,0.050,0.080,0.030,0.050,0.030,0.500,0.010,0.010,0.800,0.200,0.350,0.100,1.000,0.100,0.200,0.040,1.000,0.500,0.800,0.300,0.400
Crop,5063,0.050,0.000,0.050,0.080,0.030,0.050,0.030,0.500,0.010,0.010,0.800,0.200,0.350,0.100,1.000,0.100,0.200,0.040,1.000,0.500,0.800,0.300,0.400
Crop,5062,0.050,0.000,0.050,0.080,0.030,0.050,0.030,0.500,0.010,0.010,0.800,0.200,0.350,0.100,1.000,0.100,0.200,0.040,1.000,0.500,0.800,0.300,0.400
Crop,5061,0.050,0.000,0.050,0.080,0.030,0.050,0.030,0.500,0.010,0.010,0.800,0.200,0.350,0.100,1.000,0.100,0.200,0.040,1.000,0.500,0.800,0.300,0.400
Crop,5084,0.050,0.000,0.050,0.080,0.030,0.050,0.030,0.500,0.010,0.010,0.800,0.200,0.350,0.100,1.000,0.100,0.200,0.040,1.000,0.500,0.800,0.300,0.400
Crop,5060,0.050,0.000,0.050,0.080,0.030,0.050,0.030,0.500,0.010,0.010,0.800,0.200,0.350,0.100,1.000,0.100,0.200,0.040,1.000,0.500,0.800,0.300,0.400
Crop,5085,0.050,0.000,0.050,0.080,0.030,0.050,0.030,0.500,0.010,0.010,0.800,0.200,0.350,0.100,1.000,0.100,0.200,0.040,1.000,0.500,0.800,0.300,0.400
Crop,5087,0.050,0.000,0.050,0.080,0.030,0.050,0.030,0.500,0.010,0.010,0.800,0.200,0.350,0.100,1.000,0.100,0.200,0.040,1.000,0.500,0.800,0.300,0.400
Crop,5110,0.050,0.000,0.050,0.080,0.030,0.050,0.030,0.500,0.010,0.010,0.800,0.200,0.350,0.100,1.000,0.100,0.200,0.040,1.000,0.500,0.800,0.300,0.400
Crop,5109,0.050,0.000,0.050,0.080,0.030,0.050,0.030,0.500,0.010,0.010,0.800,0.200,0.350,0.100,1.000,0.100,0.200,0.040,1.000,0.500,0.800,0.300,0.400
Crop,5108,0.050,0.000,0.050,0.080,0.030,0.050,0.030,0.500,0.010,0.010,0.800,0.200,0.350,0.100,1.000,0.100,0.200,0.040,1.000,0.500,0.800,0.300,0.400
Crop,5107,0.050,0.000,0.050,0.080,0.030,0.050,0.030,0.500,0.010,0.010,0.800,0.200,0.350,0.100,1.000,0.100,0.200,0.040,1.000,0.500,0.800,0.300,0.400
Crop,5106,0.050,0.000,0.050,0.080,0.030,0.050,0.030,0.500,0.010,0.010,0.800,0.200,0.350,0.100,1.000,0.100,0.200,0.040,1.000,0.500,0.800,0.300,0.400
Crop,5105,0.050,0.000,0.050,0.080,0.030,0.050,0.030,0.500,0.010,0.010,0.800,0.200,0.350,0.100,1.000,0.100,0.200,0.040,1.000,0.500,0.800,0.300,0.400
Crop,5104,0.050,0.000,0.050,0.080,0.030,0.050,0.030,0.500,0.010,0.010,0.800,0.200,0.350,0.100,1.000,0.100,0.200,0.040,1.000,0.500,0.800,0.300,0.400
Crop,5103,0.050,0.000,0.050,0.080,0.030,0.050,0.030,0.500,0.010,0.010,0.800,0.200,0.350,0.100,1.000,0.100,0.200,0.040,1.000,0.500,0.800,0.300,0.400
Crop,5102,0.050,0.000,0.050,0.080,0.030,0.050,0.030,0.500,0.010,0.010,0.800,0.200,0.350,0.100,1.000,0.100,0.200,0.040,1.000,0.500,0.800,0.300,0.400
Crop,5101,0.050,0.000,0.050,0.080,0.030,0.050,0.030,0.500,0.010,0.010,0.800,0.200,0.350,0.100,1.000,0.100,0.200,0.040,1.000,0.500,0.800,0.300,0.400
Crop,5100,0.050,0.000,0.050,0.080,0.030,0.050,0.030,0.500,0.010,0.010,0.800,0.200,0.350,0.100,1.000,0.100,0.200,0.040,1.000,0.500,0.800,0.300,0.400
Crop,5099,0.050,0.000,0.050,0.080,0.030,0.050,0.030,0.500,0.010,0.010,0.800,0.200,0.350,0.100,1.000,0.100,0.200,0.040,1.000,0.500,0.800,0.300,0.400
Crop,5098,0.050,0.000,0.050,0.080,0.030,0.050,0.030,0.500,0.010,0.010,0.800,0.200,0.350,0.100,1.000,0.100,0.200,0.040,1.000,0.500,0.800,0.300,0.400
Crop,5097,0.050,0.000,0.050,0.080,0.030,0.050,0.030,0.500,0.010,0.010,0.800,0.200,0.350,0.100,1.000,0.100,0.200,0.040,1.000,0.500,0.800,0.300,0.400
Crop,5096,0.050,0.000,0.050,0.080,0.030,0.050,0.030,0.500,0.010,0.010,0.800,0.200,0.350,0.100,1.000,0.100,0.200,0.040,1.000,0.500,0.800,0.300,0.400
Crop,5095,0.050,0.000,0.050,0.080,0.030,0.050,0.030,0.500,0.010,0.010,0.800,0.200,0.350,0.100,1.000,0.100,0.200,0.040,1.000,0.500,0.800,0.300,0.400
Crop,5094,0.050,0.000,0.050,0.080,0.030,0.050,0.030,0.500,0.010,0.010,0.800,0.200,0.350,0.100,1.000,0.100,0.200,0.040,1.000,0.500,0.800,0.300,0.400
Crop,5093,0.050,0.000,0.050,0.080,0.030,0.050,0.030,0.500,0.010,0.010,0.800,0.200,0.350,0.100,1.000,0.100,0.200,0.040,1.000,0.500,0.800,0.300,0.400
Crop,5092,0.050,0.000,0.050,0.080,0.030,0.050,0.030,0.500,0.010,0.010,0.800,0.200,0.350,0.100,1.000,0.100,0.200,0.040,1.000,0.500,0.800,0.300,0.400
Crop,5091,0.050,0.000,0.050,0.080,0.030,0.050,0.030,0.500,0.010,0.010,0.800,0.200,0.350,0.100,1.000,0.100,0.200,0.040,1.000,0.500,0.800,0.300,0.400
Crop,5090,0.050,0.000,0.050,0.080,0.030,0.050,0.030,0.500,0.010,0.010,0.800,0.200,0.350,0.100,1.000,0.100,0.200,0.040,1.000,0.500,0.800,0.300,0.400
Crop,5089,0.050,0.000,0.050,0.080,0.030,0.050,0.030,0.500,0.010,0.010,0.800,0.200,0.350,0.100,1.000,0.100,0.200,0.040,1.000,0.500,0.800,0.300,0.400
Crop,5088,0.050,0.000,0.050,0.080,0.030,0.050,0.030,0.500,0.010,0.010,0.800,0.200,0.350,0.100,1.000,0.100,0.200,0.040,1.000,0.500,0.800,0.300,0.400
Crop,5086,0.050,0.000,0.050,0.080,0.030,0.050,0.030,0.500,0.010,0.010,0.800,0.200,0.350,0.100,1.000,0.100,0.200,0.040,1.000,0.500,0.800,0.300,0.400
Crop,5111,0.050,0.000,0.050,0.080,0.030,0.050,0.030,0.500,0.010,0.010,0.800,0.200,0.350,0.100,1.000,0.100,0.200,0.040,1.000,0.500,0.800,0.300,0.400
Crop,5059,0.050,0.000,0.050,0.080,0.030,0.050,0.030,0.500,0.010,0.010,0.800,0.200,0.350,0.100,1.000,0.100,0.200,0.040,1.000,0.500,0.800,0.300,0.400
Crop,5057,0.050,0.000,0.050,0.080,0.030,0.050,0.030,0.500,0.010,0.010,0.800,0.200,0.350,0.100,1.000,0.100,0.200,0.040,1.000,0.500,0.800,0.300,0.400
Crop,5029,0.050,0.000,0.050,0.080,0.030,0.050,0.030,0.500,0.010,0.010,0.800,0.200,0.350,0.100,1.000,0.100,0.200,0.040,1.000,0.500,0.800,0.300,0.400
Crop,5028,0.050,0.000,0.050,0.080,0.030,0.050,0.030,0.500,0.010,0.010,0.800,0.200,0.350,0.100,1.000,0.100,0.200,0.040,1.000,0.500,0.800,0.300,0.400
Crop,5027,0.050,0.000,0.050,0.080,0.030,0.050,0.030,0.500,0.010,0.010,0.800,0.200,0.350,0.100,1.000,0.100,0.200,0.040,1.000,0.500,0.800,0.300,0.400
Crop,5026,0.050,0.000,0.050,0.080,0.030,0.050,0.030,0.500,0.010,0.010,0.800,0.200,0.350,0.100,1.000,0.100,0.200,0.040,1.000,0.500,0.800,0.300,0.400
Crop,5025,0.050,0.000,0.050,0.080,0.030,0.050,0.030,0.500,0.010,0.010,0.800,0.200,0.350,0.100,1.000,0.100,0.200,0.040,1.000,0.500,0.800,0.300,0.400
Crop,5024,0.050,0.000,0.050,0.080,0.030,0.050,0.030,0.500,0.010,0.010,0.800,0.200,0.350,0.100,1.000,0.100,0.200,0.040,1.000,0.500,0.800,0.300,0.400
Crop,5023,0.050,0.000,0.050,0.080,0.030,0.050,0.030,0.500,0.010,0.010,0.800,0.200,0.350,0.100,1.000,0.100,0.200,0.040,1.000,0.500,0.800,0.300,0.400
Crop,5022,0.050,0.000,0.050,0.080,0.030,0.050,0.030,0.500,0.010,0.010,0.800,0.200,0.350,0.100,1.000,0.100,0.200,0.040,1.000,0.500,0.800,0.300,0.400
Crop,5021,0.050,0.000,0.050,0.080,0.030,0.050,0.030,0.500,0.010,0.010,0.800,0.200,0.350,0.100,1.000,0.100,0.200,0.040,1.000,0.500,0.800,0.300,0.400
Crop,5020,0.050,0.000,0.050,0.080,0.030,0.050,0.030,0.500,0.010,0.010,0.800,0.200,0.350,0.100,1.000,0.100,0.200,0.040,1.000,0.500,0.800,0.300,0.400
Crop,5019,0.050,0.000,0.050,0.080,0.030,0.050,0.030,0.500,0.010,0.010,0.800,0.200,0.350,0.100,1.000,0.100,0.200,0.040,1.000,0.500,0.800,0.300,0.400
Crop,5018,0.050,0.000,0.050,0.080,0.030,0.050,0.030,0.500,0.010,0.010,0.800,0.200,0.350,0.100,1.000,0.100,0.200,0.040,1.000,0.500,0.800,0.300,0.400
Crop,5017,0.050,0.000,0.050,0.080,0.030,0.050,0.030,0.500,0.010,0.010,0.800,0.200,0.350,0.100,1.000,0.100,0.200,0.040,1.000,0.500,0.800,0.300,0.400
Crop,5016,0.050,0.000,0.050,0.080,0.030,0.050,0.030,0.500,0.010,0.010,0.800,0.200,0.350,0.100,1.000,0.100,0.200,0.040,1.000,0.500,0.800,0.300,0.400
Crop,5015,0.050,0.000,0.050,0.080,0.030,0.050,0.030,0.500,0.010,0.010,0.800,0.200,0.350,0.100,1.000,0.100,0.200,0.040,1.000,0.500,0.800,0.300,0.400
Crop,5014,0.050,0.000,0.050,0.080,0.030,0.050,0.030,0.500,0.010,0.010,0.800,0.200,0.350,0.100,1.000,0.100,0.200,0.040,1.000,0.500,0.800,0.300,0.400
Crop,5013,0.050,0.000,0.050,0.080,0.030,0.050,0.030,0.500,0.010,0.010,0.800,0.200,0.350,0.100,1.000,0.100,0.200,0.040,1.000,0.500,0.800,0.300,0.400
Crop,5012,0.050,0.000,0.050,0.080,0.030,0.050,0.030,0.500,0.010,0.010,0.800,0.200,0.350,0.100,1.000,0.100,0.200,0.040,1.000,0.500,0.800,0.300,0.400
Crop,5011,0.050,0.000,0.050,0.080,0.030,0.050,0.030,0.500,0.010,0.010,0.800,0.200,0.350,0.100,1.000,0.100,0.200,0.040,1.000,0.500,0.800,0.300,0.400
Crop,5010,0.050,0.000,0.050,0.080,0.030,0.050,0.030,0.500,0.010,0.010,0.800,0.200,0.350,0.100,1.000,0.100,0.200,0.040,1.000,0.500,0.800,0.300,0.400
Crop,5009,0.050,0.000,0.050,0.080,0.030,0.050,0.030,0.500,0.010,0.010,0.800,0.200,0.350,0.100,1.000,0.100,0.200,0.040,1.000,0.500,0.800,0.300,0.400
Crop,5008,0.050,0.000,0.050,0.080,0.030,0.050,0.030,0.500,0.010,0.010,0.800,0.200,0.350,0.100,1.000,0.100,0.200,0.040,1.000,0.500,0.800,0.300,0.400
Crop,5007,0.050,0.000,0.050,0.080,0.030,0.050,0.030,0.500,0.010,0.010,0.800,0.200,0.350,0.100,1.000,0.100,0.200,0.040,1.000,0.500,0.800,0.300,0.400
Crop,5030,0.050,0.000,0.050,0.080,0.030,0.050,0.030,0.500,0.010,0.010,0.800,0.200,0.350,0.100,1.000,0.100,0.200,0.040,1.000,0.500,0.800,0.300,0.400
Crop,5058,0.050,0.000,0.050,0.080,0.030,0.050,0.030,0.500,0.010,0.010,0.800,0.200,0.350,0.100,1.000,0.100,0.200,0.040,1.000,0.500,0.800,0.300,0.400
Crop,5031,0.050,0.000,0.050,0.080,0.030,0.050,0.030,0.500,0.010,0.010,0.800,0.200,0.350,0.100,1.000,0.100,0.200,0.040,1.000,0.500,0.800,0.300,0.400
Crop,5033,0.050,0.000,0.050,0.080,0.030,0.050,0.030,0.500,0.010,0.010,0.800,0.200,0.350,0.100,1.000,0.100,0.200,0.040,1.000,0.500,0.800,0.300,0.400
Crop,5056,0.050,0.000,0.050,0.080,0.030,0.050,0.030,0.500,0.010,0.010,0.800,0.200,0.350,0.100,1.000,0.100,0.200,0.040,1.000,0.500,0.800,0.300,0.400
Crop,5055,0.050,0.000,0.050,0.080,0.030,0.050,0.030,0.500,0.010,0.010,0.800,0.200,0.350,0.100,1.000,0.100,0.200,0.040,1.000,0.500,0.800,0.300,0.400
Crop,5054,0.050,0.000,0.050,0.080,0.030,0.050,0.030,0.500,0.010,0.010,0.800,0.200,0.350,0.100,1.000,0.100,0.200,0.040,1.000,0.500,0.800,0.300,0.400
Crop,5053,0.050,0.000,0.050,0.080,0.030,0.050,0.030,0.500,0.010,0.010,0.800,0.200,0.350,0.100,1.000,0.100,0.200,0.040,1.000,0.500,0.800,0.300,0.400
Crop,5052,0.050,0.000,0.050,0.080,0.030,0.050,0.030,0.500,0.010,0.010,0.800,0.200,0.350,0.100,1.000,0.100,0.200,0.040,1.000,0.500,0.800,0.300,0.400
Crop,5051,0.050,0.000,0.050,0.080,0.030,0.050,0.030,0.500,0.010,0.010,0.800,0.200,0.350,0.100,1.000,0.100,0.200,0.040,1.000,0.500,0.800,0.300,0.400
Crop,5050,0.050,0.000,0.050,0.080,0.030,0.050,0.030,0.500,0.010,0.010,0.800,0.200,0.350,0.100,1.000,0.100,0.200,0.040,1.000,0.500,0.800,0.300,0.400
Crop,5049,0.050,0.000,0.050,0.080,0.030,0.050,0.030,0.500,0.010,0.010,0.800,0.200,0.350,0.100,1.000,0.100,0.200,0.040,1.000,0.500,0.800,0.300,0.400
Crop,5048,0.050,0.000,0.050,0.080,0.030,0.050,0.030,0.500,0.010,0.010,0.800,0.200,0.350,0.100,1.000,0.100,0.200,0.040,1.000,0.500,0.800,0.300,0.400
Crop,5047,0.050,0.000,0.050,0.080,0.030,0.050,0.030,0.500,0.010,0.010,0.800,0.200,0.350,0.100,1.000,0.100,0.200,0.040,1.000,0.500,0.800,0.300,0.400
Crop,5046,0.050,0.000,0.050,0.080,0.030,0.050,0.030,0.500,0.010,0.010,0.800,0.200,0.350,0.100,1.000,0.100,0.200,0.040,1.000,0.500,0.800,0.300,0.400
Crop,5045,0.050,0.000,0.050,0.080,0.030,0.050,0.030,0.500,0.010,0.010,0.800,0.200,0.350,0.100,1.000,0.100,0.200,0.040,1.000,0.500,0.800,0.300,0.400
Crop,5044,0.050,0.000,0.050,0.080,0.030,0.050,0.030,0.500,0.010,0.010,0.800,0.200,0.350,0.100,1.000,0.100,0.200,0.040,1.000,0.500,0.800,0.300,0.400
Crop,5043,0.050,0.000,0.050,0.080,0.030,0.050,0.030,0.500,0.010,0.010,0.800,0.200,0.350,0.100,1.000,0.100,0.200,0.040,1.000,0.500,0.800,0.300,0.400
Crop,5042,0.050,0.000,0.050,0.080,0.030,0.050,0.030,0.500,0.010,0.010,0.800,0.200,0.350,0.100,1.000,0.100,0.200,0.040,1.000,0.500,0.800,0.300,0.400
Crop,5041,0.050,0.000,0.050,0.080,0.030,0.050,0.030,0.500,0.010,0.010,0.800,0.200,0.350,0.100,1.000,0.100,0.200,0.040,1.000,0.500,0.800,0.300,0.400
Crop,5040,0.050,0.000,0.050,0.080,0.030,0.050,0.030,0.500,0.010,0.010,0.800,0.200,0.350,0.100,1.000,0.100,0.200,0.040,1.000,0.500,0.800,0.300,0.400
Crop,5039,0.050,0.000,0.050,0.080,0.030,0.050,0.030,0.500,0.010,0.010,0.800,0.200,0.350,0.100,1.000,0.100,0.200,0.040,1.000,0.500,0.800,0.300,0.400
Crop,5038,0.050,0.000,0.050,0.080,0.030,0.050,0.030,0.500,0.010,0.010,0.800,0.200,0.350,0.100,1.000,0.100,0.200,0.040,1.000,0.500,0.800,0.300,0.400
Crop,5037,0.050,0.000,0.050,0.080,0.030,0.050,0.030,0.500,0.010,0.010,0.800,0.200,0.350,0.100,1.000,0.100,0.200,0.040,1.000,0.500,0.800,0.300,0.400
Crop,5036,0.050,0.000,0.050,0.080,0.030,0.050,0.030,0.500,0.010,0.010,0.800,0.200,0.350,0.100,1.000,0.100,0.200,0.040,1.000,0.500,0.800,0.300,0.400
Crop,5035,0.050,0.000,0.050,0.080,0.030,0.050,0.030,0.500,0.010,0.010,0.800,0.200,0.350,0.100,1.000,0.100,0.200,0.040,1.000,0.500,0.800,0.300,0.400
Crop,5034,0.050,0.000,0.050,0.080,0.030,0.050,0.030,0.500,0.010,0.010,0.800,0.200,0.350,0.100,1.000,0.100,0.200,0.040,1.000,0.500,0.800,0.300,0.400
Crop,5032,0.050,0.000,0.050,0.080,0.030,0.050,0.030,0.500,0.010,0.010,0.800,0.200,0.350,0.100,1.000,0.100,0.200,0.040,1.000,0.500,0.800,0.300,0.400
Crop,5112,0.050,0.000,0.050,0.080,0.030,0.050,0.030,0.500,0.010,0.010,0.800,0.200,0.350,0.100,1.000,0.100,0.200,0.040,1.000,0.500,0.800,0.300,0.400
Crop,5113,0.050,0.000,0.050,0.080,0.030,0.050,0.030,0.500,0.010,0.010,0.800,0.200,0.350,0.100,1.000,0.100,0.200,0.040,1.000,0.500,0.800,0.300,0.400
Crop,5114,0.050,0.000,0.050,0.080,0.030,0.050,0.030,0.500,0.010,0.010,0.800,0.200,0.350,0.100,1.000,0.100,0.200,0.040,1.000,0.500,0.800,0.300,0.400
Crop,5192,0.050,0.000,0.050,0.080,0.030,0.050,0.030,0.500,0.010,0.010,0.800,0.200,0.350,0.100,1.000,0.100,0.200,0.040,1.000,0.500,0.800,0.300,0.400
Crop,5191,0.050,0.000,0.050,0.080,0.030,0.050,0.030,0.500,0.010,0.010,0.800,0.200,0.350,0.100,1.000,0.100,0.200,0.040,1.000,0.500,0.800,0.300,0.400
Crop,5190,0.050,0.000,0.050,0.080,0.030,0.050,0.030,0.500,0.010,0.010,0.800,0.200,0.350,0.100,1.000,0.100,0.200,0.040,1.000,0.500,0.800,0.300,0.400
Crop,5189,0.050,0.000,0.050,0.080,0.030,0.050,0.030,0.500,0.010,0.010,0.800,0.200,0.350,0.100,1.000,0.100,0.200,0.040,1.000,0.500,0.800,0.300,0.400
Crop,5188,0.050,0.000,0.050,0.080,0.030,0.050,0.030,0.500,0.010,0.010,0.800,0.200,0.350,0.100,1.000,0.100,0.200,0.040,1.000,0.500,0.800,0.300,0.400
Crop,5187,0.050,0.000,0.050,0.080,0.030,0.050,0.030,0.500,0.010,0.010,0.800,0.200,0.350,0.100,1.000,0.100,0.200,0.040,1.000,0.500,0.800,0.300,0.400
Crop,5186,0.050,0.000,0.050,0.080,0.030,0.050,0.030,0.500,0.010,0.010,0.800,0.200,0.350,0.100,1.000,0.100,0.200,0.040,1.000,0.500,0.800,0.300,0.400
Crop,5185,0.050,0.000,0.050,0.080,0.030,0.050,0.030,0.500,0.010,0.010,0.800,0.200,0.350,0.100,1.000,0.100,0.200,0.040,1.000,0.500,0.800,0.300,0.400
Crop,5184,0.050,0.000,0.050,0.080,0.030,0.050,0.030,0.500,0.010,0.010,0.800,0.200,0.350,0.100,1.000,0.100,0.200,0.040,1.000,0.500,0.800,0.300,0.400
Crop,5183,0.050,0.000,0.050,0.080,0.030,0.050,0.030,0.500,0.010,0.010,0.800,0.200,0.350,0.100,1.000,0.100,0.200,0.040,1.000,0.500,0.800,0.300,0.400
Crop,5182,0.050,0.000,0.050,0.080,0.030,0.050,0.030,0.500,0.010,0.010,0.800,0.200,0.350,0.100,1.000,0.100,0.200,0.040,1.000,0.500,0.800,0.300,0.400
Crop,5181,0.050,0.000,0.050,0.080,0.030,0.050,0.030,0.500,0.010,0.010,0.800,0.200,0.350,0.100,1.000,0.100,0.200,0.040,1.000,0.500,0.800,0.300,0.400
Crop,5180,0.050,0.000,0.050,0.080,0.030,0.050,0.030,0.500,0.010,0.010,0.800,0.200,0.350,0.100,1.000,0.100,0.200,0.040,1.000,0.500,0.800,0.300,0.400
Crop,5179,0.050,0.000,0.050,0.080,0.030,0.050,0.030,0.500,0.010,0.010,0.800,0.200,0.350,0.100,1.000,0.100,0.200,0.040,1.000,0.500,0.800,0.300,0.400
Crop,5178,0.050,0.000,0.050,0.080,0.030,0.050,0.030,0.500,0.010,0.010,0.800,0.200,0.350,0.100,1.000,0.100,0.200,0.040,1.000,0.500,0.800,0.300,0.400
Crop,5177,0.050,0.000,0.050,0.080,0.030,0.050,0.030,0.500,0.010,0.010,0.800,0.200,0.350,0.100,1.000,0.100,0.200,0.040,1.000,0.500,0.800,0.300,0.400
Crop,5176,0.050,0.000,0.050,0.080,0.030,0.050,0.030,0.500,0.010,0.010,0.800,0.200,0.350,0.100,1.000,0.100,0.200,0.040,1.000,0.500,0.800,0.300,0.400
Crop,5175,0.050,0.000,0.050,0.080,0.030,0.050,0.030,0.500,0.010,0.010,0.800,0.200,0.350,0.100,1.000,0.100,0.200,0.040,1.000,0.500,0.800,0.300,0.400
Crop,5174,0.050,0.000,0.050,0.080,0.030,0.050,0.030,0.500,0.010,0.010,0.800,0.200,0.350,0.100,1.000,0.100,0.200,0.040,1.000,0.500,0.800,0.300,0.400
Crop,5173,0.050,0.000,0.050,0.080,0.030,0.050,0.030,0.500,0.010,0.010,0.800,0.200,0.350,0.100,1.000,0.100,0.200,0.040,1.000,0.500,0.800,0.300,0.400
Crop,5172,0.050,0.000,0.050,0.080,0.030,0.050,0.030,0.500,0.010,0.010,0.800,0.200,0.350,0.100,1.000,0.100,0.200,0.040,1.000,0.500,0.800,0.300,0.400
Crop,5171,0.050,0.000,0.050,0.080,0.030,0.050,0.030,0.500,0.010,0.010,0.800,0.200,0.350,0.100,1.000,0.100,0.200,0.040,1.000,0.500,0.800,0.300,0.400
Crop,5170,0.050,0.000,0.050,0.080,0.030,0.050,0.030,0.500,0.010,0.010,0.800,0.200,0.350,0.100,1.000,0.100,0.200,0.040,1.000,0.500,0.800,0.300,0.400
Crop,5193,0.050,0.000,0.050,0.080,0.030,0.050,0.030,0.500,0.010,0.010,0.800,0.200,0.350,0.100,1.000,0.100,0.200,0.040,1.000,0.500,0.800,0.300,0.400
Crop,5169,0.050,0.000,0.050,0.080,0.030,0.050,0.030,0.500,0.010,0.010,0.800,0.200,0.350,0.100,1.000,0.100,0.200,0.040,1.000,0.500,0.800,0.300,0.400
Crop,5194,0.050,0.000,0.050,0.080,0.030,0.050,0.030,0.500,0.010,0.010,0.800,0.200,0.350,0.100,1.000,0.100,0.200,0.040,1.000,0.500,0.800,0.300,0.400
Crop,5196,0.050,0.000,0.050,0.080,0.030,0.050,0.030,0.500,0.010,0.010,0.800,0.200,0.350,0.100,1.000,0.100,0.200,0.040,1.000,0.500,0.800,0.300,0.400
Crop,5219,0.050,0.000,0.050,0.080,0.030,0.050,0.030,0.500,0.010,0.010,0.800,0.200,0.350,0.100,1.000,0.100,0.200,0.040,1.000,0.500,0.800,0.300,0.400
Crop,5218,0.050,0.000,0.050,0.080,0.030,0.050,0.030,0.500,0.010,0.010,0.800,0.200,0.350,0.100,1.000,0.100,0.200,0.040,1.000,0.500,0.800,0.300,0.400
Crop,5217,0.050,0.000,0.050,0.080,0.030,0.050,0.030,0.500,0.010,0.010,0.800,0.200,0.350,0.100,1.000,0.100,0.200,0.040,1.000,0.500,0.800,0.300,0.400
Crop,5216,0.050,0.000,0.050,0.080,0.030,0.050,0.030,0.500,0.010,0.010,0.800,0.200,0.350,0.100,1.000,0.100,0.200,0.040,1.000,0.500,0.800,0.300,0.400
Crop,5215,0.050,0.000,0.050,0.080,0.030,0.050,0.030,0.500,0.010,0.010,0.800,0.200,0.350,0.100,1.000,0.100,0.200,0.040,1.000,0.500,0.800,0.300,0.400
Crop,5214,0.050,0.000,0.050,0.080,0.030,0.050,0.030,0.500,0.010,0.010,0.800,0.200,0.350,0.100,1.000,0.100,0.200,0.040,1.000,0.500,0.800,0.300,0.400
Crop,5213,0.050,0.000,0.050,0.080,0.030,0.050,0.030,0.500,0.010,0.010,0.800,0.200,0.350,0.100,1.000,0.100,0.200,0.040,1.000,0.500,0.800,0.300,0.400
Crop,5212,0.050,0.000,0.050,0.080,0.030,0.050,0.030,0.500,0.010,0.010,0.800,0.200,0.350,0.100,1.000,0.100,0.200,0.040,1.000,0.500,0.800,0.300,0.400
Crop,5211,0.050,0.000,0.050,0.080,0.030,0.050,0.030,0.500,0.010,0.010,0.800,0.200,0.350,0.100,1.000,0.100,0.200,0.040,1.000,0.500,0.800,0.300,0.400
Crop,5210,0.050,0.000,0.050,0.080,0.030,0.050,0.030,0.500,0.010,0.010,0.800,0.200,0.350,0.100,1.000,0.100,0.200,0.040,1.000,0.500,0.800,0.300,0.400
Crop,5209,0.050,0.000,0.050,0.080,0.030,0.050,0.030,0.500,0.010,0.010,0.800,0.200,0.350,0.100,1.000,0.100,0.200,0.040,1.000,0.500,0.800,0.300,0.400
Crop,5208,0.050,0.000,0.050,0.080,0.030,0.050,0.030,0.500,0.010,0.010,0.800,0.200,0.350,0.100,1.000,0.100,0.200,0.040,1.000,0.500,0.800,0.300,0.400
Crop,5207,0.050,0.000,0.050,0.080,0.030,0.050,0.030,0.500,0.010,0.010,0.800,0.200,0.350,0.100,1.000,0.100,0.200,0.040,1.000,0.500,0.800,0.300,0.400
Crop,5206,0.050,0.000,0.050,0.080,0.030,0.050,0.030,0.500,0.010,0.010,0.800,0.200,0.350,0.100,1.000,0.100,0.200,0.040,1.000,0.500,0.800,0.300,0.400
Crop,5205,0.050,0.000,0.050,0.080,0.030,0.050,0.030,0.500,0.010,0.010,0.800,0.200,0.350,0.100,1.000,0.100,0.200,0.040,1.000,0.500,0.800,0.300,0.400
Crop,5204,0.050,0.000,0.050,0.080,0.030,0.050,0.030,0.500,0.010,0.010,0.800,0.200,0.350,0.100,1.000,0.100,0.200,0.040,1.000,0.500,0.800,0.300,0.400
Crop,5203,0.050,0.000,0.050,0.080,0.030,0.050,0.030,0.500,0.010,0.010,0.800,0.200,0.350,0.100,1.000,0.100,0.200,0.040,1.000,0.500,0.800,0.300,0.400
Crop,5202,0.050,0.000,0.050,0.080,0.030,0.050,0.030,0.500,0.010,0.010,0.800,0.200,0.350,0.100,1.000,0.100,0.200,0.040,1.000,0.500,0.800,0.300,0.400
Crop,5201,0.050,0.000,0.050,0.080,0.030,0.050,0.030,0.500,0.010,0.010,0.800,0.200,0.350,0.100,1.000,0.100,0.200,0.040,1.000,0.500,0.800,0.300,0.400
Crop,5200,0.050,0.000,0.050,0.080,0.030,0.050,0.030,0.500,0.010,0.010,0.800,0.200,0.350,0.100,1.000,0.100,0.200,0.040,1.000,0.500,0.800,0.300,0.400
Crop,5199,0.050,0.000,0.050,0.080,0.030,0.050,0.030,0.500,0.010,0.010,0.800,0.200,0.350,0.100,1.000,0.100,0.200,0.040,1.000,0.500,0.800,0.300,0.400
Crop,5198,0.050,0.000,0.050,0.080,0.030,0.050,0.030,0.500,0.010,0.010,0.800,0.200,0.350,0.100,1.000,0.100,0.200,0.040,1.000,0.500,0.800,0.300,0.400
Crop,5197,0.050,0.000,0.050,0.080,0.030,0.050,0.030,0.500,0.010,0.010,0.800,0.200,0.350,0.100,1.000,0.100,0.200,0.040,1.000,0.500,0.800,0.300,0.400
Crop,5195,0.050,0.000,0.050,0.080,0.030,0.050,0.030,0.500,0.010,0.010,0.800,0.200,0.350,0.100,1.000,0.100,0.200,0.040,1.000,0.500,0.800,0.300,0.400
Crop,5168,0.050,0.000,0.050,0.080,0.030,0.050,0.030,0.500,0.010,0.010,0.800,0.200,0.350,0.100,1.000,0.100,0.200,0.040,1.000,0.500,0.800,0.300,0.400
Crop,5167,0.050,0.000,0.050,0.080,0.030,0.050,0.030,0.500,0.010,0.010,0.800,0.200,0.350,0.100,1.000,0.100,0.200,0.040,1.000,0.500,0.800,0.300,0.400
Crop,5166,0.050,0.000,0.050,0.080,0.030,0.050,0.030,0.500,0.010,0.010,0.800,0.200,0.350,0.100,1.000,0.100,0.200,0.040,1.000,0.500,0.800,0.300,0.400
Crop,5137,0.050,0.000,0.050,0.080,0.030,0.050,0.030,0.500,0.010,0.010,0.800,0.200,0.350,0.100,1.000,0.100,0.200,0.040,1.000,0.500,0.800,0.300,0.400
Crop,5136,0.050,0.000,0.050,0.080,0.030,0.050,0.030,0.500,0.010,0.010,0.800,0.200,0.350,0.100,1.000,0.100,0.200,0.040,1.000,0.500,0.800,0.300,0.400
Crop,5135,0.050,0.000,0.050,0.080,0.030,0.050,0.030,0.500,0.010,0.010,0.800,0.200,0.350,0.100,1.000,0.100,0.200,0.040,1.000,0.500,0.800,0.300,0.400
Crop,5134,0.050,0.000,0.050,0.080,0.030,0.050,0.030,0.500,0.010,0.010,0.800,0.200,0.350,0.100,1.000,0.100,0.200,0.040,1.000,0.500,0.800,0.300,0.400
Crop,5133,0.050,0.000,0.050,0.080,0.030,0.050,0.030,0.500,0.010,0.010,0.800,0.200,0.350,0.100,1.000,0.100,0.200,0.040,1.000,0.500,0.800,0.300,0.400
Crop,5132,0.050,0.000,0.050,0.080,0.030,0.050,0.030,0.500,0.010,0.010,0.800,0.200,0.350,0.100,1.000,0.100,0.200,0.040,1.000,0.500,0.800,0.300,0.400
Crop,5131,0.050,0.000,0.050,0.080,0.030,0.050,0.030,0.500,0.010,0.010,0.800,0.200,0.350,0.100,1.000,0.100,0.200,0.040,1.000,0.500,0.800,0.300,0.400
Crop,5130,0.050,0.000,0.050,0.080,0.030,0.050,0.030,0.500,0.010,0.010,0.800,0.200,0.350,0.100,1.000,0.100,0.200,0.040,1.000,0.500,0.800,0.300,0.400
Crop,5129,0.050,0.000,0.050,0.080,0.030,0.050,0.030,0.500,0.010,0.010,0.800,0.200,0.350,0.100,1.000,0.100,0.200,0.040,1.000,0.500,0.800,0.300,0.400
Crop,5128,0.050,0.000,0.050,0.080,0.030,0.050,0.030,0.500,0.010,0.010,0.800,0.200,0.350,0.100,1.000,0.100,0.200,0.040,1.000,0.500,0.800,0.300,0.400
Crop,5127,0.050,0.000,0.050,0.080,0.030,0.050,0.030,0.500,0.010,0.010,0.800,0.200,0.350,0.100,1.000,0.100,0.200,0.040,1.000,0.500,0.800,0.300,0.400
Crop,5126,0.050,0.000,0.050,0.080,0.030,0.050,0.030,0.500,0.010,0.010,0.800,0.200,0.350,0.100,1.000,0.100,0.200,0.040,1.000,0.500,0.800,0.300,0.400
Crop,5125,0.050,0.000,0.050,0.080,0.030,0.050,0.030,0.500,0.010,0.010,0.800,0.200,0.350,0.100,1.000,0.100,0.200,0.040,1.000,0.500,0.800,0.300,0.400
Crop,5124,0.050,0.000,0.050,0.080,0.030,0.050,0.030,0.500,0.010,0.010,0.800,0.200,0.350,0.100,1.000,0.100,0.200,0.040,1.000,0.500,0.800,0.300,0.400
Crop,5123,0.050,0.000,0.050,0.080,0.030,0.050,0.030,0.500,0.010,0.010,0.800,0.200,0.350,0.100,1.000,0.100,0.200,0.040,1.000,0.500,0.800,0.300,0.400
Crop,5122,0.050,0.000,0.050,0.080,0.030,0.050,0.030,0.500,0.010,0.010,0.800,0.200,0.350,0.100,1.000,0.100,0.200,0.040,1.000,0.500,0.800,0.300,0.400
Crop,5121,0.050,0.000,0.050,0.080,0.030,0.050,0.030,0.500,0.010,0.010,0.800,0.200,0.350,0.100,1.000,0.100,0.200,0.040,1.000,0.500,0.800,0.300,0.400
Crop,5120,0.050,0.000,0.050,0.080,0.030,0.050,0.030,0.500,0.010,0.010,0.800,0.200,0.350,0.100,1.000,0.100,0.200,0.040,1.000,0.500,0.800,0.300,0.400
Crop,5119,0.050,0.000,0.050,0.080,0.030,0.050,0.030,0.500,0.010,0.010,0.800,0.200,0.350,0.100,1.000,0.100,0.200,0.040,1.000,0.500,0.800,0.300,0.400
Crop,5118,0.050,0.000,0.050,0.080,0.030,0.050,0.030,0.500,0.010,0.010,0.800,0.200,0.350,0.100,1.000,0.100,0.200,0.040,1.000,0.500,0.800,0.300,0.400
Crop,5117,0.050,0.000,0.050,0.080,0.030,0.050,0.030,0.500,0.010,0.010,0.800,0.200,0.350,0.100,1.000,0.100,0.200,0.040,1.000,0.500,0.800,0.300,0.400
Crop,5116,0.050,0.000,0.050,0.080,0.030,0.050,0.030,0.500,0.010,0.010,0.800,0.200,0.350,0.100,1.000,0.100,0.200,0.040,1.000,0.500,0.800,0.300,0.400
Crop,5115,0.050,0.000,0.050,0.080,0.030,0.050,0.030,0.500,0.010,0.010,0.800,0.200,0.350,0.100,1.000,0.100,0.200,0.040,1.000,0.500,0.800,0.300,0.400
Crop,5138,0.050,0.000,0.050,0.080,0.030,0.050,0.030,0.500,0.010,0.010,0.800,0.200,0.350,0.100,1.000,0.100,0.200,0.040,1.000,0.500,0.800,0.300,0.400
Crop,5139,0.050,0.000,0.050,0.080,0.030,0.050,0.030,0.500,0.010,0.010,0.800,0.200,0.350,0.100,1.000,0.100,0.200,0.040,1.000,0.500,0.800,0.300,0.400
Crop,5140,0.050,0.000,0.050,0.080,0.030,0.050,0.030,0.500,0.010,0.010,0.800,0.200,0.350,0.100,1.000,0.100,0.200,0.040,1.000,0.500,0.800,0.300,0.400
Crop,5141,0.050,0.000,0.050,0.080,0.030,0.050,0.030,0.500,0.010,0.010,0.800,0.200,0.350,0.100,1.000,0.100,0.200,0.040,1.000,0.500,0.800,0.300,0.400
Crop,5165,0.050,0.000,0.050,0.080,0.030,0.050,0.030,0.500,0.010,0.010,0.800,0.200,0.350,0.100,1.000,0.100,0.200,0.040,1.000,0.500,0.800,0.300,0.400
Crop,5164,0.050,0.000,0.050,0.080,0.030,0.050,0.030,0.500,0.010,0.010,0.800,0.200,0.350,0.100,1.000,0.100,0.200,0.040,1.000,0.500,0.800,0.300,0.400
Crop,5163,0.050,0.000,0.050,0.080,0.030,0.050,0.030,0.500,0.010,0.010,0.800,0.200,0.350,0.100,1.000,0.100,0.200,0.040,1.000,0.500,0.800,0.300,0.400
Crop,5162,0.050,0.000,0.050,0.080,0.030,0.050,0.030,0.500,0.010,0.010,0.800,0.200,0.350,0.100,1.000,0.100,0.200,0.040,1.000,0.500,0.800,0.300,0.400
Crop,5161,0.050,0.000,0.050,0.080,0.030,0.050,0.030,0.500,0.010,0.010,0.800,0.200,0.350,0.100,1.000,0.100,0.200,0.040,1.000,0.500,0.800,0.300,0.400
Crop,5160,0.050,0.000,0.050,0.080,0.030,0.050,0.030,0.500,0.010,0.010,0.800,0.200,0.350,0.100,1.000,0.100,0.200,0.040,1.000,0.500,0.800,0.300,0.400
Crop,5159,0.050,0.000,0.050,0.080,0.030,0.050,0.030,0.500,0.010,0.010,0.800,0.200,0.350,0.100,1.000,0.100,0.200,0.040,1.000,0.500,0.800,0.300,0.400
Crop,5158,0.050,0.000,0.050,0.080,0.030,0.050,0.030,0.500,0.010,0.010,0.800,0.200,0.350,0.100,1.000,0.100,0.200,0.040,1.000,0.500,0.800,0.300,0.400
Crop,5157,0.050,0.000,0.050,0.080,0.030,0.050,0.030,0.500,0.010,0.010,0.800,0.200,0.350,0.100,1.000,0.100,0.200,0.040,1.000,0.500,0.800,0.300,0.400
Crop,5156,0.050,0.000,0.050,0.080,0.030,0.050,0.030,0.500,0.010,0.010,0.800,0.200,0.350,0.100,1.000,0.100,0.200,0.040,1.000,0.500,0.800,0.300,0.400
Crop,5155,0.050,0.000,0.050,0.080,0.030,0.050,0.030,0.500,0.010,0.010,0.800,0.200,0.350,0.100,1.000,0.100,0.200,0.040,1.000,0.500,0.800,0.300,0.400
Crop,5437,0.050,0.000,0.050,0.080,0.030,0.050,0.030,0.500,0.010,0.010,0.800,0.200,0.350,0.100,1.000,0.100,0.200,0.040,1.000,0.500,0.800,0.300,0.400
Crop,5154,0.050,0.000,0.050,0.080,0.030,0.050,0.030,0.500,0.010,0.010,0.800,0.200,0.350,0.100,1.000,0.100,0.200,0.040,1.000,0.500,0.800,0.300,0.400
Crop,5152,0.050,0.000,0.050,0.080,0.030,0.050,0.030,0.500,0.010,0.010,0.800,0.200,0.350,0.100,1.000,0.100,0.200,0.040,1.000,0.500,0.800,0.300,0.400
Crop,5151,0.050,0.000,0.050,0.080,0.030,0.050,0.030,0.500,0.010,0.010,0.800,0.200,0.350,0.100,1.000,0.100,0.200,0.040,1.000,0.500,0.800,0.300,0.400
Crop,5150,0.050,0.000,0.050,0.080,0.030,0.050,0.030,0.500,0.010,0.010,0.800,0.200,0.350,0.100,1.000,0.100,0.200,0.040,1.000,0.500,0.800,0.300,0.400
Crop,5149,0.050,0.000,0.050,0.080,0.030,0.050,0.030,0.500,0.010,0.010,0.800,0.200,0.350,0.100,1.000,0.100,0.200,0.040,1.000,0.500,0.800,0.300,0.400
Crop,5148,0.050,0.000,0.050,0.080,0.030,0.050,0.030,0.500,0.010,0.010,0.800,0.200,0.350,0.100,1.000,0.100,0.200,0.040,1.000,0.500,0.800,0.300,0.400
Crop,5147,0.050,0.000,0.050,0.080,0.030,0.050,0.030,0.500,0.010,0.010,0.800,0.200,0.350,0.100,1.000,0.100,0.200,0.040,1.000,0.500,0.800,0.300,0.400
Crop,5146,0.050,0.000,0.050,0.080,0.030,0.050,0.030,0.500,0.010,0.010,0.800,0.200,0.350,0.100,1.000,0.100,0.200,0.040,1.000,0.500,0.800,0.300,0.400
Crop,5145,0.050,0.000,0.050,0.080,0.030,0.050,0.030,0.500,0.010,0.010,0.800,0.200,0.350,0.100,1.000,0.100,0.200,0.040,1.000,0.500,0.800,0.300,0.400
Crop,5144,0.050,0.000,0.050,0.080,0.030,0.050,0.030,0.500,0.010,0.010,0.800,0.200,0.350,0.100,1.000,0.100,0.200,0.040,1.000,0.500,0.800,0.300,0.400
Crop,5143,0.050,0.000,0.050,0.080,0.030,0.050,0.030,0.500,0.010,0.010,0.800,0.200,0.350,0.100,1.000,0.100,0.200,0.040,1.000,0.500,0.800,0.300,0.400
Crop,5142,0.050,0.000,0.050,0.080,0.030,0.050,0.030,0.500,0.010,0.010,0.800,0.200,0.350,0.100,1.000,0.100,0.200,0.040,1.000,0.500,0.800,0.300,0.400
Crop,5153,0.050,0.000,0.050,0.080,0.030,0.050,0.030,0.500,0.010,0.010,0.800,0.200,0.350,0.100,1.000,0.100,0.200,0.040,1.000,0.500,0.800,0.300,0.400
Crop,5006,0.050,0.000,0.050,0.080,0.030,0.050,0.030,0.500,0.010,0.010,0.800,0.200,0.350,0.100,1.000,0.100,0.200,0.040,1.000,0.500,0.800,0.300,0.400
Crop,5438,0.050,0.000,0.050,0.080,0.030,0.050,0.030,0.500,0.010,0.010,0.800,0.200,0.350,0.100,1.000,0.100,0.200,0.040,1.000,0.500,0.800,0.300,0.400
Crop,5440,0.050,0.000,0.050,0.080,0.030,0.050,0.030,0.500,0.010,0.010,0.800,0.200,0.350,0.100,1.000,0.100,0.200,0.040,1.000,0.500,0.800,0.300,0.400
Crop,5734,0.050,0.000,0.050,0.080,0.030,0.050,0.030,0.500,0.010,0.010,0.800,0.200,0.350,0.100,1.000,0.100,0.200,0.040,1.000,0.500,0.800,0.300,0.400
Crop,5733,0.050,0.000,0.050,0.080,0.030,0.050,0.030,0.500,0.010,0.010,0.800,0.200,0.350,0.100,1.000,0.100,0.200,0.040,1.000,0.500,0.800,0.300,0.400
Crop,5732,0.050,0.000,0.050,0.080,0.030,0.050,0.030,0.500,0.010,0.010,0.800,0.200,0.350,0.100,1.000,0.100,0.200,0.040,1.000,0.500,0.800,0.300,0.400
Crop,5731,0.050,0.000,0.050,0.080,0.030,0.050,0.030,0.500,0.010,0.010,0.800,0.200,0.350,0.100,1.000,0.100,0.200,0.040,1.000,0.500,0.800,0.300,0.400
Crop,5730,0.050,0.000,0.050,0.080,0.030,0.050,0.030,0.500,0.010,0.010,0.800,0.200,0.350,0.100,1.000,0.100,0.200,0.040,1.000,0.500,0.800,0.300,0.400
Crop,5729,0.050,0.000,0.050,0.080,0.030,0.050,0.030,0.500,0.010,0.010,0.800,0.200,0.350,0.100,1.000,0.100,0.200,0.040,1.000,0.500,0.800,0.300,0.400
Crop,5728,0.050,0.000,0.050,0.080,0.030,0.050,0.030,0.500,0.010,0.010,0.800,0.200,0.350,0.100,1.000,0.100,0.200,0.040,1.000,0.500,0.800,0.300,0.400
Crop,5727,0.050,0.000,0.050,0.080,0.030,0.050,0.030,0.500,0.010,0.010,0.800,0.200,0.350,0.100,1.000,0.100,0.200,0.040,1.000,0.500,0.800,0.300,0.400
Crop,5726,0.050,0.000,0.050,0.080,0.030,0.050,0.030,0.500,0.010,0.010,0.800,0.200,0.350,0.100,1.000,0.100,0.200,0.040,1.000,0.500,0.800,0.300,0.400
Crop,5725,0.050,0.000,0.050,0.080,0.030,0.050,0.030,0.500,0.010,0.010,0.800,0.200,0.350,0.100,1.000,0.100,0.200,0.040,1.000,0.500,0.800,0.300,0.400
Crop,5724,0.050,0.000,0.050,0.080,0.030,0.050,0.030,0.500,0.010,0.010,0.800,0.200,0.350,0.100,1.000,0.100,0.200,0.040,1.000,0.500,0.800,0.300,0.400
Crop,5723,0.050,0.000,0.050,0.080,0.030,0.050,0.030,0.500,0.010,0.010,0.800,0.200,0.350,0.100,1.000,0.100,0.200,0.040,1.000,0.500,0.800,0.300,0.400
Crop,5722,0.050,0.000,0.050,0.080,0.030,0.050,0.030,0.500,0.010,0.010,0.800,0.200,0.350,0.100,1.000,0.100,0.200,0.040,1.000,0.500,0.800,0.300,0.400
Crop,5721,0.050,0.000,0.050,0.080,0.030,0.050,0.030,0.500,0.010,0.010,0.800,0.200,0.350,0.100,1.000,0.100,0.200,0.040,1.000,0.500,0.800,0.300,0.400
Crop,5720,0.050,0.000,0.050,0.080,0.030,0.050,0.030,0.500,0.010,0.010,0.800,0.200,0.350,0.100,1.000,0.100,0.200,0.040,1.000,0.500,0.800,0.300,0.400
Crop,5719,0.050,0.000,0.050,0.080,0.030,0.050,0.030,0.500,0.010,0.010,0.800,0.200,0.350,0.100,1.000,0.100,0.200,0.040,1.000,0.500,0.800,0.300,0.400
Crop,5718,0.050,0.000,0.050,0.080,0.030,0.050,0.030,0.500,0.010,0.010,0.800,0.200,0.350,0.100,1.000,0.100,0.200,0.040,1.000,0.500,0.800,0.300,0.400
Crop,5717,0.050,0.000,0.050,0.080,0.030,0.050,0.030,0.500,0.010,0.010,0.800,0.200,0.350,0.100,1.000,0.100,0.200,0.040,1.000,0.500,0.800,0.300,0.400
Crop,5716,0.050,0.000,0.050,0.080,0.030,0.050,0.030,0.500,0.010,0.010,0.800,0.200,0.350,0.100,1.000,0.100,0.200,0.040,1.000,0.500,0.800,0.300,0.400
Crop,5715,0.050,0.000,0.050,0.080,0.030,0.050,0.030,0.500,0.010,0.010,0.800,0.200,0.350,0.100,1.000,0.100,0.200,0.040,1.000,0.500,0.800,0.300,0.400
Crop,5714,0.050,0.000,0.050,0.080,0.030,0.050,0.030,0.500,0.010,0.010,0.800,0.200,0.350,0.100,1.000,0.100,0.200,0.040,1.000,0.500,0.800,0.300,0.400
Crop,5713,0.050,0.000,0.050,0.080,0.030,0.050,0.030,0.500,0.010,0.010,0.800,0.200,0.350,0.100,1.000,0.100,0.200,0.040,1.000,0.500,0.800,0.300,0.400
Crop,5712,0.050,0.000,0.050,0.080,0.030,0.050,0.030,0.500,0.010,0.010,0.800,0.200,0.350,0.100,1.000,0.100,0.200,0.040,1.000,0.500,0.800,0.300,0.400
Crop,5735,0.050,0.000,0.050,0.080,0.030,0.050,0.030,0.500,0.010,0.010,0.800,0.200,0.350,0.100,1.000,0.100,0.200,0.040,1.000,0.500,0.800,0.300,0.400
Crop,5711,0.050,0.000,0.050,0.080,0.030,0.050,0.030,0.500,0.010,0.010,0.800,0.200,0.350,0.100,1.000,0.100,0.200,0.040,1.000,0.500,0.800,0.300,0.400
Crop,5736,0.050,0.000,0.050,0.080,0.030,0.050,0.030,0.500,0.010,0.010,0.800,0.200,0.350,0.100,1.000,0.100,0.200,0.040,1.000,0.500,0.800,0.300,0.400
Crop,5738,0.050,0.000,0.050,0.080,0.030,0.050,0.030,0.500,0.010,0.010,0.800,0.200,0.350,0.100,1.000,0.100,0.200,0.040,1.000,0.500,0.800,0.300,0.400
Crop,5761,0.050,0.000,0.050,0.080,0.030,0.050,0.030,0.500,0.010,0.010,0.800,0.200,0.350,0.100,1.000,0.100,0.200,0.040,1.000,0.500,0.800,0.300,0.400
Crop,5760,0.050,0.000,0.050,0.080,0.030,0.050,0.030,0.500,0.010,0.010,0.800,0.200,0.350,0.100,1.000,0.100,0.200,0.040,1.000,0.500,0.800,0.300,0.400
Crop,5759,0.050,0.000,0.050,0.080,0.030,0.050,0.030,0.500,0.010,0.010,0.800,0.200,0.350,0.100,1.000,0.100,0.200,0.040,1.000,0.500,0.800,0.300,0.400
Crop,5758,0.050,0.000,0.050,0.080,0.030,0.050,0.030,0.500,0.010,0.010,0.800,0.200,0.350,0.100,1.000,0.100,0.200,0.040,1.000,0.500,0.800,0.300,0.400
Crop,5757,0.050,0.000,0.050,0.080,0.030,0.050,0.030,0.500,0.010,0.010,0.800,0.200,0.350,0.100,1.000,0.100,0.200,0.040,1.000,0.500,0.800,0.300,0.400
Crop,5756,0.050,0.000,0.050,0.080,0.030,0.050,0.030,0.500,0.010,0.010,0.800,0.200,0.350,0.100,1.000,0.100,0.200,0.040,1.000,0.500,0.800,0.300,0.400
Crop,5755,0.050,0.000,0.050,0.080,0.030,0.050,0.030,0.500,0.010,0.010,0.800,0.200,0.350,0.100,1.000,0.100,0.200,0.040,1.000,0.500,0.800,0.300,0.400
Crop,5754,0.050,0.000,0.050,0.080,0.030,0.050,0.030,0.500,0.010,0.010,0.800,0.200,0.350,0.100,1.000,0.100,0.200,0.040,1.000,0.500,0.800,0.300,0.400
Crop,5753,0.050,0.000,0.050,0.080,0.030,0.050,0.030,0.500,0.010,0.010,0.800,0.200,0.350,0.100,1.000,0.100,0.200,0.040,1.000,0.500,0.800,0.300,0.400
Crop,5752,0.050,0.000,0.050,0.080,0.030,0.050,0.030,0.500,0.010,0.010,0.800,0.200,0.350,0.100,1.000,0.100,0.200,0.040,1.000,0.500,0.800,0.300,0.400
Crop,5751,0.050,0.000,0.050,0.080,0.030,0.050,0.030,0.500,0.010,0.010,0.800,0.200,0.350,0.100,1.000,0.100,0.200,0.040,1.000,0.500,0.800,0.300,0.400
Crop,5750,0.050,0.000,0.050,0.080,0.030,0.050,0.030,0.500,0.010,0.010,0.800,0.200,0.350,0.100,1.000,0.100,0.200,0.040,1.000,0.500,0.800,0.300,0.400
Crop,5749,0.050,0.000,0.050,0.080,0.030,0.050,0.030,0.500,0.010,0.010,0.800,0.200,0.350,0.100,1.000,0.100,0.200,0.040,1.000,0.500,0.800,0.300,0.400
Crop,5748,0.050,0.000,0.050,0.080,0.030,0.050,0.030,0.500,0.010,0.010,0.800,0.200,0.350,0.100,1.000,0.100,0.200,0.040,1.000,0.500,0.800,0.300,0.400
Crop,5747,0.050,0.000,0.050,0.080,0.030,0.050,0.030,0.500,0.010,0.010,0.800,0.200,0.350,0.100,1.000,0.100,0.200,0.040,1.000,0.500,0.800,0.300,0.400
Crop,5746,0.050,0.000,0.050,0.080,0.030,0.050,0.030,0.500,0.010,0.010,0.800,0.200,0.350,0.100,1.000,0.100,0.200,0.040,1.000,0.500,0.800,0.300,0.400
Crop,5745,0.050,0.000,0.050,0.080,0.030,0.050,0.030,0.500,0.010,0.010,0.800,0.200,0.350,0.100,1.000,0.100,0.200,0.040,1.000,0.500,0.800,0.300,0.400
Crop,5744,0.050,0.000,0.050,0.080,0.030,0.050,0.030,0.500,0.010,0.010,0.800,0.200,0.350,0.100,1.000,0.100,0.200,0.040,1.000,0.500,0.800,0.300,0.400
Crop,5743,0.050,0.000,0.050,0.080,0.030,0.050,0.030,0.500,0.010,0.010,0.800,0.200,0.350,0.100,1.000,0.100,0.200,0.040,1.000,0.500,0.800,0.300,0.400
Crop,5742,0.050,0.000,0.050,0.080,0.030,0.050,0.030,0.500,0.010,0.010,0.800,0.200,0.350,0.100,1.000,0.100,0.200,0.040,1.000,0.500,0.800,0.300,0.400
Crop,5741,0.050,0.000,0.050,0.080,0.030,0.050,0.030,0.500,0.010,0.010,0.800,0.200,0.350,0.100,1.000,0.100,0.200,0.040,1.000,0.500,0.800,0.300,0.400
Crop,5740,0.050,0.000,0.050,0.080,0.030,0.050,0.030,0.500,0.010,0.010,0.800,0.200,0.350,0.100,1.000,0.100,0.200,0.040,1.000,0.500,0.800,0.300,0.400
Crop,5739,0.050,0.000,0.050,0.080,0.030,0.050,0.030,0.500,0.010,0.010,0.800,0.200,0.350,0.100,1.000,0.100,0.200,0.040,1.000,0.500,0.800,0.300,0.400
Crop,5737,0.050,0.000,0.050,0.080,0.030,0.050,0.030,0.500,0.010,0.010,0.800,0.200,0.350,0.100,1.000,0.100,0.200,0.040,1.000,0.500,0.800,0.300,0.400
Crop,5762,0.050,0.000,0.050,0.080,0.030,0.050,0.030,0.500,0.010,0.010,0.800,0.200,0.350,0.100,1.000,0.100,0.200,0.040,1.000,0.500,0.800,0.300,0.400
Crop,5710,0.050,0.000,0.050,0.080,0.030,0.050,0.030,0.500,0.010,0.010,0.800,0.200,0.350,0.100,1.000,0.100,0.200,0.040,1.000,0.500,0.800,0.300,0.400
Crop,5708,0.050,0.000,0.050,0.080,0.030,0.050,0.030,0.500,0.010,0.010,0.800,0.200,0.350,0.100,1.000,0.100,0.200,0.040,1.000,0.500,0.800,0.300,0.400
Crop,5680,0.050,0.000,0.050,0.080,0.030,0.050,0.030,0.500,0.010,0.010,0.800,0.200,0.350,0.100,1.000,0.100,0.200,0.040,1.000,0.500,0.800,0.300,0.400
Crop,5679,0.050,0.000,0.050,0.080,0.030,0.050,0.030,0.500,0.010,0.010,0.800,0.200,0.350,0.100,1.000,0.100,0.200,0.040,1.000,0.500,0.800,0.300,0.400
Crop,5678,0.050,0.000,0.050,0.080,0.030,0.050,0.030,0.500,0.010,0.010,0.800,0.200,0.350,0.100,1.000,0.100,0.200,0.040,1.000,0.500,0.800,0.300,0.400
Crop,5677,0.050,0.000,0.050,0.080,0.030,0.050,0.030,0.500,0.010,0.010,0.800,0.200,0.350,0.100,1.000,0.100,0.200,0.040,1.000,0.500,0.800,0.300,0.400
Crop,5676,0.050,0.000,0.050,0.080,0.030,0.050,0.030,0.500,0.010,0.010,0.800,0.200,0.350,0.100,1.000,0.100,0.200,0.040,1.000,0.500,0.800,0.300,0.400
Crop,5675,0.050,0.000,0.050,0.080,0.030,0.050,0.030,0.500,0.010,0.010,0.800,0.200,0.350,0.100,1.000,0.100,0.200,0.040,1.000,0.500,0.800,0.300,0.400
Crop,5674,0.050,0.000,0.050,0.080,0.030,0.050,0.030,0.500,0.010,0.010,0.800,0.200,0.350,0.100,1.000,0.100,0.200,0.040,1.000,0.500,0.800,0.300,0.400
Crop,5673,0.050,0.000,0.050,0.080,0.030,0.050,0.030,0.500,0.010,0.010,0.800,0.200,0.350,0.100,1.000,0.100,0.200,0.040,1.000,0.500,0.800,0.300,0.400
Crop,5672,0.050,0.000,0.050,0.080,0.030,0.050,0.030,0.500,0.010,0.010,0.800,0.200,0.350,0.100,1.000,0.100,0.200,0.040,1.000,0.500,0.800,0.300,0.400
Crop,5671,0.050,0.000,0.050,0.080,0.030,0.050,0.030,0.500,0.010,0.010,0.800,0.200,0.350,0.100,1.000,0.100,0.200,0.040,1.000,0.500,0.800,0.300,0.400
Crop,5670,0.050,0.000,0.050,0.080,0.030,0.050,0.030,0.500,0.010,0.010,0.800,0.200,0.350,0.100,1.000,0.100,0.200,0.040,1.000,0.500,0.800,0.300,0.400
Crop,5669,0.050,0.000,0.050,0.080,0.030,0.050,0.030,0.500,0.010,0.010,0.800,0.200,0.350,0.100,1.000,0.100,0.200,0.040,1.000,0.500,0.800,0.300,0.400
Crop,5668,0.050,0.000,0.050,0.080,0.030,0.050,0.030,0.500,0.010,0.010,0.800,0.200,0.350,0.100,1.000,0.100,0.200,0.040,1.000,0.500,0.800,0.300,0.400
Crop,5667,0.050,0.000,0.050,0.080,0.030,0.050,0.030,0.500,0.010,0.010,0.800,0.200,0.350,0.100,1.000,0.100,0.200,0.040,1.000,0.500,0.800,0.300,0.400
Crop,5666,0.050,0.000,0.050,0.080,0.030,0.050,0.030,0.500,0.010,0.010,0.800,0.200,0.350,0.100,1.000,0.100,0.200,0.040,1.000,0.500,0.800,0.300,0.400
Crop,5665,0.050,0.000,0.050,0.080,0.030,0.050,0.030,0.500,0.010,0.010,0.800,0.200,0.350,0.100,1.000,0.100,0.200,0.040,1.000,0.500,0.800,0.300,0.400
Crop,5664,0.050,0.000,0.050,0.080,0.030,0.050,0.030,0.500,0.010,0.010,0.800,0.200,0.350,0.100,1.000,0.100,0.200,0.040,1.000,0.500,0.800,0.300,0.400
Crop,5663,0.050,0.000,0.050,0.080,0.030,0.050,0.030,0.500,0.010,0.010,0.800,0.200,0.350,0.100,1.000,0.100,0.200,0.040,1.000,0.500,0.800,0.300,0.400
Crop,5662,0.050,0.000,0.050,0.080,0.030,0.050,0.030,0.500,0.010,0.010,0.800,0.200,0.350,0.100,1.000,0.100,0.200,0.040,1.000,0.500,0.800,0.300,0.400
Crop,5661,0.050,0.000,0.050,0.080,0.030,0.050,0.030,0.500,0.010,0.010,0.800,0.200,0.350,0.100,1.000,0.100,0.200,0.040,1.000,0.500,0.800,0.300,0.400
Crop,5660,0.050,0.000,0.050,0.080,0.030,0.050,0.030,0.500,0.010,0.010,0.800,0.200,0.350,0.100,1.000,0.100,0.200,0.040,1.000,0.500,0.800,0.300,0.400
Crop,5659,0.050,0.000,0.050,0.080,0.030,0.050,0.030,0.500,0.010,0.010,0.800,0.200,0.350,0.100,1.000,0.100,0.200,0.040,1.000,0.500,0.800,0.300,0.400
Crop,5658,0.050,0.000,0.050,0.080,0.030,0.050,0.030,0.500,0.010,0.010,0.800,0.200,0.350,0.100,1.000,0.100,0.200,0.040,1.000,0.500,0.800,0.300,0.400
Crop,5681,0.050,0.000,0.050,0.080,0.030,0.050,0.030,0.500,0.010,0.010,0.800,0.200,0.350,0.100,1.000,0.100,0.200,0.040,1.000,0.500,0.800,0.300,0.400
Crop,5709,0.050,0.000,0.050,0.080,0.030,0.050,0.030,0.500,0.010,0.010,0.800,0.200,0.350,0.100,1.000,0.100,0.200,0.040,1.000,0.500,0.800,0.300,0.400
Crop,5682,0.050,0.000,0.050,0.080,0.030,0.050,0.030,0.500,0.010,0.010,0.800,0.200,0.350,0.100,1.000,0.100,0.200,0.040,1.000,0.500,0.800,0.300,0.400
Crop,5684,0.050,0.000,0.050,0.080,0.030,0.050,0.030,0.500,0.010,0.010,0.800,0.200,0.350,0.100,1.000,0.100,0.200,0.040,1.000,0.500,0.800,0.300,0.400
Crop,5707,0.050,0.000,0.050,0.080,0.030,0.050,0.030,0.500,0.010,0.010,0.800,0.200,0.350,0.100,1.000,0.100,0.200,0.040,1.000,0.500,0.800,0.300,0.400
Crop,5706,0.050,0.000,0.050,0.080,0.030,0.050,0.030,0.500,0.010,0.010,0.800,0.200,0.350,0.100,1.000,0.100,0.200,0.040,1.000,0.500,0.800,0.300,0.400
Crop,5705,0.050,0.000,0.050,0.080,0.030,0.050,0.030,0.500,0.010,0.010,0.800,0.200,0.350,0.100,1.000,0.100,0.200,0.040,1.000,0.500,0.800,0.300,0.400
Crop,5704,0.050,0.000,0.050,0.080,0.030,0.050,0.030,0.500,0.010,0.010,0.800,0.200,0.350,0.100,1.000,0.100,0.200,0.040,1.000,0.500,0.800,0.300,0.400
Crop,5703,0.050,0.000,0.050,0.080,0.030,0.050,0.030,0.500,0.010,0.010,0.800,0.200,0.350,0.100,1.000,0.100,0.200,0.040,1.000,0.500,0.800,0.300,0.400
Crop,5702,0.050,0.000,0.050,0.080,0.030,0.050,0.030,0.500,0.010,0.010,0.800,0.200,0.350,0.100,1.000,0.100,0.200,0.040,1.000,0.500,0.800,0.300,0.400
Crop,5701,0.050,0.000,0.050,0.080,0.030,0.050,0.030,0.500,0.010,0.010,0.800,0.200,0.350,0.100,1.000,0.100,0.200,0.040,1.000,0.500,0.800,0.300,0.400
Crop,5700,0.050,0.000,0.050,0.080,0.030,0.050,0.030,0.500,0.010,0.010,0.800,0.200,0.350,0.100,1.000,0.100,0.200,0.040,1.000,0.500,0.800,0.300,0.400
Crop,5699,0.050,0.000,0.050,0.080,0.030,0.050,0.030,0.500,0.010,0.010,0.800,0.200,0.350,0.100,1.000,0.100,0.200,0.040,1.000,0.500,0.800,0.300,0.400
Crop,5698,0.050,0.000,0.050,0.080,0.030,0.050,0.030,0.500,0.010,0.010,0.800,0.200,0.350,0.100,1.000,0.100,0.200,0.040,1.000,0.500,0.800,0.300,0.400
Crop,5697,0.050,0.000,0.050,0.080,0.030,0.050,0.030,0.500,0.010,0.010,0.800,0.200,0.350,0.100,1.000,0.100,0.200,0.040,1.000,0.500,0.800,0.300,0.400
Crop,5696,0.050,0.000,0.050,0.080,0.030,0.050,0.030,0.500,0.010,0.010,0.800,0.200,0.350,0.100,1.000,0.100,0.200,0.040,1.000,0.500,0.800,0.300,0.400
Crop,5695,0.050,0.000,0.050,0.080,0.030,0.050,0.030,0.500,0.010,0.010,0.800,0.200,0.350,0.100,1.000,0.100,0.200,0.040,1.000,0.500,0.800,0.300,0.400
Crop,5694,0.050,0.000,0.050,0.080,0.030,0.050,0.030,0.500,0.010,0.010,0.800,0.200,0.350,0.100,1.000,0.100,0.200,0.040,1.000,0.500,0.800,0.300,0.400
Crop,5693,0.050,0.000,0.050,0.080,0.030,0.050,0.030,0.500,0.010,0.010,0.800,0.200,0.350,0.100,1.000,0.100,0.200,0.040,1.000,0.500,0.800,0.300,0.400
Crop,5692,0.050,0.000,0.050,0.080,0.030,0.050,0.030,0.500,0.010,0.010,0.800,0.200,0.350,0.100,1.000,0.100,0.200,0.040,1.000,0.500,0.800,0.300,0.400
Crop,5691,0.050,0.000,0.050,0.080,0.030,0.050,0.030,0.500,0.010,0.010,0.800,0.200,0.350,0.100,1.000,0.100,0.200,0.040,1.000,0.500,0.800,0.300,0.400
Crop,5690,0.050,0.000,0.050,0.080,0.030,0.050,0.030,0.500,0.010,0.010,0.800,0.200,0.350,0.100,1.000,0.100,0.200,0.040,1.000,0.500,0.800,0.300,0.400
Crop,5689,0.050,0.000,0.050,0.080,0.030,0.050,0.030,0.500,0.010,0.010,0.800,0.200,0.350,0.100,1.000,0.100,0.200,0.040,1.000,0.500,0.800,0.300,0.400
Crop,5688,0.050,0.000,0.050,0.080,0.030,0.050,0.030,0.500,0.010,0.010,0.800,0.200,0.350,0.100,1.000,0.100,0.200,0.040,1.000,0.500,0.800,0.300,0.400
Crop,5687,0.050,0.000,0.050,0.080,0.030,0.050,0.030,0.500,0.010,0.010,0.800,0.200,0.350,0.100,1.000,0.100,0.200,0.040,1.000,0.500,0.800,0.300,0.400
Crop,5686,0.050,0.000,0.050,0.080,0.030,0.050,0.030,0.500,0.010,0.010,0.800,0.200,0.350,0.100,1.000,0.100,0.200,0.040,1.000,0.500,0.800,0.300,0.400
Crop,5685,0.050,0.000,0.050,0.080,0.030,0.050,0.030,0.500,0.010,0.010,0.800,0.200,0.350,0.100,1.000,0.100,0.200,0.040,1.000,0.500,0.800,0.300,0.400
Crop,5683,0.050,0.000,0.050,0.080,0.030,0.050,0.030,0.500,0.010,0.010,0.800,0.200,0.350,0.100,1.000,0.100,0.200,0.040,1.000,0.500,0.800,0.300,0.400
Crop,5657,0.050,0.000,0.050,0.080,0.030,0.050,0.030,0.500,0.010,0.010,0.800,0.200,0.350,0.100,1.000,0.100,0.200,0.040,1.000,0.500,0.800,0.300,0.400
Crop,5763,0.050,0.000,0.050,0.080,0.030,0.050,0.030,0.500,0.010,0.010,0.800,0.200,0.350,0.100,1.000,0.100,0.200,0.040,1.000,0.500,0.800,0.300,0.400
Crop,5765,0.050,0.000,0.050,0.080,0.030,0.050,0.030,0.500,0.010,0.010,0.800,0.200,0.350,0.100,1.000,0.100,0.200,0.040,1.000,0.500,0.800,0.300,0.400
Crop,5842,0.050,0.000,0.050,0.080,0.030,0.050,0.030,0.500,0.010,0.010,0.800,0.200,0.350,0.100,1.000,0.100,0.200,0.040,1.000,0.500,0.800,0.300,0.400
Crop,5841,0.050,0.000,0.050,0.080,0.030,0.050,0.030,0.500,0.010,0.010,0.800,0.200,0.350,0.100,1.000,0.100,0.200,0.040,1.000,0.500,0.800,0.300,0.400
Crop,5840,0.050,0.000,0.050,0.080,0.030,0.050,0.030,0.500,0.010,0.010,0.800,0.200,0.350,0.100,1.000,0.100,0.200,0.040,1.000,0.500,0.800,0.300,0.400
Crop,5839,0.050,0.000,0.050,0.080,0.030,0.050,0.030,0.500,0.010,0.010,0.800,0.200,0.350,0.100,1.000,0.100,0.200,0.040,1.000,0.500,0.800,0.300,0.400
Crop,5838,0.050,0.000,0.050,0.080,0.030,0.050,0.030,0.500,0.010,0.010,0.800,0.200,0.350,0.100,1.000,0.100,0.200,0.040,1.000,0.500,0.800,0.300,0.400
Crop,5837,0.050,0.000,0.050,0.080,0.030,0.050,0.030,0.500,0.010,0.010,0.800,0.200,0.350,0.100,1.000,0.100,0.200,0.040,1.000,0.500,0.800,0.300,0.400
Crop,5836,0.050,0.000,0.050,0.080,0.030,0.050,0.030,0.500,0.010,0.010,0.800,0.200,0.350,0.100,1.000,0.100,0.200,0.040,1.000,0.500,0.800,0.300,0.400
Crop,5835,0.050,0.000,0.050,0.080,0.030,0.050,0.030,0.500,0.010,0.010,0.800,0.200,0.350,0.100,1.000,0.100,0.200,0.040,1.000,0.500,0.800,0.300,0.400
Crop,5834,0.050,0.000,0.050,0.080,0.030,0.050,0.030,0.500,0.010,0.010,0.800,0.200,0.350,0.100,1.000,0.100,0.200,0.040,1.000,0.500,0.800,0.300,0.400
Crop,5833,0.050,0.000,0.050,0.080,0.030,0.050,0.030,0.500,0.010,0.010,0.800,0.200,0.350,0.100,1.000,0.100,0.200,0.040,1.000,0.500,0.800,0.300,0.400
Crop,5832,0.050,0.000,0.050,0.080,0.030,0.050,0.030,0.500,0.010,0.010,0.800,0.200,0.350,0.100,1.000,0.100,0.200,0.040,1.000,0.500,0.800,0.300,0.400
Crop,5831,0.050,0.000,0.050,0.080,0.030,0.050,0.030,0.500,0.010,0.010,0.800,0.200,0.350,0.100,1.000,0.100,0.200,0.040,1.000,0.500,0.800,0.300,0.400
Crop,5830,0.050,0.000,0.050,0.080,0.030,0.050,0.030,0.500,0.010,0.010,0.800,0.200,0.350,0.100,1.000,0.100,0.200,0.040,1.000,0.500,0.800,0.300,0.400
Crop,5829,0.050,0.000,0.050,0.080,0.030,0.050,0.030,0.500,0.010,0.010,0.800,0.200,0.350,0.100,1.000,0.100,0.200,0.040,1.000,0.500,0.800,0.300,0.400
Crop,5828,0.050,0.000,0.050,0.080,0.030,0.050,0.030,0.500,0.010,0.010,0.800,0.200,0.350,0.100,1.000,0.100,0.200,0.040,1.000,0.500,0.800,0.300,0.400
Crop,5827,0.050,0.000,0.050,0.080,0.030,0.050,0.030,0.500,0.010,0.010,0.800,0.200,0.350,0.100,1.000,0.100,0.200,0.040,1.000,0.500,0.800,0.300,0.400
Crop,5826,0.050,0.000,0.050,0.080,0.030,0.050,0.030,0.500,0.010,0.010,0.800,0.200,0.350,0.100,1.000,0.100,0.200,0.040,1.000,0.500,0.800,0.300,0.400
Crop,5825,0.050,0.000,0.050,0.080,0.030,0.050,0.030,0.500,0.010,0.010,0.800,0.200,0.350,0.100,1.000,0.100,0.200,0.040,1.000,0.500,0.800,0.300,0.400
Crop,5824,0.050,0.000,0.050,0.080,0.030,0.050,0.030,0.500,0.010,0.010,0.800,0.200,0.350,0.100,1.000,0.100,0.200,0.040,1.000,0.500,0.800,0.300,0.400
Crop,5823,0.050,0.000,0.050,0.080,0.030,0.050,0.030,0.500,0.010,0.010,0.800,0.200,0.350,0.100,1.000,0.100,0.200,0.040,1.000,0.500,0.800,0.300,0.400
Crop,5822,0.050,0.000,0.050,0.080,0.030,0.050,0.030,0.500,0.010,0.010,0.800,0.200,0.350,0.100,1.000,0.100,0.200,0.040,1.000,0.500,0.800,0.300,0.400
Crop,5821,0.050,0.000,0.050,0.080,0.030,0.050,0.030,0.500,0.010,0.010,0.800,0.200,0.350,0.100,1.000,0.100,0.200,0.040,1.000,0.500,0.800,0.300,0.400
Crop,5820,0.050,0.000,0.050,0.080,0.030,0.050,0.030,0.500,0.010,0.010,0.800,0.200,0.350,0.100,1.000,0.100,0.200,0.040,1.000,0.500,0.800,0.300,0.400
Crop,5843,0.050,0.000,0.050,0.080,0.030,0.050,0.030,0.500,0.010,0.010,0.800,0.200,0.350,0.100,1.000,0.100,0.200,0.040,1.000,0.500,0.800,0.300,0.400
Crop,5819,0.050,0.000,0.050,0.080,0.030,0.050,0.030,0.500,0.010,0.010,0.800,0.200,0.350,0.100,1.000,0.100,0.200,0.040,1.000,0.500,0.800,0.300,0.400
Crop,5844,0.050,0.000,0.050,0.080,0.030,0.050,0.030,0.500,0.010,0.010,0.800,0.200,0.350,0.100,1.000,0.100,0.200,0.040,1.000,0.500,0.800,0.300,0.400
Crop,5846,0.050,0.000,0.050,0.080,0.030,0.050,0.030,0.500,0.010,0.010,0.800,0.200,0.350,0.100,1.000,0.100,0.200,0.040,1.000,0.500,0.800,0.300,0.400
Crop,5869,0.050,0.000,0.050,0.080,0.030,0.050,0.030,0.500,0.010,0.010,0.800,0.200,0.350,0.100,1.000,0.100,0.200,0.040,1.000,0.500,0.800,0.300,0.400
Crop,5868,0.050,0.000,0.050,0.080,0.030,0.050,0.030,0.500,0.010,0.010,0.800,0.200,0.350,0.100,1.000,0.100,0.200,0.040,1.000,0.500,0.800,0.300,0.400
Crop,5867,0.050,0.000,0.050,0.080,0.030,0.050,0.030,0.500,0.010,0.010,0.800,0.200,0.350,0.100,1.000,0.100,0.200,0.040,1.000,0.500,0.800,0.300,0.400
Crop,5866,0.050,0.000,0.050,0.080,0.030,0.050,0.030,0.500,0.010,0.010,0.800,0.200,0.350,0.100,1.000,0.100,0.200,0.040,1.000,0.500,0.800,0.300,0.400
Crop,5865,0.050,0.000,0.050,0.080,0.030,0.050,0.030,0.500,0.010,0.010,0.800,0.200,0.350,0.100,1.000,0.100,0.200,0.040,1.000,0.500,0.800,0.300,0.400
Crop,5864,0.050,0.000,0.050,0.080,0.030,0.050,0.030,0.500,0.010,0.010,0.800,0.200,0.350,0.100,1.000,0.100,0.200,0.040,1.000,0.500,0.800,0.300,0.400
Crop,5863,0.050,0.000,0.050,0.080,0.030,0.050,0.030,0.500,0.010,0.010,0.800,0.200,0.350,0.100,1.000,0.100,0.200,0.040,1.000,0.500,0.800,0.300,0.400
Crop,5862,0.050,0.000,0.050,0.080,0.030,0.050,0.030,0.500,0.010,0.010,0.800,0.200,0.350,0.100,1.000,0.100,0.200,0.040,1.000,0.500,0.800,0.300,0.400
Crop,5861,0.050,0.000,0.050,0.080,0.030,0.050,0.030,0.500,0.010,0.010,0.800,0.200,0.350,0.100,1.000,0.100,0.200,0.040,1.000,0.500,0.800,0.300,0.400
Crop,5860,0.050,0.000,0.050,0.080,0.030,0.050,0.030,0.500,0.010,0.010,0.800,0.200,0.350,0.100,1.000,0.100,0.200,0.040,1.000,0.500,0.800,0.300,0.400
Crop,5859,0.050,0.000,0.050,0.080,0.030,0.050,0.030,0.500,0.010,0.010,0.800,0.200,0.350,0.100,1.000,0.100,0.200,0.040,1.000,0.500,0.800,0.300,0.400
Crop,5858,0.050,0.000,0.050,0.080,0.030,0.050,0.030,0.500,0.010,0.010,0.800,0.200,0.350,0.100,1.000,0.100,0.200,0.040,1.000,0.500,0.800,0.300,0.400
Crop,5857,0.050,0.000,0.050,0.080,0.030,0.050,0.030,0.500,0.010,0.010,0.800,0.200,0.350,0.100,1.000,0.100,0.200,0.040,1.000,0.500,0.800,0.300,0.400
Crop,5856,0.050,0.000,0.050,0.080,0.030,0.050,0.030,0.500,0.010,0.010,0.800,0.200,0.350,0.100,1.000,0.100,0.200,0.040,1.000,0.500,0.800,0.300,0.400
Crop,5855,0.050,0.000,0.050,0.080,0.030,0.050,0.030,0.500,0.010,0.010,0.800,0.200,0.350,0.100,1.000,0.100,0.200,0.040,1.000,0.500,0.800,0.300,0.400
Crop,5854,0.050,0.000,0.050,0.080,0.030,0.050,0.030,0.500,0.010,0.010,0.800,0.200,0.350,0.100,1.000,0.100,0.200,0.040,1.000,0.500,0.800,0.300,0.400
Crop,5853,0.050,0.000,0.050,0.080,0.030,0.050,0.030,0.500,0.010,0.010,0.800,0.200,0.350,0.100,1.000,0.100,0.200,0.040,1.000,0.500,0.800,0.300,0.400
Crop,5852,0.050,0.000,0.050,0.080,0.030,0.050,0.030,0.500,0.010,0.010,0.800,0.200,0.350,0.100,1.000,0.100,0.200,0.040,1.000,0.500,0.800,0.300,0.400
Crop,5851,0.050,0.000,0.050,0.080,0.030,0.050,0.030,0.500,0.010,0.010,0.800,0.200,0.350,0.100,1.000,0.100,0.200,0.040,1.000,0.500,0.800,0.300,0.400
Crop,5850,0.050,0.000,0.050,0.080,0.030,0.050,0.030,0.500,0.010,0.010,0.800,0.200,0.350,0.100,1.000,0.100,0.200,0.040,1.000,0.500,0.800,0.300,0.400
Crop,5849,0.050,0.000,0.050,0.080,0.030,0.050,0.030,0.500,0.010,0.010,0.800,0.200,0.350,0.100,1.000,0.100,0.200,0.040,1.000,0.500,0.800,0.300,0.400
Crop,5848,0.050,0.000,0.050,0.080,0.030,0.050,0.030,0.500,0.010,0.010,0.800,0.200,0.350,0.100,1.000,0.100,0.200,0.040,1.000,0.500,0.800,0.300,0.400
Crop,5847,0.050,0.000,0.050,0.080,0.030,0.050,0.030,0.500,0.010,0.010,0.800,0.200,0.350,0.100,1.000,0.100,0.200,0.040,1.000,0.500,0.800,0.300,0.400
Crop,5845,0.050,0.000,0.050,0.080,0.030,0.050,0.030,0.500,0.010,0.010,0.800,0.200,0.350,0.100,1.000,0.100,0.200,0.040,1.000,0.500,0.800,0.300,0.400
Crop,5764,0.050,0.000,0.050,0.080,0.030,0.050,0.030,0.500,0.010,0.010,0.800,0.200,0.350,0.100,1.000,0.100,0.200,0.040,1.000,0.500,0.800,0.300,0.400
Crop,5818,0.050,0.000,0.050,0.080,0.030,0.050,0.030,0.500,0.010,0.010,0.800,0.200,0.350,0.100,1.000,0.100,0.200,0.040,1.000,0.500,0.800,0.300,0.400
Crop,5816,0.050,0.000,0.050,0.080,0.030,0.050,0.030,0.500,0.010,0.010,0.800,0.200,0.350,0.100,1.000,0.100,0.200,0.040,1.000,0.500,0.800,0.300,0.400
Crop,5788,0.050,0.000,0.050,0.080,0.030,0.050,0.030,0.500,0.010,0.010,0.800,0.200,0.350,0.100,1.000,0.100,0.200,0.040,1.000,0.500,0.800,0.300,0.400
Crop,5787,0.050,0.000,0.050,0.080,0.030,0.050,0.030,0.500,0.010,0.010,0.800,0.200,0.350,0.100,1.000,0.100,0.200,0.040,1.000,0.500,0.800,0.300,0.400
Crop,5786,0.050,0.000,0.050,0.080,0.030,0.050,0.030,0.500,0.010,0.010,0.800,0.200,0.350,0.100,1.000,0.100,0.200,0.040,1.000,0.500,0.800,0.300,0.400
Crop,5785,0.050,0.000,0.050,0.080,0.030,0.050,0.030,0.500,0.010,0.010,0.800,0.200,0.350,0.100,1.000,0.100,0.200,0.040,1.000,0.500,0.800,0.300,0.400
Crop,5784,0.050,0.000,0.050,0.080,0.030,0.050,0.030,0.500,0.010,0.010,0.800,0.200,0.350,0.100,1.000,0.100,0.200,0.040,1.000,0.500,0.800,0.300,0.400
Crop,5783,0.050,0.000,0.050,0.080,0.030,0.050,0.030,0.500,0.010,0.010,0.800,0.200,0.350,0.100,1.000,0.100,0.200,0.040,1.000,0.500,0.800,0.300,0.400
Crop,5782,0.050,0.000,0.050,0.080,0.030,0.050,0.030,0.500,0.010,0.010,0.800,0.200,0.350,0.100,1.000,0.100,0.200,0.040,1.000,0.500,0.800,0.300,0.400
Crop,5781,0.050,0.000,0.050,0.080,0.030,0.050,0.030,0.500,0.010,0.010,0.800,0.200,0.350,0.100,1.000,0.100,0.200,0.040,1.000,0.500,0.800,0.300,0.400
Crop,5780,0.050,0.000,0.050,0.080,0.030,0.050,0.030,0.500,0.010,0.010,0.800,0.200,0.350,0.100,1.000,0.100,0.200,0.040,1.000,0.500,0.800,0.300,0.400
Crop,5779,0.050,0.000,0.050,0.080,0.030,0.050,0.030,0.500,0.010,0.010,0.800,0.200,0.350,0.100,1.000,0.100,0.200,0.040,1.000,0.500,0.800,0.300,0.400
Crop,5778,0.050,0.000,0.050,0.080,0.030,0.050,0.030,0.500,0.010,0.010,0.800,0.200,0.350,0.100,1.000,0.100,0.200,0.040,1.000,0.500,0.800,0.300,0.400
Crop,5777,0.050,0.000,0.050,0.080,0.030,0.050,0.030,0.500,0.010,0.010,0.800,0.200,0.350,0.100,1.000,0.100,0.200,0.040,1.000,0.500,0.800,0.300,0.400
Crop,5776,0.050,0.000,0.050,0.080,0.030,0.050,0.030,0.500,0.010,0.010,0.800,0.200,0.350,0.100,1.000,0.100,0.200,0.040,1.000,0.500,0.800,0.300,0.400
Crop,5775,0.050,0.000,0.050,0.080,0.030,0.050,0.030,0.500,0.010,0.010,0.800,0.200,0.350,0.100,1.000,0.100,0.200,0.040,1.000,0.500,0.800,0.300,0.400
Crop,5774,0.050,0.000,0.050,0.080,0.030,0.050,0.030,0.500,0.010,0.010,0.800,0.200,0.350,0.100,1.000,0.100,0.200,0.040,1.000,0.500,0.800,0.300,0.400
Crop,5773,0.050,0.000,0.050,0.080,0.030,0.050,0.030,0.500,0.010,0.010,0.800,0.200,0.350,0.100,1.000,0.100,0.200,0.040,1.000,0.500,0.800,0.300,0.400
Crop,5772,0.050,0.000,0.050,0.080,0.030,0.050,0.030,0.500,0.010,0.010,0.800,0.200,0.350,0.100,1.000,0.100,0.200,0.040,1.000,0.500,0.800,0.300,0.400
Crop,5771,0.050,0.000,0.050,0.080,0.030,0.050,0.030,0.500,0.010,0.010,0.800,0.200,0.350,0.100,1.000,0.100,0.200,0.040,1.000,0.500,0.800,0.300,0.400
Crop,5770,0.050,0.000,0.050,0.080,0.030,0.050,0.030,0.500,0.010,0.010,0.800,0.200,0.350,0.100,1.000,0.100,0.200,0.040,1.000,0.500,0.800,0.300,0.400
Crop,5769,0.050,0.000,0.050,0.080,0.030,0.050,0.030,0.500,0.010,0.010,0.800,0.200,0.350,0.100,1.000,0.100,0.200,0.040,1.000,0.500,0.800,0.300,0.400
Crop,5768,0.050,0.000,0.050,0.080,0.030,0.050,0.030,0.500,0.010,0.010,0.800,0.200,0.350,0.100,1.000,0.100,0.200,0.040,1.000,0.500,0.800,0.300,0.400
Crop,5767,0.050,0.000,0.050,0.080,0.030,0.050,0.030,0.500,0.010,0.010,0.800,0.200,0.350,0.100,1.000,0.100,0.200,0.040,1.000,0.500,0.800,0.300,0.400
Crop,5766,0.050,0.000,0.050,0.080,0.030,0.050,0.030,0.500,0.010,0.010,0.800,0.200,0.350,0.100,1.000,0.100,0.200,0.040,1.000,0.500,0.800,0.300,0.400
Crop,5789,0.050,0.000,0.050,0.080,0.030,0.050,0.030,0.500,0.010,0.010,0.800,0.200,0.350,0.100,1.000,0.100,0.200,0.040,1.000,0.500,0.800,0.300,0.400
Crop,5817,0.050,0.000,0.050,0.080,0.030,0.050,0.030,0.500,0.010,0.010,0.800,0.200,0.350,0.100,1.000,0.100,0.200,0.040,1.000,0.500,0.800,0.300,0.400
Crop,5790,0.050,0.000,0.050,0.080,0.030,0.050,0.030,0.500,0.010,0.010,0.800,0.200,0.350,0.100,1.000,0.100,0.200,0.040,1.000,0.500,0.800,0.300,0.400
Crop,5792,0.050,0.000,0.050,0.080,0.030,0.050,0.030,0.500,0.010,0.010,0.800,0.200,0.350,0.100,1.000,0.100,0.200,0.040,1.000,0.500,0.800,0.300,0.400
Crop,5815,0.050,0.000,0.050,0.080,0.030,0.050,0.030,0.500,0.010,0.010,0.800,0.200,0.350,0.100,1.000,0.100,0.200,0.040,1.000,0.500,0.800,0.300,0.400
Crop,5814,0.050,0.000,0.050,0.080,0.030,0.050,0.030,0.500,0.010,0.010,0.800,0.200,0.350,0.100,1.000,0.100,0.200,0.040,1.000,0.500,0.800,0.300,0.400
Crop,5813,0.050,0.000,0.050,0.080,0.030,0.050,0.030,0.500,0.010,0.010,0.800,0.200,0.350,0.100,1.000,0.100,0.200,0.040,1.000,0.500,0.800,0.300,0.400
Crop,5812,0.050,0.000,0.050,0.080,0.030,0.050,0.030,0.500,0.010,0.010,0.800,0.200,0.350,0.100,1.000,0.100,0.200,0.040,1.000,0.500,0.800,0.300,0.400
Crop,5811,0.050,0.000,0.050,0.080,0.030,0.050,0.030,0.500,0.010,0.010,0.800,0.200,0.350,0.100,1.000,0.100,0.200,0.040,1.000,0.500,0.800,0.300,0.400
Crop,5810,0.050,0.000,0.050,0.080,0.030,0.050,0.030,0.500,0.010,0.010,0.800,0.200,0.350,0.100,1.000,0.100,0.200,0.040,1.000,0.500,0.800,0.300,0.400
Crop,5809,0.050,0.000,0.050,0.080,0.030,0.050,0.030,0.500,0.010,0.010,0.800,0.200,0.350,0.100,1.000,0.100,0.200,0.040,1.000,0.500,0.800,0.300,0.400
Crop,5808,0.050,0.000,0.050,0.080,0.030,0.050,0.030,0.500,0.010,0.010,0.800,0.200,0.350,0.100,1.000,0.100,0.200,0.040,1.000,0.500,0.800,0.300,0.400
Crop,5807,0.050,0.000,0.050,0.080,0.030,0.050,0.030,0.500,0.010,0.010,0.800,0.200,0.350,0.100,1.000,0.100,0.200,0.040,1.000,0.500,0.800,0.300,0.400
Crop,5806,0.050,0.000,0.050,0.080,0.030,0.050,0.030,0.500,0.010,0.010,0.800,0.200,0.350,0.100,1.000,0.100,0.200,0.040,1.000,0.500,0.800,0.300,0.400
Crop,5805,0.050,0.000,0.050,0.080,0.030,0.050,0.030,0.500,0.010,0.010,0.800,0.200,0.350,0.100,1.000,0.100,0.200,0.040,1.000,0.500,0.800,0.300,0.400
Crop,5804,0.050,0.000,0.050,0.080,0.030,0.050,0.030,0.500,0.010,0.010,0.800,0.200,0.350,0.100,1.000,0.100,0.200,0.040,1.000,0.500,0.800,0.300,0.400
Crop,5803,0.050,0.000,0.050,0.080,0.030,0.050,0.030,0.500,0.010,0.010,0.800,0.200,0.350,0.100,1.000,0.100,0.200,0.040,1.000,0.500,0.800,0.300,0.400
Crop,5802,0.050,0.000,0.050,0.080,0.030,0.050,0.030,0.500,0.010,0.010,0.800,0.200,0.350,0.100,1.000,0.100,0.200,0.040,1.000,0.500,0.800,0.300,0.400
Crop,5801,0.050,0.000,0.050,0.080,0.030,0.050,0.030,0.500,0.010,0.010,0.800,0.200,0.350,0.100,1.000,0.100,0.200,0.040,1.000,0.500,0.800,0.300,0.400
Crop,5800,0.050,0.000,0.050,0.080,0.030,0.050,0.030,0.500,0.010,0.010,0.800,0.200,0.350,0.100,1.000,0.100,0.200,0.040,1.000,0.500,0.800,0.300,0.400
Crop,5799,0.050,0.000,0.050,0.080,0.030,0.050,0.030,0.500,0.010,0.010,0.800,0.200,0.350,0.100,1.000,0.100,0.200,0.040,1.000,0.500,0.800,0.300,0.400
Crop,5798,0.050,0.000,0.050,0.080,0.030,0.050,0.030,0.500,0.010,0.010,0.800,0.200,0.350,0.100,1.000,0.100,0.200,0.040,1.000,0.500,0.800,0.300,0.400
Crop,5797,0.050,0.000,0.050,0.080,0.030,0.050,0.030,0.500,0.010,0.010,0.800,0.200,0.350,0.100,1.000,0.100,0.200,0.040,1.000,0.500,0.800,0.300,0.400
Crop,5796,0.050,0.000,0.050,0.080,0.030,0.050,0.030,0.500,0.010,0.010,0.800,0.200,0.350,0.100,1.000,0.100,0.200,0.040,1.000,0.500,0.800,0.300,0.400
Crop,5795,0.050,0.000,0.050,0.080,0.030,0.050,0.030,0.500,0.010,0.010,0.800,0.200,0.350,0.100,1.000,0.100,0.200,0.040,1.000,0.500,0.800,0.300,0.400
Crop,5794,0.050,0.000,0.050,0.080,0.030,0.050,0.030,0.500,0.010,0.010,0.800,0.200,0.350,0.100,1.000,0.100,0.200,0.040,1.000,0.500,0.800,0.300,0.400
Crop,5793,0.050,0.000,0.050,0.080,0.030,0.050,0.030,0.500,0.010,0.010,0.800,0.200,0.350,0.100,1.000,0.100,0.200,0.040,1.000,0.500,0.800,0.300,0.400
Crop,5791,0.050,0.000,0.050,0.080,0.030,0.050,0.030,0.500,0.010,0.010,0.800,0.200,0.350,0.100,1.000,0.100,0.200,0.040,1.000,0.500,0.800,0.300,0.400
Crop,5656,0.050,0.000,0.050,0.080,0.030,0.050,0.030,0.500,0.010,0.010,0.800,0.200,0.350,0.100,1.000,0.100,0.200,0.040,1.000,0.500,0.800,0.300,0.400
Crop,5655,0.050,0.000,0.050,0.080,0.030,0.050,0.030,0.500,0.010,0.010,0.800,0.200,0.350,0.100,1.000,0.100,0.200,0.040,1.000,0.500,0.800,0.300,0.400
Crop,5654,0.050,0.000,0.050,0.080,0.030,0.050,0.030,0.500,0.010,0.010,0.800,0.200,0.350,0.100,1.000,0.100,0.200,0.040,1.000,0.500,0.800,0.300,0.400
Crop,5517,0.050,0.000,0.050,0.080,0.030,0.050,0.030,0.500,0.010,0.010,0.800,0.200,0.350,0.100,1.000,0.100,0.200,0.040,1.000,0.500,0.800,0.300,0.400
Crop,5516,0.050,0.000,0.050,0.080,0.030,0.050,0.030,0.500,0.010,0.010,0.800,0.200,0.350,0.100,1.000,0.100,0.200,0.040,1.000,0.500,0.800,0.300,0.400
Crop,5515,0.050,0.000,0.050,0.080,0.030,0.050,0.030,0.500,0.010,0.010,0.800,0.200,0.350,0.100,1.000,0.100,0.200,0.040,1.000,0.500,0.800,0.300,0.400
Crop,5514,0.050,0.000,0.050,0.080,0.030,0.050,0.030,0.500,0.010,0.010,0.800,0.200,0.350,0.100,1.000,0.100,0.200,0.040,1.000,0.500,0.800,0.300,0.400
Crop,5513,0.050,0.000,0.050,0.080,0.030,0.050,0.030,0.500,0.010,0.010,0.800,0.200,0.350,0.100,1.000,0.100,0.200,0.040,1.000,0.500,0.800,0.300,0.400
Crop,5512,0.050,0.000,0.050,0.080,0.030,0.050,0.030,0.500,0.010,0.010,0.800,0.200,0.350,0.100,1.000,0.100,0.200,0.040,1.000,0.500,0.800,0.300,0.400
Crop,5511,0.050,0.000,0.050,0.080,0.030,0.050,0.030,0.500,0.010,0.010,0.800,0.200,0.350,0.100,1.000,0.100,0.200,0.040,1.000,0.500,0.800,0.300,0.400
Crop,5510,0.050,0.000,0.050,0.080,0.030,0.050,0.030,0.500,0.010,0.010,0.800,0.200,0.350,0.100,1.000,0.100,0.200,0.040,1.000,0.500,0.800,0.300,0.400
Crop,5509,0.050,0.000,0.050,0.080,0.030,0.050,0.030,0.500,0.010,0.010,0.800,0.200,0.350,0.100,1.000,0.100,0.200,0.040,1.000,0.500,0.800,0.300,0.400
Crop,5508,0.050,0.000,0.050,0.080,0.030,0.050,0.030,0.500,0.010,0.010,0.800,0.200,0.350,0.100,1.000,0.100,0.200,0.040,1.000,0.500,0.800,0.300,0.400
Crop,5507,0.050,0.000,0.050,0.080,0.030,0.050,0.030,0.500,0.010,0.010,0.800,0.200,0.350,0.100,1.000,0.100,0.200,0.040,1.000,0.500,0.800,0.300,0.400
Crop,5506,0.050,0.000,0.050,0.080,0.030,0.050,0.030,0.500,0.010,0.010,0.800,0.200,0.350,0.100,1.000,0.100,0.200,0.040,1.000,0.500,0.800,0.300,0.400
Crop,5505,0.050,0.000,0.050,0.080,0.030,0.050,0.030,0.500,0.010,0.010,0.800,0.200,0.350,0.100,1.000,0.100,0.200,0.040,1.000,0.500,0.800,0.300,0.400
Crop,5504,0.050,0.000,0.050,0.080,0.030,0.050,0.030,0.500,0.010,0.010,0.800,0.200,0.350,0.100,1.000,0.100,0.200,0.040,1.000,0.500,0.800,0.300,0.400
Crop,5503,0.050,0.000,0.050,0.080,0.030,0.050,0.030,0.500,0.010,0.010,0.800,0.200,0.350,0.100,1.000,0.100,0.200,0.040,1.000,0.500,0.800,0.300,0.400
Crop,5502,0.050,0.000,0.050,0.080,0.030,0.050,0.030,0.500,0.010,0.010,0.800,0.200,0.350,0.100,1.000,0.100,0.200,0.040,1.000,0.500,0.800,0.300,0.400
Crop,5501,0.050,0.000,0.050,0.080,0.030,0.050,0.030,0.500,0.010,0.010,0.800,0.200,0.350,0.100,1.000,0.100,0.200,0.040,1.000,0.500,0.800,0.300,0.400
Crop,5500,0.050,0.000,0.050,0.080,0.030,0.050,0.030,0.500,0.010,0.010,0.800,0.200,0.350,0.100,1.000,0.100,0.200,0.040,1.000,0.500,0.800,0.300,0.400
Crop,5499,0.050,0.000,0.050,0.080,0.030,0.050,0.030,0.500,0.010,0.010,0.800,0.200,0.350,0.100,1.000,0.100,0.200,0.040,1.000,0.500,0.800,0.300,0.400
Crop,5498,0.050,0.000,0.050,0.080,0.030,0.050,0.030,0.500,0.010,0.010,0.800,0.200,0.350,0.100,1.000,0.100,0.200,0.040,1.000,0.500,0.800,0.300,0.400
Crop,5497,0.050,0.000,0.050,0.080,0.030,0.050,0.030,0.500,0.010,0.010,0.800,0.200,0.350,0.100,1.000,0.100,0.200,0.040,1.000,0.500,0.800,0.300,0.400
Crop,5496,0.050,0.000,0.050,0.080,0.030,0.050,0.030,0.500,0.010,0.010,0.800,0.200,0.350,0.100,1.000,0.100,0.200,0.040,1.000,0.500,0.800,0.300,0.400
Crop,5495,0.050,0.000,0.050,0.080,0.030,0.050,0.030,0.500,0.010,0.010,0.800,0.200,0.350,0.100,1.000,0.100,0.200,0.040,1.000,0.500,0.800,0.300,0.400
Crop,5518,0.050,0.000,0.050,0.080,0.030,0.050,0.030,0.500,0.010,0.010,0.800,0.200,0.350,0.100,1.000,0.100,0.200,0.040,1.000,0.500,0.800,0.300,0.400
Crop,5494,0.050,0.000,0.050,0.080,0.030,0.050,0.030,0.500,0.010,0.010,0.800,0.200,0.350,0.100,1.000,0.100,0.200,0.040,1.000,0.500,0.800,0.300,0.400
Crop,5519,0.050,0.000,0.050,0.080,0.030,0.050,0.030,0.500,0.010,0.010,0.800,0.200,0.350,0.100,1.000,0.100,0.200,0.040,1.000,0.500,0.800,0.300,0.400
Crop,5521,0.050,0.000,0.050,0.080,0.030,0.050,0.030,0.500,0.010,0.010,0.800,0.200,0.350,0.100,1.000,0.100,0.200,0.040,1.000,0.500,0.800,0.300,0.400
Crop,5544,0.050,0.000,0.050,0.080,0.030,0.050,0.030,0.500,0.010,0.010,0.800,0.200,0.350,0.100,1.000,0.100,0.200,0.040,1.000,0.500,0.800,0.300,0.400
Crop,5543,0.050,0.000,0.050,0.080,0.030,0.050,0.030,0.500,0.010,0.010,0.800,0.200,0.350,0.100,1.000,0.100,0.200,0.040,1.000,0.500,0.800,0.300,0.400
Crop,5542,0.050,0.000,0.050,0.080,0.030,0.050,0.030,0.500,0.010,0.010,0.800,0.200,0.350,0.100,1.000,0.100,0.200,0.040,1.000,0.500,0.800,0.300,0.400
Crop,5541,0.050,0.000,0.050,0.080,0.030,0.050,0.030,0.500,0.010,0.010,0.800,0.200,0.350,0.100,1.000,0.100,0.200,0.040,1.000,0.500,0.800,0.300,0.400
Crop,5540,0.050,0.000,0.050,0.080,0.030,0.050,0.030,0.500,0.010,0.010,0.800,0.200,0.350,0.100,1.000,0.100,0.200,0.040,1.000,0.500,0.800,0.300,0.400
Crop,5539,0.050,0.000,0.050,0.080,0.030,0.050,0.030,0.500,0.010,0.010,0.800,0.200,0.350,0.100,1.000,0.100,0.200,0.040,1.000,0.500,0.800,0.300,0.400
Crop,5538,0.050,0.000,0.050,0.080,0.030,0.050,0.030,0.500,0.010,0.010,0.800,0.200,0.350,0.100,1.000,0.100,0.200,0.040,1.000,0.500,0.800,0.300,0.400
Crop,5537,0.050,0.000,0.050,0.080,0.030,0.050,0.030,0.500,0.010,0.010,0.800,0.200,0.350,0.100,1.000,0.100,0.200,0.040,1.000,0.500,0.800,0.300,0.400
Crop,5536,0.050,0.000,0.050,0.080,0.030,0.050,0.030,0.500,0.010,0.010,0.800,0.200,0.350,0.100,1.000,0.100,0.200,0.040,1.000,0.500,0.800,0.300,0.400
Crop,5535,0.050,0.000,0.050,0.080,0.030,0.050,0.030,0.500,0.010,0.010,0.800,0.200,0.350,0.100,1.000,0.100,0.200,0.040,1.000,0.500,0.800,0.300,0.400
Crop,5534,0.050,0.000,0.050,0.080,0.030,0.050,0.030,0.500,0.010,0.010,0.800,0.200,0.350,0.100,1.000,0.100,0.200,0.040,1.000,0.500,0.800,0.300,0.400
Crop,5533,0.050,0.000,0.050,0.080,0.030,0.050,0.030,0.500,0.010,0.010,0.800,0.200,0.350,0.100,1.000,0.100,0.200,0.040,1.000,0.500,0.800,0.300,0.400
Crop,5532,0.050,0.000,0.050,0.080,0.030,0.050,0.030,0.500,0.010,0.010,0.800,0.200,0.350,0.100,1.000,0.100,0.200,0.040,1.000,0.500,0.800,0.300,0.400
Crop,5531,0.050,0.000,0.050,0.080,0.030,0.050,0.030,0.500,0.010,0.010,0.800,0.200,0.350,0.100,1.000,0.100,0.200,0.040,1.000,0.500,0.800,0.300,0.400
Crop,5530,0.050,0.000,0.050,0.080,0.030,0.050,0.030,0.500,0.010,0.010,0.800,0.200,0.350,0.100,1.000,0.100,0.200,0.040,1.000,0.500,0.800,0.300,0.400
Crop,5529,0.050,0.000,0.050,0.080,0.030,0.050,0.030,0.500,0.010,0.010,0.800,0.200,0.350,0.100,1.000,0.100,0.200,0.040,1.000,0.500,0.800,0.300,0.400
Crop,5528,0.050,0.000,0.050,0.080,0.030,0.050,0.030,0.500,0.010,0.010,0.800,0.200,0.350,0.100,1.000,0.100,0.200,0.040,1.000,0.500,0.800,0.300,0.400
Crop,5527,0.050,0.000,0.050,0.080,0.030,0.050,0.030,0.500,0.010,0.010,0.800,0.200,0.350,0.100,1.000,0.100,0.200,0.040,1.000,0.500,0.800,0.300,0.400
Crop,5526,0.050,0.000,0.050,0.080,0.030,0.050,0.030,0.500,0.010,0.010,0.800,0.200,0.350,0.100,1.000,0.100,0.200,0.040,1.000,0.500,0.800,0.300,0.400
Crop,5525,0.050,0.000,0.050,0.080,0.030,0.050,0.030,0.500,0.010,0.010,0.800,0.200,0.350,0.100,1.000,0.100,0.200,0.040,1.000,0.500,0.800,0.300,0.400
Crop,5524,0.050,0.000,0.050,0.080,0.030,0.050,0.030,0.500,0.010,0.010,0.800,0.200,0.350,0.100,1.000,0.100,0.200,0.040,1.000,0.500,0.800,0.300,0.400
Crop,5523,0.050,0.000,0.050,0.080,0.030,0.050,0.030,0.500,0.010,0.010,0.800,0.200,0.350,0.100,1.000,0.100,0.200,0.040,1.000,0.500,0.800,0.300,0.400
Crop,5522,0.050,0.000,0.050,0.080,0.030,0.050,0.030,0.500,0.010,0.010,0.800,0.200,0.350,0.100,1.000,0.100,0.200,0.040,1.000,0.500,0.800,0.300,0.400
Crop,5520,0.050,0.000,0.050,0.080,0.030,0.050,0.030,0.500,0.010,0.010,0.800,0.200,0.350,0.100,1.000,0.100,0.200,0.040,1.000,0.500,0.800,0.300,0.400
Crop,5545,0.050,0.000,0.050,0.080,0.030,0.050,0.030,0.500,0.010,0.010,0.800,0.200,0.350,0.100,1.000,0.100,0.200,0.040,1.000,0.500,0.800,0.300,0.400
Crop,5493,0.050,0.000,0.050,0.080,0.030,0.050,0.030,0.500,0.010,0.010,0.800,0.200,0.350,0.100,1.000,0.100,0.200,0.040,1.000,0.500,0.800,0.300,0.400
Crop,5491,0.050,0.000,0.050,0.080,0.030,0.050,0.030,0.500,0.010,0.010,0.800,0.200,0.350,0.100,1.000,0.100,0.200,0.040,1.000,0.500,0.800,0.300,0.400
Crop,5463,0.050,0.000,0.050,0.080,0.030,0.050,0.030,0.500,0.010,0.010,0.800,0.200,0.350,0.100,1.000,0.100,0.200,0.040,1.000,0.500,0.800,0.300,0.400
Crop,5462,0.050,0.000,0.050,0.080,0.030,0.050,0.030,0.500,0.010,0.010,0.800,0.200,0.350,0.100,1.000,0.100,0.200,0.040,1.000,0.500,0.800,0.300,0.400
Crop,5461,0.050,0.000,0.050,0.080,0.030,0.050,0.030,0.500,0.010,0.010,0.800,0.200,0.350,0.100,1.000,0.100,0.200,0.040,1.000,0.500,0.800,0.300,0.400
Crop,5460,0.050,0.000,0.050,0.080,0.030,0.050,0.030,0.500,0.010,0.010,0.800,0.200,0.350,0.100,1.000,0.100,0.200,0.040,1.000,0.500,0.800,0.300,0.400
Crop,5459,0.050,0.000,0.050,0.080,0.030,0.050,0.030,0.500,0.010,0.010,0.800,0.200,0.350,0.100,1.000,0.100,0.200,0.040,1.000,0.500,0.800,0.300,0.400
Crop,5458,0.050,0.000,0.050,0.080,0.030,0.050,0.030,0.500,0.010,0.010,0.800,0.200,0.350,0.100,1.000,0.100,0.200,0.040,1.000,0.500,0.800,0.300,0.400
Crop,5457,0.050,0.000,0.050,0.080,0.030,0.050,0.030,0.500,0.010,0.010,0.800,0.200,0.350,0.100,1.000,0.100,0.200,0.040,1.000,0.500,0.800,0.300,0.400
Crop,5456,0.050,0.000,0.050,0.080,0.030,0.050,0.030,0.500,0.010,0.010,0.800,0.200,0.350,0.100,1.000,0.100,0.200,0.040,1.000,0.500,0.800,0.300,0.400
Crop,5455,0.050,0.000,0.050,0.080,0.030,0.050,0.030,0.500,0.010,0.010,0.800,0.200,0.350,0.100,1.000,0.100,0.200,0.040,1.000,0.500,0.800,0.300,0.400
Crop,5454,0.050,0.000,0.050,0.080,0.030,0.050,0.030,0.500,0.010,0.010,0.800,0.200,0.350,0.100,1.000,0.100,0.200,0.040,1.000,0.500,0.800,0.300,0.400
Crop,5453,0.050,0.000,0.050,0.080,0.030,0.050,0.030,0.500,0.010,0.010,0.800,0.200,0.350,0.100,1.000,0.100,0.200,0.040,1.000,0.500,0.800,0.300,0.400
Crop,5452,0.050,0.000,0.050,0.080,0.030,0.050,0.030,0.500,0.010,0.010,0.800,0.200,0.350,0.100,1.000,0.100,0.200,0.040,1.000,0.500,0.800,0.300,0.400
Crop,5451,0.050,0.000,0.050,0.080,0.030,0.050,0.030,0.500,0.010,0.010,0.800,0.200,0.350,0.100,1.000,0.100,0.200,0.040,1.000,0.500,0.800,0.300,0.400
Crop,5450,0.050,0.000,0.050,0.080,0.030,0.050,0.030,0.500,0.010,0.010,0.800,0.200,0.350,0.100,1.000,0.100,0.200,0.040,1.000,0.500,0.800,0.300,0.400
Crop,5449,0.050,0.000,0.050,0.080,0.030,0.050,0.030,0.500,0.010,0.010,0.800,0.200,0.350,0.100,1.000,0.100,0.200,0.040,1.000,0.500,0.800,0.300,0.400
Crop,5448,0.050,0.000,0.050,0.080,0.030,0.050,0.030,0.500,0.010,0.010,0.800,0.200,0.350,0.100,1.000,0.100,0.200,0.040,1.000,0.500,0.800,0.300,0.400
Crop,5447,0.050,0.000,0.050,0.080,0.030,0.050,0.030,0.500,0.010,0.010,0.800,0.200,0.350,0.100,1.000,0.100,0.200,0.040,1.000,0.500,0.800,0.300,0.400
Crop,5446,0.050,0.000,0.050,0.080,0.030,0.050,0.030,0.500,0.010,0.010,0.800,0.200,0.350,0.100,1.000,0.100,0.200,0.040,1.000,0.500,0.800,0.300,0.400
Crop,5445,0.050,0.000,0.050,0.080,0.030,0.050,0.030,0.500,0.010,0.010,0.800,0.200,0.350,0.100,1.000,0.100,0.200,0.040,1.000,0.500,0.800,0.300,0.400
Crop,5444,0.050,0.000,0.050,0.080,0.030,0.050,0.030,0.500,0.010,0.010,0.800,0.200,0.350,0.100,1.000,0.100,0.200,0.040,1.000,0.500,0.800,0.300,0.400
Crop,5443,0.050,0.000,0.050,0.080,0.030,0.050,0.030,0.500,0.010,0.010,0.800,0.200,0.350,0.100,1.000,0.100,0.200,0.040,1.000,0.500,0.800,0.300,0.400
Crop,5442,0.050,0.000,0.050,0.080,0.030,0.050,0.030,0.500,0.010,0.010,0.800,0.200,0.350,0.100,1.000,0.100,0.200,0.040,1.000,0.500,0.800,0.300,0.400
Crop,5441,0.050,0.000,0.050,0.080,0.030,0.050,0.030,0.500,0.010,0.010,0.800,0.200,0.350,0.100,1.000,0.100,0.200,0.040,1.000,0.500,0.800,0.300,0.400
Crop,5464,0.050,0.000,0.050,0.080,0.030,0.050,0.030,0.500,0.010,0.010,0.800,0.200,0.350,0.100,1.000,0.100,0.200,0.040,1.000,0.500,0.800,0.300,0.400
Crop,5492,0.050,0.000,0.050,0.080,0.030,0.050,0.030,0.500,0.010,0.010,0.800,0.200,0.350,0.100,1.000,0.100,0.200,0.040,1.000,0.500,0.800,0.300,0.400
Crop,5465,0.050,0.000,0.050,0.080,0.030,0.050,0.030,0.500,0.010,0.010,0.800,0.200,0.350,0.100,1.000,0.100,0.200,0.040,1.000,0.500,0.800,0.300,0.400
Crop,5467,0.050,0.000,0.050,0.080,0.030,0.050,0.030,0.500,0.010,0.010,0.800,0.200,0.350,0.100,1.000,0.100,0.200,0.040,1.000,0.500,0.800,0.300,0.400
Crop,5490,0.050,0.000,0.050,0.080,0.030,0.050,0.030,0.500,0.010,0.010,0.800,0.200,0.350,0.100,1.000,0.100,0.200,0.040,1.000,0.500,0.800,0.300,0.400
Crop,5489,0.050,0.000,0.050,0.080,0.030,0.050,0.030,0.500,0.010,0.010,0.800,0.200,0.350,0.100,1.000,0.100,0.200,0.040,1.000,0.500,0.800,0.300,0.400
Crop,5488,0.050,0.000,0.050,0.080,0.030,0.050,0.030,0.500,0.010,0.010,0.800,0.200,0.350,0.100,1.000,0.100,0.200,0.040,1.000,0.500,0.800,0.300,0.400
Crop,5487,0.050,0.000,0.050,0.080,0.030,0.050,0.030,0.500,0.010,0.010,0.800,0.200,0.350,0.100,1.000,0.100,0.200,0.040,1.000,0.500,0.800,0.300,0.400
Crop,5486,0.050,0.000,0.050,0.080,0.030,0.050,0.030,0.500,0.010,0.010,0.800,0.200,0.350,0.100,1.000,0.100,0.200,0.040,1.000,0.500,0.800,0.300,0.400
Crop,5485,0.050,0.000,0.050,0.080,0.030,0.050,0.030,0.500,0.010,0.010,0.800,0.200,0.350,0.100,1.000,0.100,0.200,0.040,1.000,0.500,0.800,0.300,0.400
Crop,5484,0.050,0.000,0.050,0.080,0.030,0.050,0.030,0.500,0.010,0.010,0.800,0.200,0.350,0.100,1.000,0.100,0.200,0.040,1.000,0.500,0.800,0.300,0.400
Crop,5483,0.050,0.000,0.050,0.080,0.030,0.050,0.030,0.500,0.010,0.010,0.800,0.200,0.350,0.100,1.000,0.100,0.200,0.040,1.000,0.500,0.800,0.300,0.400
Crop,5482,0.050,0.000,0.050,0.080,0.030,0.050,0.030,0.500,0.010,0.010,0.800,0.200,0.350,0.100,1.000,0.100,0.200,0.040,1.000,0.500,0.800,0.300,0.400
Crop,5481,0.050,0.000,0.050,0.080,0.030,0.050,0.030,0.500,0.010,0.010,0.800,0.200,0.350,0.100,1.000,0.100,0.200,0.040,1.000,0.500,0.800,0.300,0.400
Crop,5480,0.050,0.000,0.050,0.080,0.030,0.050,0.030,0.500,0.010,0.010,0.800,0.200,0.350,0.100,1.000,0.100,0.200,0.040,1.000,0.500,0.800,0.300,0.400
Crop,5479,0.050,0.000,0.050,0.080,0.030,0.050,0.030,0.500,0.010,0.010,0.800,0.200,0.350,0.100,1.000,0.100,0.200,0.040,1.000,0.500,0.800,0.300,0.400
Crop,5478,0.050,0.000,0.050,0.080,0.030,0.050,0.030,0.500,0.010,0.010,0.800,0.200,0.350,0.100,1.000,0.100,0.200,0.040,1.000,0.500,0.800,0.300,0.400
Crop,5477,0.050,0.000,0.050,0.080,0.030,0.050,0.030,0.500,0.010,0.010,0.800,0.200,0.350,0.100,1.000,0.100,0.200,0.040,1.000,0.500,0.800,0.300,0.400
Crop,5476,0.050,0.000,0.050,0.080,0.030,0.050,0.030,0.500,0.010,0.010,0.800,0.200,0.350,0.100,1.000,0.100,0.200,0.040,1.000,0.500,0.800,0.300,0.400
Crop,5475,0.050,0.000,0.050,0.080,0.030,0.050,0.030,0.500,0.010,0.010,0.800,0.200,0.350,0.100,1.000,0.100,0.200,0.040,1.000,0.500,0.800,0.300,0.400
Crop,5474,0.050,0.000,0.050,0.080,0.030,0.050,0.030,0.500,0.010,0.010,0.800,0.200,0.350,0.100,1.000,0.100,0.200,0.040,1.000,0.500,0.800,0.300,0.400
Crop,5473,0.050,0.000,0.050,0.080,0.030,0.050,0.030,0.500,0.010,0.010,0.800,0.200,0.350,0.100,1.000,0.100,0.200,0.040,1.000,0.500,0.800,0.300,0.400
Crop,5472,0.050,0.000,0.050,0.080,0.030,0.050,0.030,0.500,0.010,0.010,0.800,0.200,0.350,0.100,1.000,0.100,0.200,0.040,1.000,0.500,0.800,0.300,0.400
Crop,5471,0.050,0.000,0.050,0.080,0.030,0.050,0.030,0.500,0.010,0.010,0.800,0.200,0.350,0.100,1.000,0.100,0.200,0.040,1.000,0.500,0.800,0.300,0.400
Crop,5470,0.050,0.000,0.050,0.080,0.030,0.050,0.030,0.500,0.010,0.010,0.800,0.200,0.350,0.100,1.000,0.100,0.200,0.040,1.000,0.500,0.800,0.300,0.400
Crop,5469,0.050,0.000,0.050,0.080,0.030,0.050,0.030,0.500,0.010,0.010,0.800,0.200,0.350,0.100,1.000,0.100,0.200,0.040,1.000,0.500,0.800,0.300,0.400
Crop,5468,0.050,0.000,0.050,0.080,0.030,0.050,0.030,0.500,0.010,0.010,0.800,0.200,0.350,0.100,1.000,0.100,0.200,0.040,1.000,0.500,0.800,0.300,0.400
Crop,5466,0.050,0.000,0.050,0.080,0.030,0.050,0.030,0.500,0.010,0.010,0.800,0.200,0.350,0.100,1.000,0.100,0.200,0.040,1.000,0.500,0.800,0.300,0.400
Crop,5546,0.050,0.000,0.050,0.080,0.030,0.050,0.030,0.500,0.010,0.010,0.800,0.200,0.350,0.100,1.000,0.100,0.200,0.040,1.000,0.500,0.800,0.300,0.400
Crop,5547,0.050,0.000,0.050,0.080,0.030,0.050,0.030,0.500,0.010,0.010,0.800,0.200,0.350,0.100,1.000,0.100,0.200,0.040,1.000,0.500,0.800,0.300,0.400
Crop,5548,0.050,0.000,0.050,0.080,0.030,0.050,0.030,0.500,0.010,0.010,0.800,0.200,0.350,0.100,1.000,0.100,0.200,0.040,1.000,0.500,0.800,0.300,0.400
Crop,5626,0.050,0.000,0.050,0.080,0.030,0.050,0.030,0.500,0.010,0.010,0.800,0.200,0.350,0.100,1.000,0.100,0.200,0.040,1.000,0.500,0.800,0.300,0.400
Crop,5625,0.050,0.000,0.050,0.080,0.030,0.050,0.030,0.500,0.010,0.010,0.800,0.200,0.350,0.100,1.000,0.100,0.200,0.040,1.000,0.500,0.800,0.300,0.400
Crop,5624,0.050,0.000,0.050,0.080,0.030,0.050,0.030,0.500,0.010,0.010,0.800,0.200,0.350,0.100,1.000,0.100,0.200,0.040,1.000,0.500,0.800,0.300,0.400
Crop,5623,0.050,0.000,0.050,0.080,0.030,0.050,0.030,0.500,0.010,0.010,0.800,0.200,0.350,0.100,1.000,0.100,0.200,0.040,1.000,0.500,0.800,0.300,0.400
Crop,5622,0.050,0.000,0.050,0.080,0.030,0.050,0.030,0.500,0.010,0.010,0.800,0.200,0.350,0.100,1.000,0.100,0.200,0.040,1.000,0.500,0.800,0.300,0.400
Crop,5621,0.050,0.000,0.050,0.080,0.030,0.050,0.030,0.500,0.010,0.010,0.800,0.200,0.350,0.100,1.000,0.100,0.200,0.040,1.000,0.500,0.800,0.300,0.400
Crop,5620,0.050,0.000,0.050,0.080,0.030,0.050,0.030,0.500,0.010,0.010,0.800,0.200,0.350,0.100,1.000,0.100,0.200,0.040,1.000,0.500,0.800,0.300,0.400
Crop,5619,0.050,0.000,0.050,0.080,0.030,0.050,0.030,0.500,0.010,0.010,0.800,0.200,0.350,0.100,1.000,0.100,0.200,0.040,1.000,0.500,0.800,0.300,0.400
Crop,5618,0.050,0.000,0.050,0.080,0.030,0.050,0.030,0.500,0.010,0.010,0.800,0.200,0.350,0.100,1.000,0.100,0.200,0.040,1.000,0.500,0.800,0.300,0.400
Crop,5617,0.050,0.000,0.050,0.080,0.030,0.050,0.030,0.500,0.010,0.010,0.800,0.200,0.350,0.100,1.000,0.100,0.200,0.040,1.000,0.500,0.800,0.300,0.400
Crop,5616,0.050,0.000,0.050,0.080,0.030,0.050,0.030,0.500,0.010,0.010,0.800,0.200,0.350,0.100,1.000,0.100,0.200,0.040,1.000,0.500,0.800,0.300,0.400
Crop,5615,0.050,0.000,0.050,0.080,0.030,0.050,0.030,0.500,0.010,0.010,0.800,0.200,0.350,0.100,1.000,0.100,0.200,0.040,1.000,0.500,0.800,0.300,0.400
Crop,5614,0.050,0.000,0.050,0.080,0.030,0.050,0.030,0.500,0.010,0.010,0.800,0.200,0.350,0.100,1.000,0.100,0.200,0.040,1.000,0.500,0.800,0.300,0.400
Crop,5613,0.050,0.000,0.050,0.080,0.030,0.050,0.030,0.500,0.010,0.010,0.800,0.200,0.350,0.100,1.000,0.100,0.200,0.040,1.000,0.500,0.800,0.300,0.400
Crop,5612,0.050,0.000,0.050,0.080,0.030,0.050,0.030,0.500,0.010,0.010,0.800,0.200,0.350,0.100,1.000,0.100,0.200,0.040,1.000,0.500,0.800,0.300,0.400
Crop,5611,0.050,0.000,0.050,0.080,0.030,0.050,0.030,0.500,0.010,0.010,0.800,0.200,0.350,0.100,1.000,0.100,0.200,0.040,1.000,0.500,0.800,0.300,0.400
Crop,5610,0.050,0.000,0.050,0.080,0.030,0.050,0.030,0.500,0.010,0.010,0.800,0.200,0.350,0.100,1.000,0.100,0.200,0.040,1.000,0.500,0.800,0.300,0.400
Crop,5609,0.050,0.000,0.050,0.080,0.030,0.050,0.030,0.500,0.010,0.010,0.800,0.200,0.350,0.100,1.000,0.100,0.200,0.040,1.000,0.500,0.800,0.300,0.400
Crop,5608,0.050,0.000,0.050,0.080,0.030,0.050,0.030,0.500,0.010,0.010,0.800,0.200,0.350,0.100,1.000,0.100,0.200,0.040,1.000,0.500,0.800,0.300,0.400
Crop,5607,0.050,0.000,0.050,0.080,0.030,0.050,0.030,0.500,0.010,0.010,0.800,0.200,0.350,0.100,1.000,0.100,0.200,0.040,1.000,0.500,0.800,0.300,0.400
Crop,5606,0.050,0.000,0.050,0.080,0.030,0.050,0.030,0.500,0.010,0.010,0.800,0.200,0.350,0.100,1.000,0.100,0.200,0.040,1.000,0.500,0.800,0.300,0.400
Crop,5605,0.050,0.000,0.050,0.080,0.030,0.050,0.030,0.500,0.010,0.010,0.800,0.200,0.350,0.100,1.000,0.100,0.200,0.040,1.000,0.500,0.800,0.300,0.400
Crop,5604,0.050,0.000,0.050,0.080,0.030,0.050,0.030,0.500,0.010,0.010,0.800,0.200,0.350,0.100,1.000,0.100,0.200,0.040,1.000,0.500,0.800,0.300,0.400
Crop,5627,0.050,0.000,0.050,0.080,0.030,0.050,0.030,0.500,0.010,0.010,0.800,0.200,0.350,0.100,1.000,0.100,0.200,0.040,1.000,0.500,0.800,0.300,0.400
Crop,5603,0.050,0.000,0.050,0.080,0.030,0.050,0.030,0.500,0.010,0.010,0.800,0.200,0.350,0.100,1.000,0.100,0.200,0.040,1.000,0.500,0.800,0.300,0.400
Crop,5628,0.050,0.000,0.050,0.080,0.030,0.050,0.030,0.500,0.010,0.010,0.800,0.200,0.350,0.100,1.000,0.100,0.200,0.040,1.000,0.500,0.800,0.300,0.400
Crop,5630,0.050,0.000,0.050,0.080,0.030,0.050,0.030,0.500,0.010,0.010,0.800,0.200,0.350,0.100,1.000,0.100,0.200,0.040,1.000,0.500,0.800,0.300,0.400
Crop,5653,0.050,0.000,0.050,0.080,0.030,0.050,0.030,0.500,0.010,0.010,0.800,0.200,0.350,0.100,1.000,0.100,0.200,0.040,1.000,0.500,0.800,0.300,0.400
Crop,5652,0.050,0.000,0.050,0.080,0.030,0.050,0.030,0.500,0.010,0.010,0.800,0.200,0.350,0.100,1.000,0.100,0.200,0.040,1.000,0.500,0.800,0.300,0.400
Crop,5651,0.050,0.000,0.050,0.080,0.030,0.050,0.030,0.500,0.010,0.010,0.800,0.200,0.350,0.100,1.000,0.100,0.200,0.040,1.000,0.500,0.800,0.300,0.400
Crop,5650,0.050,0.000,0.050,0.080,0.030,0.050,0.030,0.500,0.010,0.010,0.800,0.200,0.350,0.100,1.000,0.100,0.200,0.040,1.000,0.500,0.800,0.300,0.400
Crop,5649,0.050,0.000,0.050,0.080,0.030,0.050,0.030,0.500,0.010,0.010,0.800,0.200,0.350,0.100,1.000,0.100,0.200,0.040,1.000,0.500,0.800,0.300,0.400
Crop,5648,0.050,0.000,0.050,0.080,0.030,0.050,0.030,0.500,0.010,0.010,0.800,0.200,0.350,0.100,1.000,0.100,0.200,0.040,1.000,0.500,0.800,0.300,0.400
Crop,5647,0.050,0.000,0.050,0.080,0.030,0.050,0.030,0.500,0.010,0.010,0.800,0.200,0.350,0.100,1.000,0.100,0.200,0.040,1.000,0.500,0.800,0.300,0.400
Crop,5646,0.050,0.000,0.050,0.080,0.030,0.050,0.030,0.500,0.010,0.010,0.800,0.200,0.350,0.100,1.000,0.100,0.200,0.040,1.000,0.500,0.800,0.300,0.400
Crop,5645,0.050,0.000,0.050,0.080,0.030,0.050,0.030,0.500,0.010,0.010,0.800,0.200,0.350,0.100,1.000,0.100,0.200,0.040,1.000,0.500,0.800,0.300,0.400
Crop,5644,0.050,0.000,0.050,0.080,0.030,0.050,0.030,0.500,0.010,0.010,0.800,0.200,0.350,0.100,1.000,0.100,0.200,0.040,1.000,0.500,0.800,0.300,0.400
Crop,5643,0.050,0.000,0.050,0.080,0.030,0.050,0.030,0.500,0.010,0.010,0.800,0.200,0.350,0.100,1.000,0.100,0.200,0.040,1.000,0.500,0.800,0.300,0.400
Crop,5642,0.050,0.000,0.050,0.080,0.030,0.050,0.030,0.500,0.010,0.010,0.800,0.200,0.350,0.100,1.000,0.100,0.200,0.040,1.000,0.500,0.800,0.300,0.400
Crop,5641,0.050,0.000,0.050,0.080,0.030,0.050,0.030,0.500,0.010,0.010,0.800,0.200,0.350,0.100,1.000,0.100,0.200,0.040,1.000,0.500,0.800,0.300,0.400
Crop,5640,0.050,0.000,0.050,0.080,0.030,0.050,0.030,0.500,0.010,0.010,0.800,0.200,0.350,0.100,1.000,0.100,0.200,0.040,1.000,0.500,0.800,0.300,0.400
Crop,5639,0.050,0.000,0.050,0.080,0.030,0.050,0.030,0.500,0.010,0.010,0.800,0.200,0.350,0.100,1.000,0.100,0.200,0.040,1.000,0.500,0.800,0.300,0.400
Crop,5638,0.050,0.000,0.050,0.080,0.030,0.050,0.030,0.500,0.010,0.010,0.800,0.200,0.350,0.100,1.000,0.100,0.200,0.040,1.000,0.500,0.800,0.300,0.400
Crop,5637,0.050,0.000,0.050,0.080,0.030,0.050,0.030,0.500,0.010,0.010,0.800,0.200,0.350,0.100,1.000,0.100,0.200,0.040,1.000,0.500,0.800,0.300,0.400
Crop,5636,0.050,0.000,0.050,0.080,0.030,0.050,0.030,0.500,0.010,0.010,0.800,0.200,0.350,0.100,1.000,0.100,0.200,0.040,1.000,0.500,0.800,0.300,0.400
Crop,5635,0.050,0.000,0.050,0.080,0.030,0.050,0.030,0.500,0.010,0.010,0.800,0.200,0.350,0.100,1.000,0.100,0.200,0.040,1.000,0.500,0.800,0.300,0.400
Crop,5634,0.050,0.000,0.050,0.080,0.030,0.050,0.030,0.500,0.010,0.010,0.800,0.200,0.350,0.100,1.000,0.100,0.200,0.040,1.000,0.500,0.800,0.300,0.400
Crop,5633,0.050,0.000,0.050,0.080,0.030,0.050,0.030,0.500,0.010,0.010,0.800,0.200,0.350,0.100,1.000,0.100,0.200,0.040,1.000,0.500,0.800,0.300,0.400
Crop,5632,0.050,0.000,0.050,0.080,0.030,0.050,0.030,0.500,0.010,0.010,0.800,0.200,0.350,0.100,1.000,0.100,0.200,0.040,1.000,0.500,0.800,0.300,0.400
Crop,5631,0.050,0.000,0.050,0.080,0.030,0.050,0.030,0.500,0.010,0.010,0.800,0.200,0.350,0.100,1.000,0.100,0.200,0.040,1.000,0.500,0.800,0.300,0.400
Crop,5629,0.050,0.000,0.050,0.080,0.030,0.050,0.030,0.500,0.010,0.010,0.800,0.200,0.350,0.100,1.000,0.100,0.200,0.040,1.000,0.500,0.800,0.300,0.400
Crop,5602,0.050,0.000,0.050,0.080,0.030,0.050,0.030,0.500,0.010,0.010,0.800,0.200,0.350,0.100,1.000,0.100,0.200,0.040,1.000,0.500,0.800,0.300,0.400
Crop,5601,0.050,0.000,0.050,0.080,0.030,0.050,0.030,0.500,0.010,0.010,0.800,0.200,0.350,0.100,1.000,0.100,0.200,0.040,1.000,0.500,0.800,0.300,0.400
Crop,5600,0.050,0.000,0.050,0.080,0.030,0.050,0.030,0.500,0.010,0.010,0.800,0.200,0.350,0.100,1.000,0.100,0.200,0.040,1.000,0.500,0.800,0.300,0.400
Crop,5571,0.050,0.000,0.050,0.080,0.030,0.050,0.030,0.500,0.010,0.010,0.800,0.200,0.350,0.100,1.000,0.100,0.200,0.040,1.000,0.500,0.800,0.300,0.400
Crop,5570,0.050,0.000,0.050,0.080,0.030,0.050,0.030,0.500,0.010,0.010,0.800,0.200,0.350,0.100,1.000,0.100,0.200,0.040,1.000,0.500,0.800,0.300,0.400
Crop,5569,0.050,0.000,0.050,0.080,0.030,0.050,0.030,0.500,0.010,0.010,0.800,0.200,0.350,0.100,1.000,0.100,0.200,0.040,1.000,0.500,0.800,0.300,0.400
Crop,5568,0.050,0.000,0.050,0.080,0.030,0.050,0.030,0.500,0.010,0.010,0.800,0.200,0.350,0.100,1.000,0.100,0.200,0.040,1.000,0.500,0.800,0.300,0.400
Crop,5567,0.050,0.000,0.050,0.080,0.030,0.050,0.030,0.500,0.010,0.010,0.800,0.200,0.350,0.100,1.000,0.100,0.200,0.040,1.000,0.500,0.800,0.300,0.400
Crop,5566,0.050,0.000,0.050,0.080,0.030,0.050,0.030,0.500,0.010,0.010,0.800,0.200,0.350,0.100,1.000,0.100,0.200,0.040,1.000,0.500,0.800,0.300,0.400
Crop,5565,0.050,0.000,0.050,0.080,0.030,0.050,0.030,0.500,0.010,0.010,0.800,0.200,0.350,0.100,1.000,0.100,0.200,0.040,1.000,0.500,0.800,0.300,0.400
Crop,5564,0.050,0.000,0.050,0.080,0.030,0.050,0.030,0.500,0.010,0.010,0.800,0.200,0.350,0.100,1.000,0.100,0.200,0.040,1.000,0.500,0.800,0.300,0.400
Crop,5563,0.050,0.000,0.050,0.080,0.030,0.050,0.030,0.500,0.010,0.010,0.800,0.200,0.350,0.100,1.000,0.100,0.200,0.040,1.000,0.500,0.800,0.300,0.400
Crop,5562,0.050,0.000,0.050,0.080,0.030,0.050,0.030,0.500,0.010,0.010,0.800,0.200,0.350,0.100,1.000,0.100,0.200,0.040,1.000,0.500,0.800,0.300,0.400
Crop,5561,0.050,0.000,0.050,0.080,0.030,0.050,0.030,0.500,0.010,0.010,0.800,0.200,0.350,0.100,1.000,0.100,0.200,0.040,1.000,0.500,0.800,0.300,0.400
Crop,5560,0.050,0.000,0.050,0.080,0.030,0.050,0.030,0.500,0.010,0.010,0.800,0.200,0.350,0.100,1.000,0.100,0.200,0.040,1.000,0.500,0.800,0.300,0.400
Crop,5559,0.050,0.000,0.050,0.080,0.030,0.050,0.030,0.500,0.010,0.010,0.800,0.200,0.350,0.100,1.000,0.100,0.200,0.040,1.000,0.500,0.800,0.300,0.400
Crop,5558,0.050,0.000,0.050,0.080,0.030,0.050,0.030,0.500,0.010,0.010,0.800,0.200,0.350,0.100,1.000,0.100,0.200,0.040,1.000,0.500,0.800,0.300,0.400
Crop,5557,0.050,0.000,0.050,0.080,0.030,0.050,0.030,0.500,0.010,0.010,0.800,0.200,0.350,0.100,1.000,0.100,0.200,0.040,1.000,0.500,0.800,0.300,0.400
Crop,5556,0.050,0.000,0.050,0.080,0.030,0.050,0.030,0.500,0.010,0.010,0.800,0.200,0.350,0.100,1.000,0.100,0.200,0.040,1.000,0.500,0.800,0.300,0.400
Crop,5555,0.050,0.000,0.050,0.080,0.030,0.050,0.030,0.500,0.010,0.010,0.800,0.200,0.350,0.100,1.000,0.100,0.200,0.040,1.000,0.500,0.800,0.300,0.400
Crop,5554,0.050,0.000,0.050,0.080,0.030,0.050,0.030,0.500,0.010,0.010,0.800,0.200,0.350,0.100,1.000,0.100,0.200,0.040,1.000,0.500,0.800,0.300,0.400
Crop,5553,0.050,0.000,0.050,0.080,0.030,0.050,0.030,0.500,0.010,0.010,0.800,0.200,0.350,0.100,1.000,0.100,0.200,0.040,1.000,0.500,0.800,0.300,0.400
Crop,5552,0.050,0.000,0.050,0.080,0.030,0.050,0.030,0.500,0.010,0.010,0.800,0.200,0.350,0.100,1.000,0.100,0.200,0.040,1.000,0.500,0.800,0.300,0.400
Crop,5551,0.050,0.000,0.050,0.080,0.030,0.050,0.030,0.500,0.010,0.010,0.800,0.200,0.350,0.100,1.000,0.100,0.200,0.040,1.000,0.500,0.800,0.300,0.400
Crop,5550,0.050,0.000,0.050,0.080,0.030,0.050,0.030,0.500,0.010,0.010,0.800,0.200,0.350,0.100,1.000,0.100,0.200,0.040,1.000,0.500,0.800,0.300,0.400
Crop,5549,0.050,0.000,0.050,0.080,0.030,0.050,0.030,0.500,0.010,0.010,0.800,0.200,0.350,0.100,1.000,0.100,0.200,0.040,1.000,0.500,0.800,0.300,0.400
Crop,5572,0.050,0.000,0.050,0.080,0.030,0.050,0.030,0.500,0.010,0.010,0.800,0.200,0.350,0.100,1.000,0.100,0.200,0.040,1.000,0.500,0.800,0.300,0.400
Crop,5573,0.050,0.000,0.050,0.080,0.030,0.050,0.030,0.500,0.010,0.010,0.800,0.200,0.350,0.100,1.000,0.100,0.200,0.040,1.000,0.500,0.800,0.300,0.400
Crop,5574,0.050,0.000,0.050,0.080,0.030,0.050,0.030,0.500,0.010,0.010,0.800,0.200,0.350,0.100,1.000,0.100,0.200,0.040,1.000,0.500,0.800,0.300,0.400
Crop,5575,0.050,0.000,0.050,0.080,0.030,0.050,0.030,0.500,0.010,0.010,0.800,0.200,0.350,0.100,1.000,0.100,0.200,0.040,1.000,0.500,0.800,0.300,0.400
Crop,5599,0.050,0.000,0.050,0.080,0.030,0.050,0.030,0.500,0.010,0.010,0.800,0.200,0.350,0.100,1.000,0.100,0.200,0.040,1.000,0.500,0.800,0.300,0.400
Crop,5598,0.050,0.000,0.050,0.080,0.030,0.050,0.030,0.500,0.010,0.010,0.800,0.200,0.350,0.100,1.000,0.100,0.200,0.040,1.000,0.500,0.800,0.300,0.400
Crop,5597,0.050,0.000,0.050,0.080,0.030,0.050,0.030,0.500,0.010,0.010,0.800,0.200,0.350,0.100,1.000,0.100,0.200,0.040,1.000,0.500,0.800,0.300,0.400
Crop,5596,0.050,0.000,0.050,0.080,0.030,0.050,0.030,0.500,0.010,0.010,0.800,0.200,0.350,0.100,1.000,0.100,0.200,0.040,1.000,0.500,0.800,0.300,0.400
Crop,5595,0.050,0.000,0.050,0.080,0.030,0.050,0.030,0.500,0.010,0.010,0.800,0.200,0.350,0.100,1.000,0.100,0.200,0.040,1.000,0.500,0.800,0.300,0.400
Crop,5594,0.050,0.000,0.050,0.080,0.030,0.050,0.030,0.500,0.010,0.010,0.800,0.200,0.350,0.100,1.000,0.100,0.200,0.040,1.000,0.500,0.800,0.300,0.400
Crop,5593,0.050,0.000,0.050,0.080,0.030,0.050,0.030,0.500,0.010,0.010,0.800,0.200,0.350,0.100,1.000,0.100,0.200,0.040,1.000,0.500,0.800,0.300,0.400
Crop,5592,0.050,0.000,0.050,0.080,0.030,0.050,0.030,0.500,0.010,0.010,0.800,0.200,0.350,0.100,1.000,0.100,0.200,0.040,1.000,0.500,0.800,0.300,0.400
Crop,5591,0.050,0.000,0.050,0.080,0.030,0.050,0.030,0.500,0.010,0.010,0.800,0.200,0.350,0.100,1.000,0.100,0.200,0.040,1.000,0.500,0.800,0.300,0.400
Crop,5590,0.050,0.000,0.050,0.080,0.030,0.050,0.030,0.500,0.010,0.010,0.800,0.200,0.350,0.100,1.000,0.100,0.200,0.040,1.000,0.500,0.800,0.300,0.400
Crop,5589,0.050,0.000,0.050,0.080,0.030,0.050,0.030,0.500,0.010,0.010,0.800,0.200,0.350,0.100,1.000,0.100,0.200,0.040,1.000,0.500,0.800,0.300,0.400
Crop,5439,0.050,0.000,0.050,0.080,0.030,0.050,0.030,0.500,0.010,0.010,0.800,0.200,0.350,0.100,1.000,0.100,0.200,0.040,1.000,0.500,0.800,0.300,0.400
Crop,5588,0.050,0.000,0.050,0.080,0.030,0.050,0.030,0.500,0.010,0.010,0.800,0.200,0.350,0.100,1.000,0.100,0.200,0.040,1.000,0.500,0.800,0.300,0.400
Crop,5586,0.050,0.000,0.050,0.080,0.030,0.050,0.030,0.500,0.010,0.010,0.800,0.200,0.350,0.100,1.000,0.100,0.200,0.040,1.000,0.500,0.800,0.300,0.400
Crop,5585,0.050,0.000,0.050,0.080,0.030,0.050,0.030,0.500,0.010,0.010,0.800,0.200,0.350,0.100,1.000,0.100,0.200,0.040,1.000,0.500,0.800,0.300,0.400
Crop,5584,0.050,0.000,0.050,0.080,0.030,0.050,0.030,0.500,0.010,0.010,0.800,0.200,0.350,0.100,1.000,0.100,0.200,0.040,1.000,0.500,0.800,0.300,0.400
Crop,5583,0.050,0.000,0.050,0.080,0.030,0.050,0.030,0.500,0.010,0.010,0.800,0.200,0.350,0.100,1.000,0.100,0.200,0.040,1.000,0.500,0.800,0.300,0.400
Crop,5582,0.050,0.000,0.050,0.080,0.030,0.050,0.030,0.500,0.010,0.010,0.800,0.200,0.350,0.100,1.000,0.100,0.200,0.040,1.000,0.500,0.800,0.300,0.400
Crop,5581,0.050,0.000,0.050,0.080,0.030,0.050,0.030,0.500,0.010,0.010,0.800,0.200,0.350,0.100,1.000,0.100,0.200,0.040,1.000,0.500,0.800,0.300,0.400
Crop,5580,0.050,0.000,0.050,0.080,0.030,0.050,0.030,0.500,0.010,0.010,0.800,0.200,0.350,0.100,1.000,0.100,0.200,0.040,1.000,0.500,0.800,0.300,0.400
Crop,5579,0.050,0.000,0.050,0.080,0.030,0.050,0.030,0.500,0.010,0.010,0.800,0.200,0.350,0.100,1.000,0.100,0.200,0.040,1.000,0.500,0.800,0.300,0.400
Crop,5578,0.050,0.000,0.050,0.080,0.030,0.050,0.030,0.500,0.010,0.010,0.800,0.200,0.350,0.100,1.000,0.100,0.200,0.040,1.000,0.500,0.800,0.300,0.400
Crop,5577,0.050,0.000,0.050,0.080,0.030,0.050,0.030,0.500,0.010,0.010,0.800,0.200,0.350,0.100,1.000,0.100,0.200,0.040,1.000,0.500,0.800,0.300,0.400
Crop,5576,0.050,0.000,0.050,0.080,0.030,0.050,0.030,0.500,0.010,0.010,0.800,0.200,0.350,0.100,1.000,0.100,0.200,0.040,1.000,0.500,0.800,0.300,0.400
Crop,5587,0.050,0.000,0.050,0.080,0.030,0.050,0.030,0.500,0.010,0.010,0.800,0.200,0.350,0.100,1.000,0.100,0.200,0.040,1.000,0.500,0.800,0.300,0.400
Crop,5005,0.050,0.000,0.050,0.080,0.030,0.050,0.030,0.500,0.010,0.010,0.800,0.200,0.350,0.100,1.000,0.100,0.200,0.040,1.000,0.500,0.800,0.300,0.400
Crop,5436,0.050,0.000,0.050,0.080,0.030,0.050,0.030,0.500,0.010,0.010,0.800,0.200,0.350,0.100,1.000,0.100,0.200,0.040,1.000,0.500,0.800,0.300,0.400
Crop,5003,0.050,0.000,0.050,0.080,0.030,0.050,0.030,0.500,0.010,0.010,0.800,0.200,0.350,0.100,1.000,0.100,0.200,0.040,1.000,0.500,0.800,0.300,0.400
Crop,3301,0.050,0.000,0.050,0.080,0.030,0.050,0.030,0.500,0.010,0.010,0.800,0.200,0.350,0.100,1.000,0.100,0.200,0.040,1.000,0.500,0.800,0.300,0.400
Crop,3300,0.050,0.000,0.050,0.080,0.030,0.050,0.030,0.500,0.010,0.010,0.800,0.200,0.350,0.100,1.000,0.100,0.200,0.040,1.000,0.500,0.800,0.300,0.400
Crop,3299,0.050,0.000,0.050,0.080,0.030,0.050,0.030,0.500,0.010,0.010,0.800,0.200,0.350,0.100,1.000,0.100,0.200,0.040,1.000,0.500,0.800,0.300,0.400
Crop,3298,0.050,0.000,0.050,0.080,0.030,0.050,0.030,0.500,0.010,0.010,0.800,0.200,0.350,0.100,1.000,0.100,0.200,0.040,1.000,0.500,0.800,0.300,0.400
Crop,3297,0.050,0.000,0.050,0.080,0.030,0.050,0.030,0.500,0.010,0.010,0.800,0.200,0.350,0.100,1.000,0.100,0.200,0.040,1.000,0.500,0.800,0.300,0.400
Crop,3296,0.050,0.000,0.050,0.080,0.030,0.050,0.030,0.500,0.010,0.010,0.800,0.200,0.350,0.100,1.000,0.100,0.200,0.040,1.000,0.500,0.800,0.300,0.400
Crop,3295,0.050,0.000,0.050,0.080,0.030,0.050,0.030,0.500,0.010,0.010,0.800,0.200,0.350,0.100,1.000,0.100,0.200,0.040,1.000,0.500,0.800,0.300,0.400
Crop,3294,0.050,0.000,0.050,0.080,0.030,0.050,0.030,0.500,0.010,0.010,0.800,0.200,0.350,0.100,1.000,0.100,0.200,0.040,1.000,0.500,0.800,0.300,0.400
Crop,3293,0.050,0.000,0.050,0.080,0.030,0.050,0.030,0.500,0.010,0.010,0.800,0.200,0.350,0.100,1.000,0.100,0.200,0.040,1.000,0.500,0.800,0.300,0.400
Crop,3292,0.050,0.000,0.050,0.080,0.030,0.050,0.030,0.500,0.010,0.010,0.800,0.200,0.350,0.100,1.000,0.100,0.200,0.040,1.000,0.500,0.800,0.300,0.400
Crop,3291,0.050,0.000,0.050,0.080,0.030,0.050,0.030,0.500,0.010,0.010,0.800,0.200,0.350,0.100,1.000,0.100,0.200,0.040,1.000,0.500,0.800,0.300,0.400
Crop,3290,0.050,0.000,0.050,0.080,0.030,0.050,0.030,0.500,0.010,0.010,0.800,0.200,0.350,0.100,1.000,0.100,0.200,0.040,1.000,0.500,0.800,0.300,0.400
Crop,3289,0.050,0.000,0.050,0.080,0.030,0.050,0.030,0.500,0.010,0.010,0.800,0.200,0.350,0.100,1.000,0.100,0.200,0.040,1.000,0.500,0.800,0.300,0.400
Crop,3288,0.050,0.000,0.050,0.080,0.030,0.050,0.030,0.500,0.010,0.010,0.800,0.200,0.350,0.100,1.000,0.100,0.200,0.040,1.000,0.500,0.800,0.300,0.400
Crop,3287,0.050,0.000,0.050,0.080,0.030,0.050,0.030,0.500,0.010,0.010,0.800,0.200,0.350,0.100,1.000,0.100,0.200,0.040,1.000,0.500,0.800,0.300,0.400
Crop,3286,0.050,0.000,0.050,0.080,0.030,0.050,0.030,0.500,0.010,0.010,0.800,0.200,0.350,0.100,1.000,0.100,0.200,0.040,1.000,0.500,0.800,0.300,0.400
Crop,3285,0.050,0.000,0.050,0.080,0.030,0.050,0.030,0.500,0.010,0.010,0.800,0.200,0.350,0.100,1.000,0.100,0.200,0.040,1.000,0.500,0.800,0.300,0.400
Crop,3284,0.050,0.000,0.050,0.080,0.030,0.050,0.030,0.500,0.010,0.010,0.800,0.200,0.350,0.100,1.000,0.100,0.200,0.040,1.000,0.500,0.800,0.300,0.400
Crop,3283,0.050,0.000,0.050,0.080,0.030,0.050,0.030,0.500,0.010,0.010,0.800,0.200,0.350,0.100,1.000,0.100,0.200,0.040,1.000,0.500,0.800,0.300,0.400
Crop,3282,0.050,0.000,0.050,0.080,0.030,0.050,0.030,0.500,0.010,0.010,0.800,0.200,0.350,0.100,1.000,0.100,0.200,0.040,1.000,0.500,0.800,0.300,0.400
Crop,3281,0.050,0.000,0.050,0.080,0.030,0.050,0.030,0.500,0.010,0.010,0.800,0.200,0.350,0.100,1.000,0.100,0.200,0.040,1.000,0.500,0.800,0.300,0.400
Crop,3280,0.050,0.000,0.050,0.080,0.030,0.050,0.030,0.500,0.010,0.010,0.800,0.200,0.350,0.100,1.000,0.100,0.200,0.040,1.000,0.500,0.800,0.300,0.400
Crop,3279,0.050,0.000,0.050,0.080,0.030,0.050,0.030,0.500,0.010,0.010,0.800,0.200,0.350,0.100,1.000,0.100,0.200,0.040,1.000,0.500,0.800,0.300,0.400
Crop,3302,0.050,0.000,0.050,0.080,0.030,0.050,0.030,0.500,0.010,0.010,0.800,0.200,0.350,0.100,1.000,0.100,0.200,0.040,1.000,0.500,0.800,0.300,0.400
Crop,3278,0.050,0.000,0.050,0.080,0.030,0.050,0.030,0.500,0.010,0.010,0.800,0.200,0.350,0.100,1.000,0.100,0.200,0.040,1.000,0.500,0.800,0.300,0.400
Crop,3303,0.050,0.000,0.050,0.080,0.030,0.050,0.030,0.500,0.010,0.010,0.800,0.200,0.350,0.100,1.000,0.100,0.200,0.040,1.000,0.500,0.800,0.300,0.400
Crop,3305,0.050,0.000,0.050,0.080,0.030,0.050,0.030,0.500,0.010,0.010,0.800,0.200,0.350,0.100,1.000,0.100,0.200,0.040,1.000,0.500,0.800,0.300,0.400
Crop,3328,0.050,0.000,0.050,0.080,0.030,0.050,0.030,0.500,0.010,0.010,0.800,0.200,0.350,0.100,1.000,0.100,0.200,0.040,1.000,0.500,0.800,0.300,0.400
Crop,3327,0.050,0.000,0.050,0.080,0.030,0.050,0.030,0.500,0.010,0.010,0.800,0.200,0.350,0.100,1.000,0.100,0.200,0.040,1.000,0.500,0.800,0.300,0.400
Crop,3326,0.050,0.000,0.050,0.080,0.030,0.050,0.030,0.500,0.010,0.010,0.800,0.200,0.350,0.100,1.000,0.100,0.200,0.040,1.000,0.500,0.800,0.300,0.400
Crop,3325,0.050,0.000,0.050,0.080,0.030,0.050,0.030,0.500,0.010,0.010,0.800,0.200,0.350,0.100,1.000,0.100,0.200,0.040,1.000,0.500,0.800,0.300,0.400
Crop,3324,0.050,0.000,0.050,0.080,0.030,0.050,0.030,0.500,0.010,0.010,0.800,0.200,0.350,0.100,1.000,0.100,0.200,0.040,1.000,0.500,0.800,0.300,0.400
Crop,3323,0.050,0.000,0.050,0.080,0.030,0.050,0.030,0.500,0.010,0.010,0.800,0.200,0.350,0.100,1.000,0.100,0.200,0.040,1.000,0.500,0.800,0.300,0.400
Crop,3322,0.050,0.000,0.050,0.080,0.030,0.050,0.030,0.500,0.010,0.010,0.800,0.200,0.350,0.100,1.000,0.100,0.200,0.040,1.000,0.500,0.800,0.300,0.400
Crop,3321,0.050,0.000,0.050,0.080,0.030,0.050,0.030,0.500,0.010,0.010,0.800,0.200,0.350,0.100,1.000,0.100,0.200,0.040,1.000,0.500,0.800,0.300,0.400
Crop,3320,0.050,0.000,0.050,0.080,0.030,0.050,0.030,0.500,0.010,0.010,0.800,0.200,0.350,0.100,1.000,0.100,0.200,0.040,1.000,0.500,0.800,0.300,0.400
Crop,3319,0.050,0.000,0.050,0.080,0.030,0.050,0.030,0.500,0.010,0.010,0.800,0.200,0.350,0.100,1.000,0.100,0.200,0.040,1.000,0.500,0.800,0.300,0.400
Crop,3318,0.050,0.000,0.050,0.080,0.030,0.050,0.030,0.500,0.010,0.010,0.800,0.200,0.350,0.100,1.000,0.100,0.200,0.040,1.000,0.500,0.800,0.300,0.400
Crop,3317,0.050,0.000,0.050,0.080,0.030,0.050,0.030,0.500,0.010,0.010,0.800,0.200,0.350,0.100,1.000,0.100,0.200,0.040,1.000,0.500,0.800,0.300,0.400
Crop,3316,0.050,0.000,0.050,0.080,0.030,0.050,0.030,0.500,0.010,0.010,0.800,0.200,0.350,0.100,1.000,0.100,0.200,0.040,1.000,0.500,0.800,0.300,0.400
Crop,3315,0.050,0.000,0.050,0.080,0.030,0.050,0.030,0.500,0.010,0.010,0.800,0.200,0.350,0.100,1.000,0.100,0.200,0.040,1.000,0.500,0.800,0.300,0.400
Crop,3314,0.050,0.000,0.050,0.080,0.030,0.050,0.030,0.500,0.010,0.010,0.800,0.200,0.350,0.100,1.000,0.100,0.200,0.040,1.000,0.500,0.800,0.300,0.400
Crop,3313,0.050,0.000,0.050,0.080,0.030,0.050,0.030,0.500,0.010,0.010,0.800,0.200,0.350,0.100,1.000,0.100,0.200,0.040,1.000,0.500,0.800,0.300,0.400
Crop,3312,0.050,0.000,0.050,0.080,0.030,0.050,0.030,0.500,0.010,0.010,0.800,0.200,0.350,0.100,1.000,0.100,0.200,0.040,1.000,0.500,0.800,0.300,0.400
Crop,3311,0.050,0.000,0.050,0.080,0.030,0.050,0.030,0.500,0.010,0.010,0.800,0.200,0.350,0.100,1.000,0.100,0.200,0.040,1.000,0.500,0.800,0.300,0.400
Crop,3310,0.050,0.000,0.050,0.080,0.030,0.050,0.030,0.500,0.010,0.010,0.800,0.200,0.350,0.100,1.000,0.100,0.200,0.040,1.000,0.500,0.800,0.300,0.400
Crop,3309,0.050,0.000,0.050,0.080,0.030,0.050,0.030,0.500,0.010,0.010,0.800,0.200,0.350,0.100,1.000,0.100,0.200,0.040,1.000,0.500,0.800,0.300,0.400
Crop,3308,0.050,0.000,0.050,0.080,0.030,0.050,0.030,0.500,0.010,0.010,0.800,0.200,0.350,0.100,1.000,0.100,0.200,0.040,1.000,0.500,0.800,0.300,0.400
Crop,3307,0.050,0.000,0.050,0.080,0.030,0.050,0.030,0.500,0.010,0.010,0.800,0.200,0.350,0.100,1.000,0.100,0.200,0.040,1.000,0.500,0.800,0.300,0.400
Crop,3306,0.050,0.000,0.050,0.080,0.030,0.050,0.030,0.500,0.010,0.010,0.800,0.200,0.350,0.100,1.000,0.100,0.200,0.040,1.000,0.500,0.800,0.300,0.400
Crop,3304,0.050,0.000,0.050,0.080,0.030,0.050,0.030,0.500,0.010,0.010,0.800,0.200,0.350,0.100,1.000,0.100,0.200,0.040,1.000,0.500,0.800,0.300,0.400
Crop,3329,0.050,0.000,0.050,0.080,0.030,0.050,0.030,0.500,0.010,0.010,0.800,0.200,0.350,0.100,1.000,0.100,0.200,0.040,1.000,0.500,0.800,0.300,0.400
Crop,3277,0.050,0.000,0.050,0.080,0.030,0.050,0.030,0.500,0.010,0.010,0.800,0.200,0.350,0.100,1.000,0.100,0.200,0.040,1.000,0.500,0.800,0.300,0.400
Crop,3275,0.050,0.000,0.050,0.080,0.030,0.050,0.030,0.500,0.010,0.010,0.800,0.200,0.350,0.100,1.000,0.100,0.200,0.040,1.000,0.500,0.800,0.300,0.400
Crop,3247,0.050,0.000,0.050,0.080,0.030,0.050,0.030,0.500,0.010,0.010,0.800,0.200,0.350,0.100,1.000,0.100,0.200,0.040,1.000,0.500,0.800,0.300,0.400
Crop,3245,0.050,0.000,0.050,0.080,0.030,0.050,0.030,0.500,0.010,0.010,0.800,0.200,0.350,0.100,1.000,0.100,0.200,0.040,1.000,0.500,0.800,0.300,0.400
Crop,3244,0.050,0.000,0.050,0.080,0.030,0.050,0.030,0.500,0.010,0.010,0.800,0.200,0.350,0.100,1.000,0.100,0.200,0.040,1.000,0.500,0.800,0.300,0.400
Crop,3243,0.050,0.000,0.050,0.080,0.030,0.050,0.030,0.500,0.010,0.010,0.800,0.200,0.350,0.100,1.000,0.100,0.200,0.040,1.000,0.500,0.800,0.300,0.400
Crop,3242,0.050,0.000,0.050,0.080,0.030,0.050,0.030,0.500,0.010,0.010,0.800,0.200,0.350,0.100,1.000,0.100,0.200,0.040,1.000,0.500,0.800,0.300,0.400
Crop,3241,0.050,0.000,0.050,0.080,0.030,0.050,0.030,0.500,0.010,0.010,0.800,0.200,0.350,0.100,1.000,0.100,0.200,0.040,1.000,0.500,0.800,0.300,0.400
Crop,3240,0.050,0.000,0.050,0.080,0.030,0.050,0.030,0.500,0.010,0.010,0.800,0.200,0.350,0.100,1.000,0.100,0.200,0.040,1.000,0.500,0.800,0.300,0.400
Crop,3239,0.050,0.000,0.050,0.080,0.030,0.050,0.030,0.500,0.010,0.010,0.800,0.200,0.350,0.100,1.000,0.100,0.200,0.040,1.000,0.500,0.800,0.300,0.400
Crop,3238,0.050,0.000,0.050,0.080,0.030,0.050,0.030,0.500,0.010,0.010,0.800,0.200,0.350,0.100,1.000,0.100,0.200,0.040,1.000,0.500,0.800,0.300,0.400
Crop,3237,0.050,0.000,0.050,0.080,0.030,0.050,0.030,0.500,0.010,0.010,0.800,0.200,0.350,0.100,1.000,0.100,0.200,0.040,1.000,0.500,0.800,0.300,0.400
Crop,3236,0.050,0.000,0.050,0.080,0.030,0.050,0.030,0.500,0.010,0.010,0.800,0.200,0.350,0.100,1.000,0.100,0.200,0.040,1.000,0.500,0.800,0.300,0.400
Crop,3235,0.050,0.000,0.050,0.080,0.030,0.050,0.030,0.500,0.010,0.010,0.800,0.200,0.350,0.100,1.000,0.100,0.200,0.040,1.000,0.500,0.800,0.300,0.400
Crop,3234,0.050,0.000,0.050,0.080,0.030,0.050,0.030,0.500,0.010,0.010,0.800,0.200,0.350,0.100,1.000,0.100,0.200,0.040,1.000,0.500,0.800,0.300,0.400
Crop,3233,0.050,0.000,0.050,0.080,0.030,0.050,0.030,0.500,0.010,0.010,0.800,0.200,0.350,0.100,1.000,0.100,0.200,0.040,1.000,0.500,0.800,0.300,0.400
Crop,3232,0.050,0.000,0.050,0.080,0.030,0.050,0.030,0.500,0.010,0.010,0.800,0.200,0.350,0.100,1.000,0.100,0.200,0.040,1.000,0.500,0.800,0.300,0.400
Crop,3231,0.050,0.000,0.050,0.080,0.030,0.050,0.030,0.500,0.010,0.010,0.800,0.200,0.350,0.100,1.000,0.100,0.200,0.040,1.000,0.500,0.800,0.300,0.400
Crop,3230,0.050,0.000,0.050,0.080,0.030,0.050,0.030,0.500,0.010,0.010,0.800,0.200,0.350,0.100,1.000,0.100,0.200,0.040,1.000,0.500,0.800,0.300,0.400
Crop,3229,0.050,0.000,0.050,0.080,0.030,0.050,0.030,0.500,0.010,0.010,0.800,0.200,0.350,0.100,1.000,0.100,0.200,0.040,1.000,0.500,0.800,0.300,0.400
Crop,3228,0.050,0.000,0.050,0.080,0.030,0.050,0.030,0.500,0.010,0.010,0.800,0.200,0.350,0.100,1.000,0.100,0.200,0.040,1.000,0.500,0.800,0.300,0.400
Crop,3227,0.050,0.000,0.050,0.080,0.030,0.050,0.030,0.500,0.010,0.010,0.800,0.200,0.350,0.100,1.000,0.100,0.200,0.040,1.000,0.500,0.800,0.300,0.400
Crop,3223,0.050,0.000,0.050,0.080,0.030,0.050,0.030,0.500,0.010,0.010,0.800,0.200,0.350,0.100,1.000,0.100,0.200,0.040,1.000,0.500,0.800,0.300,0.400
Crop,3222,0.050,0.000,0.050,0.080,0.030,0.050,0.030,0.500,0.010,0.010,0.800,0.200,0.350,0.100,1.000,0.100,0.200,0.040,1.000,0.500,0.800,0.300,0.400
Crop,3221,0.050,0.000,0.050,0.080,0.030,0.050,0.030,0.500,0.010,0.010,0.800,0.200,0.350,0.100,1.000,0.100,0.200,0.040,1.000,0.500,0.800,0.300,0.400
Crop,3248,0.050,0.000,0.050,0.080,0.030,0.050,0.030,0.500,0.010,0.010,0.800,0.200,0.350,0.100,1.000,0.100,0.200,0.040,1.000,0.500,0.800,0.300,0.400
Crop,3276,0.050,0.000,0.050,0.080,0.030,0.050,0.030,0.500,0.010,0.010,0.800,0.200,0.350,0.100,1.000,0.100,0.200,0.040,1.000,0.500,0.800,0.300,0.400
Crop,3249,0.050,0.000,0.050,0.080,0.030,0.050,0.030,0.500,0.010,0.010,0.800,0.200,0.350,0.100,1.000,0.100,0.200,0.040,1.000,0.500,0.800,0.300,0.400
Crop,3251,0.050,0.000,0.050,0.080,0.030,0.050,0.030,0.500,0.010,0.010,0.800,0.200,0.350,0.100,1.000,0.100,0.200,0.040,1.000,0.500,0.800,0.300,0.400
Crop,3274,0.050,0.000,0.050,0.080,0.030,0.050,0.030,0.500,0.010,0.010,0.800,0.200,0.350,0.100,1.000,0.100,0.200,0.040,1.000,0.500,0.800,0.300,0.400
Crop,3273,0.050,0.000,0.050,0.080,0.030,0.050,0.030,0.500,0.010,0.010,0.800,0.200,0.350,0.100,1.000,0.100,0.200,0.040,1.000,0.500,0.800,0.300,0.400
Crop,3272,0.050,0.000,0.050,0.080,0.030,0.050,0.030,0.500,0.010,0.010,0.800,0.200,0.350,0.100,1.000,0.100,0.200,0.040,1.000,0.500,0.800,0.300,0.400
Crop,3271,0.050,0.000,0.050,0.080,0.030,0.050,0.030,0.500,0.010,0.010,0.800,0.200,0.350,0.100,1.000,0.100,0.200,0.040,1.000,0.500,0.800,0.300,0.400
Crop,3270,0.050,0.000,0.050,0.080,0.030,0.050,0.030,0.500,0.010,0.010,0.800,0.200,0.350,0.100,1.000,0.100,0.200,0.040,1.000,0.500,0.800,0.300,0.400
Crop,3269,0.050,0.000,0.050,0.080,0.030,0.050,0.030,0.500,0.010,0.010,0.800,0.200,0.350,0.100,1.000,0.100,0.200,0.040,1.000,0.500,0.800,0.300,0.400
Crop,3268,0.050,0.000,0.050,0.080,0.030,0.050,0.030,0.500,0.010,0.010,0.800,0.200,0.350,0.100,1.000,0.100,0.200,0.040,1.000,0.500,0.800,0.300,0.400
Crop,3267,0.050,0.000,0.050,0.080,0.030,0.050,0.030,0.500,0.010,0.010,0.800,0.200,0.350,0.100,1.000,0.100,0.200,0.040,1.000,0.500,0.800,0.300,0.400
Crop,3266,0.050,0.000,0.050,0.080,0.030,0.050,0.030,0.500,0.010,0.010,0.800,0.200,0.350,0.100,1.000,0.100,0.200,0.040,1.000,0.500,0.800,0.300,0.400
Crop,3265,0.050,0.000,0.050,0.080,0.030,0.050,0.030,0.500,0.010,0.010,0.800,0.200,0.350,0.100,1.000,0.100,0.200,0.040,1.000,0.500,0.800,0.300,0.400
Crop,3264,0.050,0.000,0.050,0.080,0.030,0.050,0.030,0.500,0.010,0.010,0.800,0.200,0.350,0.100,1.000,0.100,0.200,0.040,1.000,0.500,0.800,0.300,0.400
Crop,3263,0.050,0.000,0.050,0.080,0.030,0.050,0.030,0.500,0.010,0.010,0.800,0.200,0.350,0.100,1.000,0.100,0.200,0.040,1.000,0.500,0.800,0.300,0.400
Crop,3262,0.050,0.000,0.050,0.080,0.030,0.050,0.030,0.500,0.010,0.010,0.800,0.200,0.350,0.100,1.000,0.100,0.200,0.040,1.000,0.500,0.800,0.300,0.400
Crop,3261,0.050,0.000,0.050,0.080,0.030,0.050,0.030,0.500,0.010,0.010,0.800,0.200,0.350,0.100,1.000,0.100,0.200,0.040,1.000,0.500,0.800,0.300,0.400
Crop,3260,0.050,0.000,0.050,0.080,0.030,0.050,0.030,0.500,0.010,0.010,0.800,0.200,0.350,0.100,1.000,0.100,0.200,0.040,1.000,0.500,0.800,0.300,0.400
Crop,3259,0.050,0.000,0.050,0.080,0.030,0.050,0.030,0.500,0.010,0.010,0.800,0.200,0.350,0.100,1.000,0.100,0.200,0.040,1.000,0.500,0.800,0.300,0.400
Crop,3258,0.050,0.000,0.050,0.080,0.030,0.050,0.030,0.500,0.010,0.010,0.800,0.200,0.350,0.100,1.000,0.100,0.200,0.040,1.000,0.500,0.800,0.300,0.400
Crop,3257,0.050,0.000,0.050,0.080,0.030,0.050,0.030,0.500,0.010,0.010,0.800,0.200,0.350,0.100,1.000,0.100,0.200,0.040,1.000,0.500,0.800,0.300,0.400
Crop,3256,0.050,0.000,0.050,0.080,0.030,0.050,0.030,0.500,0.010,0.010,0.800,0.200,0.350,0.100,1.000,0.100,0.200,0.040,1.000,0.500,0.800,0.300,0.400
Crop,3255,0.050,0.000,0.050,0.080,0.030,0.050,0.030,0.500,0.010,0.010,0.800,0.200,0.350,0.100,1.000,0.100,0.200,0.040,1.000,0.500,0.800,0.300,0.400
Crop,3254,0.050,0.000,0.050,0.080,0.030,0.050,0.030,0.500,0.010,0.010,0.800,0.200,0.350,0.100,1.000,0.100,0.200,0.040,1.000,0.500,0.800,0.300,0.400
Crop,3253,0.050,0.000,0.050,0.080,0.030,0.050,0.030,0.500,0.010,0.010,0.800,0.200,0.350,0.100,1.000,0.100,0.200,0.040,1.000,0.500,0.800,0.300,0.400
Crop,3252,0.050,0.000,0.050,0.080,0.030,0.050,0.030,0.500,0.010,0.010,0.800,0.200,0.350,0.100,1.000,0.100,0.200,0.040,1.000,0.500,0.800,0.300,0.400
Crop,3250,0.050,0.000,0.050,0.080,0.030,0.050,0.030,0.500,0.010,0.010,0.800,0.200,0.350,0.100,1.000,0.100,0.200,0.040,1.000,0.500,0.800,0.300,0.400
Crop,3220,0.050,0.000,0.050,0.080,0.030,0.050,0.030,0.500,0.010,0.010,0.800,0.200,0.350,0.100,1.000,0.100,0.200,0.040,1.000,0.500,0.800,0.300,0.400
Crop,3330,0.050,0.000,0.050,0.080,0.030,0.050,0.030,0.500,0.010,0.010,0.800,0.200,0.350,0.100,1.000,0.100,0.200,0.040,1.000,0.500,0.800,0.300,0.400
Crop,3332,0.050,0.000,0.050,0.080,0.030,0.050,0.030,0.500,0.010,0.010,0.800,0.200,0.350,0.100,1.000,0.100,0.200,0.040,1.000,0.500,0.800,0.300,0.400
Crop,3414,0.050,0.000,0.050,0.080,0.030,0.050,0.030,0.500,0.010,0.010,0.800,0.200,0.350,0.100,1.000,0.100,0.200,0.040,1.000,0.500,0.800,0.300,0.400
Crop,3413,0.050,0.000,0.050,0.080,0.030,0.050,0.030,0.500,0.010,0.010,0.800,0.200,0.350,0.100,1.000,0.100,0.200,0.040,1.000,0.500,0.800,0.300,0.400
Crop,3412,0.050,0.000,0.050,0.080,0.030,0.050,0.030,0.500,0.010,0.010,0.800,0.200,0.350,0.100,1.000,0.100,0.200,0.040,1.000,0.500,0.800,0.300,0.400
Crop,3411,0.050,0.000,0.050,0.080,0.030,0.050,0.030,0.500,0.010,0.010,0.800,0.200,0.350,0.100,1.000,0.100,0.200,0.040,1.000,0.500,0.800,0.300,0.400
Crop,3410,0.050,0.000,0.050,0.080,0.030,0.050,0.030,0.500,0.010,0.010,0.800,0.200,0.350,0.100,1.000,0.100,0.200,0.040,1.000,0.500,0.800,0.300,0.400
Crop,3409,0.050,0.000,0.050,0.080,0.030,0.050,0.030,0.500,0.010,0.010,0.800,0.200,0.350,0.100,1.000,0.100,0.200,0.040,1.000,0.500,0.800,0.300,0.400
Crop,3408,0.050,0.000,0.050,0.080,0.030,0.050,0.030,0.500,0.010,0.010,0.800,0.200,0.350,0.100,1.000,0.100,0.200,0.040,1.000,0.500,0.800,0.300,0.400
Crop,3407,0.050,0.000,0.050,0.080,0.030,0.050,0.030,0.500,0.010,0.010,0.800,0.200,0.350,0.100,1.000,0.100,0.200,0.040,1.000,0.500,0.800,0.300,0.400
Crop,3406,0.050,0.000,0.050,0.080,0.030,0.050,0.030,0.500,0.010,0.010,0.800,0.200,0.350,0.100,1.000,0.100,0.200,0.040,1.000,0.500,0.800,0.300,0.400
Crop,3405,0.050,0.000,0.050,0.080,0.030,0.050,0.030,0.500,0.010,0.010,0.800,0.200,0.350,0.100,1.000,0.100,0.200,0.040,1.000,0.500,0.800,0.300,0.400
Crop,3403,0.050,0.000,0.050,0.080,0.030,0.050,0.030,0.500,0.010,0.010,0.800,0.200,0.350,0.100,1.000,0.100,0.200,0.040,1.000,0.500,0.800,0.300,0.400
Crop,3402,0.050,0.000,0.050,0.080,0.030,0.050,0.030,0.500,0.010,0.010,0.800,0.200,0.350,0.100,1.000,0.100,0.200,0.040,1.000,0.500,0.800,0.300,0.400
Crop,3401,0.050,0.000,0.050,0.080,0.030,0.050,0.030,0.500,0.010,0.010,0.800,0.200,0.350,0.100,1.000,0.100,0.200,0.040,1.000,0.500,0.800,0.300,0.400
Crop,3400,0.050,0.000,0.050,0.080,0.030,0.050,0.030,0.500,0.010,0.010,0.800,0.200,0.350,0.100,1.000,0.100,0.200,0.040,1.000,0.500,0.800,0.300,0.400
Crop,3399,0.050,0.000,0.050,0.080,0.030,0.050,0.030,0.500,0.010,0.010,0.800,0.200,0.350,0.100,1.000,0.100,0.200,0.040,1.000,0.500,0.800,0.300,0.400
Crop,3398,0.050,0.000,0.050,0.080,0.030,0.050,0.030,0.500,0.010,0.010,0.800,0.200,0.350,0.100,1.000,0.100,0.200,0.040,1.000,0.500,0.800,0.300,0.400
Crop,3397,0.050,0.000,0.050,0.080,0.030,0.050,0.030,0.500,0.010,0.010,0.800,0.200,0.350,0.100,1.000,0.100,0.200,0.040,1.000,0.500,0.800,0.300,0.400
Crop,3396,0.050,0.000,0.050,0.080,0.030,0.050,0.030,0.500,0.010,0.010,0.800,0.200,0.350,0.100,1.000,0.100,0.200,0.040,1.000,0.500,0.800,0.300,0.400
Crop,3395,0.050,0.000,0.050,0.080,0.030,0.050,0.030,0.500,0.010,0.010,0.800,0.200,0.350,0.100,1.000,0.100,0.200,0.040,1.000,0.500,0.800,0.300,0.400
Crop,3394,0.050,0.000,0.050,0.080,0.030,0.050,0.030,0.500,0.010,0.010,0.800,0.200,0.350,0.100,1.000,0.100,0.200,0.040,1.000,0.500,0.800,0.300,0.400
Crop,3393,0.050,0.000,0.050,0.080,0.030,0.050,0.030,0.500,0.010,0.010,0.800,0.200,0.350,0.100,1.000,0.100,0.200,0.040,1.000,0.500,0.800,0.300,0.400
Crop,3392,0.050,0.000,0.050,0.080,0.030,0.050,0.030,0.500,0.010,0.010,0.800,0.200,0.350,0.100,1.000,0.100,0.200,0.040,1.000,0.500,0.800,0.300,0.400
Crop,3391,0.050,0.000,0.050,0.080,0.030,0.050,0.030,0.500,0.010,0.010,0.800,0.200,0.350,0.100,1.000,0.100,0.200,0.040,1.000,0.500,0.800,0.300,0.400
Crop,3415,0.050,0.000,0.050,0.080,0.030,0.050,0.030,0.500,0.010,0.010,0.800,0.200,0.350,0.100,1.000,0.100,0.200,0.040,1.000,0.500,0.800,0.300,0.400
Crop,3390,0.050,0.000,0.050,0.080,0.030,0.050,0.030,0.500,0.010,0.010,0.800,0.200,0.350,0.100,1.000,0.100,0.200,0.040,1.000,0.500,0.800,0.300,0.400
Crop,3416,0.050,0.000,0.050,0.080,0.030,0.050,0.030,0.500,0.010,0.010,0.800,0.200,0.350,0.100,1.000,0.100,0.200,0.040,1.000,0.500,0.800,0.300,0.400
Crop,3418,0.050,0.000,0.050,0.080,0.030,0.050,0.030,0.500,0.010,0.010,0.800,0.200,0.350,0.100,1.000,0.100,0.200,0.040,1.000,0.500,0.800,0.300,0.400
Crop,3447,0.050,0.000,0.050,0.080,0.030,0.050,0.030,0.500,0.010,0.010,0.800,0.200,0.350,0.100,1.000,0.100,0.200,0.040,1.000,0.500,0.800,0.300,0.400
Crop,3446,0.050,0.000,0.050,0.080,0.030,0.050,0.030,0.500,0.010,0.010,0.800,0.200,0.350,0.100,1.000,0.100,0.200,0.040,1.000,0.500,0.800,0.300,0.400
Crop,3444,0.050,0.000,0.050,0.080,0.030,0.050,0.030,0.500,0.010,0.010,0.800,0.200,0.350,0.100,1.000,0.100,0.200,0.040,1.000,0.500,0.800,0.300,0.400
Crop,3443,0.050,0.000,0.050,0.080,0.030,0.050,0.030,0.500,0.010,0.010,0.800,0.200,0.350,0.100,1.000,0.100,0.200,0.040,1.000,0.500,0.800,0.300,0.400
Crop,3442,0.050,0.000,0.050,0.080,0.030,0.050,0.030,0.500,0.010,0.010,0.800,0.200,0.350,0.100,1.000,0.100,0.200,0.040,1.000,0.500,0.800,0.300,0.400
Crop,3440,0.050,0.000,0.050,0.080,0.030,0.050,0.030,0.500,0.010,0.010,0.800,0.200,0.350,0.100,1.000,0.100,0.200,0.040,1.000,0.500,0.800,0.300,0.400
Crop,3439,0.050,0.000,0.050,0.080,0.030,0.050,0.030,0.500,0.010,0.010,0.800,0.200,0.350,0.100,1.000,0.100,0.200,0.040,1.000,0.500,0.800,0.300,0.400
Crop,3438,0.050,0.000,0.050,0.080,0.030,0.050,0.030,0.500,0.010,0.010,0.800,0.200,0.350,0.100,1.000,0.100,0.200,0.040,1.000,0.500,0.800,0.300,0.400
Crop,3437,0.050,0.000,0.050,0.080,0.030,0.050,0.030,0.500,0.010,0.010,0.800,0.200,0.350,0.100,1.000,0.100,0.200,0.040,1.000,0.500,0.800,0.300,0.400
Crop,3436,0.050,0.000,0.050,0.080,0.030,0.050,0.030,0.500,0.010,0.010,0.800,0.200,0.350,0.100,1.000,0.100,0.200,0.040,1.000,0.500,0.800,0.300,0.400
Crop,3435,0.050,0.000,0.050,0.080,0.030,0.050,0.030,0.500,0.010,0.010,0.800,0.200,0.350,0.100,1.000,0.100,0.200,0.040,1.000,0.500,0.800,0.300,0.400
Crop,3434,0.050,0.000,0.050,0.080,0.030,0.050,0.030,0.500,0.010,0.010,0.800,0.200,0.350,0.100,1.000,0.100,0.200,0.040,1.000,0.500,0.800,0.300,0.400
Crop,3433,0.050,0.000,0.050,0.080,0.030,0.050,0.030,0.500,0.010,0.010,0.800,0.200,0.350,0.100,1.000,0.100,0.200,0.040,1.000,0.500,0.800,0.300,0.400
Crop,3430,0.050,0.000,0.050,0.080,0.030,0.050,0.030,0.500,0.010,0.010,0.800,0.200,0.350,0.100,1.000,0.100,0.200,0.040,1.000,0.500,0.800,0.300,0.400
Crop,3429,0.050,0.000,0.050,0.080,0.030,0.050,0.030,0.500,0.010,0.010,0.800,0.200,0.350,0.100,1.000,0.100,0.200,0.040,1.000,0.500,0.800,0.300,0.400
Crop,3428,0.050,0.000,0.050,0.080,0.030,0.050,0.030,0.500,0.010,0.010,0.800,0.200,0.350,0.100,1.000,0.100,0.200,0.040,1.000,0.500,0.800,0.300,0.400
Crop,3426,0.050,0.000,0.050,0.080,0.030,0.050,0.030,0.500,0.010,0.010,0.800,0.200,0.350,0.100,1.000,0.100,0.200,0.040,1.000,0.500,0.800,0.300,0.400
Crop,3425,0.050,0.000,0.050,0.080,0.030,0.050,0.030,0.500,0.010,0.010,0.800,0.200,0.350,0.100,1.000,0.100,0.200,0.040,1.000,0.500,0.800,0.300,0.400
Crop,3423,0.050,0.000,0.050,0.080,0.030,0.050,0.030,0.500,0.010,0.010,0.800,0.200,0.350,0.100,1.000,0.100,0.200,0.040,1.000,0.500,0.800,0.300,0.400
Crop,3422,0.050,0.000,0.050,0.080,0.030,0.050,0.030,0.500,0.010,0.010,0.800,0.200,0.350,0.100,1.000,0.100,0.200,0.040,1.000,0.500,0.800,0.300,0.400
Crop,3421,0.050,0.000,0.050,0.080,0.030,0.050,0.030,0.500,0.010,0.010,0.800,0.200,0.350,0.100,1.000,0.100,0.200,0.040,1.000,0.500,0.800,0.300,0.400
Crop,3420,0.050,0.000,0.050,0.080,0.030,0.050,0.030,0.500,0.010,0.010,0.800,0.200,0.350,0.100,1.000,0.100,0.200,0.040,1.000,0.500,0.800,0.300,0.400
Crop,3419,0.050,0.000,0.050,0.080,0.030,0.050,0.030,0.500,0.010,0.010,0.800,0.200,0.350,0.100,1.000,0.100,0.200,0.040,1.000,0.500,0.800,0.300,0.400
Crop,3417,0.050,0.000,0.050,0.080,0.030,0.050,0.030,0.500,0.010,0.010,0.800,0.200,0.350,0.100,1.000,0.100,0.200,0.040,1.000,0.500,0.800,0.300,0.400
Crop,3331,0.050,0.000,0.050,0.080,0.030,0.050,0.030,0.500,0.010,0.010,0.800,0.200,0.350,0.100,1.000,0.100,0.200,0.040,1.000,0.500,0.800,0.300,0.400
Crop,3389,0.050,0.000,0.050,0.080,0.030,0.050,0.030,0.500,0.010,0.010,0.800,0.200,0.350,0.100,1.000,0.100,0.200,0.040,1.000,0.500,0.800,0.300,0.400
Crop,3386,0.050,0.000,0.050,0.080,0.030,0.050,0.030,0.500,0.010,0.010,0.800,0.200,0.350,0.100,1.000,0.100,0.200,0.040,1.000,0.500,0.800,0.300,0.400
Crop,3357,0.050,0.000,0.050,0.080,0.030,0.050,0.030,0.500,0.010,0.010,0.800,0.200,0.350,0.100,1.000,0.100,0.200,0.040,1.000,0.500,0.800,0.300,0.400
Crop,3356,0.050,0.000,0.050,0.080,0.030,0.050,0.030,0.500,0.010,0.010,0.800,0.200,0.350,0.100,1.000,0.100,0.200,0.040,1.000,0.500,0.800,0.300,0.400
Crop,3355,0.050,0.000,0.050,0.080,0.030,0.050,0.030,0.500,0.010,0.010,0.800,0.200,0.350,0.100,1.000,0.100,0.200,0.040,1.000,0.500,0.800,0.300,0.400
Crop,3354,0.050,0.000,0.050,0.080,0.030,0.050,0.030,0.500,0.010,0.010,0.800,0.200,0.350,0.100,1.000,0.100,0.200,0.040,1.000,0.500,0.800,0.300,0.400
Crop,3353,0.050,0.000,0.050,0.080,0.030,0.050,0.030,0.500,0.010,0.010,0.800,0.200,0.350,0.100,1.000,0.100,0.200,0.040,1.000,0.500,0.800,0.300,0.400
Crop,3352,0.050,0.000,0.050,0.080,0.030,0.050,0.030,0.500,0.010,0.010,0.800,0.200,0.350,0.100,1.000,0.100,0.200,0.040,1.000,0.500,0.800,0.300,0.400
Crop,3351,0.050,0.000,0.050,0.080,0.030,0.050,0.030,0.500,0.010,0.010,0.800,0.200,0.350,0.100,1.000,0.100,0.200,0.040,1.000,0.500,0.800,0.300,0.400
Crop,3350,0.050,0.000,0.050,0.080,0.030,0.050,0.030,0.500,0.010,0.010,0.800,0.200,0.350,0.100,1.000,0.100,0.200,0.040,1.000,0.500,0.800,0.300,0.400
Crop,3349,0.050,0.000,0.050,0.080,0.030,0.050,0.030,0.500,0.010,0.010,0.800,0.200,0.350,0.100,1.000,0.100,0.200,0.040,1.000,0.500,0.800,0.300,0.400
Crop,3348,0.050,0.000,0.050,0.080,0.030,0.050,0.030,0.500,0.010,0.010,0.800,0.200,0.350,0.100,1.000,0.100,0.200,0.040,1.000,0.500,0.800,0.300,0.400
Crop,3347,0.050,0.000,0.050,0.080,0.030,0.050,0.030,0.500,0.010,0.010,0.800,0.200,0.350,0.100,1.000,0.100,0.200,0.040,1.000,0.500,0.800,0.300,0.400
Crop,3346,0.050,0.000,0.050,0.080,0.030,0.050,0.030,0.500,0.010,0.010,0.800,0.200,0.350,0.100,1.000,0.100,0.200,0.040,1.000,0.500,0.800,0.300,0.400
Crop,3344,0.050,0.000,0.050,0.080,0.030,0.050,0.030,0.500,0.010,0.010,0.800,0.200,0.350,0.100,1.000,0.100,0.200,0.040,1.000,0.500,0.800,0.300,0.400
Crop,3343,0.050,0.000,0.050,0.080,0.030,0.050,0.030,0.500,0.010,0.010,0.800,0.200,0.350,0.100,1.000,0.100,0.200,0.040,1.000,0.500,0.800,0.300,0.400
Crop,3342,0.050,0.000,0.050,0.080,0.030,0.050,0.030,0.500,0.010,0.010,0.800,0.200,0.350,0.100,1.000,0.100,0.200,0.040,1.000,0.500,0.800,0.300,0.400
Crop,3340,0.050,0.000,0.050,0.080,0.030,0.050,0.030,0.500,0.010,0.010,0.800,0.200,0.350,0.100,1.000,0.100,0.200,0.040,1.000,0.500,0.800,0.300,0.400
Crop,3339,0.050,0.000,0.050,0.080,0.030,0.050,0.030,0.500,0.010,0.010,0.800,0.200,0.350,0.100,1.000,0.100,0.200,0.040,1.000,0.500,0.800,0.300,0.400
Crop,3338,0.050,0.000,0.050,0.080,0.030,0.050,0.030,0.500,0.010,0.010,0.800,0.200,0.350,0.100,1.000,0.100,0.200,0.040,1.000,0.500,0.800,0.300,0.400
Crop,3337,0.050,0.000,0.050,0.080,0.030,0.050,0.030,0.500,0.010,0.010,0.800,0.200,0.350,0.100,1.000,0.100,0.200,0.040,1.000,0.500,0.800,0.300,0.400
Crop,3336,0.050,0.000,0.050,0.080,0.030,0.050,0.030,0.500,0.010,0.010,0.800,0.200,0.350,0.100,1.000,0.100,0.200,0.040,1.000,0.500,0.800,0.300,0.400
Crop,3335,0.050,0.000,0.050,0.080,0.030,0.050,0.030,0.500,0.010,0.010,0.800,0.200,0.350,0.100,1.000,0.100,0.200,0.040,1.000,0.500,0.800,0.300,0.400
Crop,3334,0.050,0.000,0.050,0.080,0.030,0.050,0.030,0.500,0.010,0.010,0.800,0.200,0.350,0.100,1.000,0.100,0.200,0.040,1.000,0.500,0.800,0.300,0.400
Crop,3333,0.050,0.000,0.050,0.080,0.030,0.050,0.030,0.500,0.010,0.010,0.800,0.200,0.350,0.100,1.000,0.100,0.200,0.040,1.000,0.500,0.800,0.300,0.400
Crop,3358,0.050,0.000,0.050,0.080,0.030,0.050,0.030,0.500,0.010,0.010,0.800,0.200,0.350,0.100,1.000,0.100,0.200,0.040,1.000,0.500,0.800,0.300,0.400
Crop,3387,0.050,0.000,0.050,0.080,0.030,0.050,0.030,0.500,0.010,0.010,0.800,0.200,0.350,0.100,1.000,0.100,0.200,0.040,1.000,0.500,0.800,0.300,0.400
Crop,3359,0.050,0.000,0.050,0.080,0.030,0.050,0.030,0.500,0.010,0.010,0.800,0.200,0.350,0.100,1.000,0.100,0.200,0.040,1.000,0.500,0.800,0.300,0.400
Crop,3362,0.050,0.000,0.050,0.080,0.030,0.050,0.030,0.500,0.010,0.010,0.800,0.200,0.350,0.100,1.000,0.100,0.200,0.040,1.000,0.500,0.800,0.300,0.400
Crop,3385,0.050,0.000,0.050,0.080,0.030,0.050,0.030,0.500,0.010,0.010,0.800,0.200,0.350,0.100,1.000,0.100,0.200,0.040,1.000,0.500,0.800,0.300,0.400
Crop,3384,0.050,0.000,0.050,0.080,0.030,0.050,0.030,0.500,0.010,0.010,0.800,0.200,0.350,0.100,1.000,0.100,0.200,0.040,1.000,0.500,0.800,0.300,0.400
Crop,3383,0.050,0.000,0.050,0.080,0.030,0.050,0.030,0.500,0.010,0.010,0.800,0.200,0.350,0.100,1.000,0.100,0.200,0.040,1.000,0.500,0.800,0.300,0.400
Crop,3382,0.050,0.000,0.050,0.080,0.030,0.050,0.030,0.500,0.010,0.010,0.800,0.200,0.350,0.100,1.000,0.100,0.200,0.040,1.000,0.500,0.800,0.300,0.400
Crop,3381,0.050,0.000,0.050,0.080,0.030,0.050,0.030,0.500,0.010,0.010,0.800,0.200,0.350,0.100,1.000,0.100,0.200,0.040,1.000,0.500,0.800,0.300,0.400
Crop,3380,0.050,0.000,0.050,0.080,0.030,0.050,0.030,0.500,0.010,0.010,0.800,0.200,0.350,0.100,1.000,0.100,0.200,0.040,1.000,0.500,0.800,0.300,0.400
Crop,3379,0.050,0.000,0.050,0.080,0.030,0.050,0.030,0.500,0.010,0.010,0.800,0.200,0.350,0.100,1.000,0.100,0.200,0.040,1.000,0.500,0.800,0.300,0.400
Crop,3378,0.050,0.000,0.050,0.080,0.030,0.050,0.030,0.500,0.010,0.010,0.800,0.200,0.350,0.100,1.000,0.100,0.200,0.040,1.000,0.500,0.800,0.300,0.400
Crop,3377,0.050,0.000,0.050,0.080,0.030,0.050,0.030,0.500,0.010,0.010,0.800,0.200,0.350,0.100,1.000,0.100,0.200,0.040,1.000,0.500,0.800,0.300,0.400
Crop,3376,0.050,0.000,0.050,0.080,0.030,0.050,0.030,0.500,0.010,0.010,0.800,0.200,0.350,0.100,1.000,0.100,0.200,0.040,1.000,0.500,0.800,0.300,0.400
Crop,3375,0.050,0.000,0.050,0.080,0.030,0.050,0.030,0.500,0.010,0.010,0.800,0.200,0.350,0.100,1.000,0.100,0.200,0.040,1.000,0.500,0.800,0.300,0.400
Crop,3374,0.050,0.000,0.050,0.080,0.030,0.050,0.030,0.500,0.010,0.010,0.800,0.200,0.350,0.100,1.000,0.100,0.200,0.040,1.000,0.500,0.800,0.300,0.400
Crop,3373,0.050,0.000,0.050,0.080,0.030,0.050,0.030,0.500,0.010,0.010,0.800,0.200,0.350,0.100,1.000,0.100,0.200,0.040,1.000,0.500,0.800,0.300,0.400
Crop,3372,0.050,0.000,0.050,0.080,0.030,0.050,0.030,0.500,0.010,0.010,0.800,0.200,0.350,0.100,1.000,0.100,0.200,0.040,1.000,0.500,0.800,0.300,0.400
Crop,3371,0.050,0.000,0.050,0.080,0.030,0.050,0.030,0.500,0.010,0.010,0.800,0.200,0.350,0.100,1.000,0.100,0.200,0.040,1.000,0.500,0.800,0.300,0.400
Crop,3370,0.050,0.000,0.050,0.080,0.030,0.050,0.030,0.500,0.010,0.010,0.800,0.200,0.350,0.100,1.000,0.100,0.200,0.040,1.000,0.500,0.800,0.300,0.400
Crop,3369,0.050,0.000,0.050,0.080,0.030,0.050,0.030,0.500,0.010,0.010,0.800,0.200,0.350,0.100,1.000,0.100,0.200,0.040,1.000,0.500,0.800,0.300,0.400
Crop,3368,0.050,0.000,0.050,0.080,0.030,0.050,0.030,0.500,0.010,0.010,0.800,0.200,0.350,0.100,1.000,0.100,0.200,0.040,1.000,0.500,0.800,0.300,0.400
Crop,3367,0.050,0.000,0.050,0.080,0.030,0.050,0.030,0.500,0.010,0.010,0.800,0.200,0.350,0.100,1.000,0.100,0.200,0.040,1.000,0.500,0.800,0.300,0.400
Crop,3366,0.050,0.000,0.050,0.080,0.030,0.050,0.030,0.500,0.010,0.010,0.800,0.200,0.350,0.100,1.000,0.100,0.200,0.040,1.000,0.500,0.800,0.300,0.400
Crop,3365,0.050,0.000,0.050,0.080,0.030,0.050,0.030,0.500,0.010,0.010,0.800,0.200,0.350,0.100,1.000,0.100,0.200,0.040,1.000,0.500,0.800,0.300,0.400
Crop,3364,0.050,0.000,0.050,0.080,0.030,0.050,0.030,0.500,0.010,0.010,0.800,0.200,0.350,0.100,1.000,0.100,0.200,0.040,1.000,0.500,0.800,0.300,0.400
Crop,3363,0.050,0.000,0.050,0.080,0.030,0.050,0.030,0.500,0.010,0.010,0.800,0.200,0.350,0.100,1.000,0.100,0.200,0.040,1.000,0.500,0.800,0.300,0.400
Crop,3361,0.050,0.000,0.050,0.080,0.030,0.050,0.030,0.500,0.010,0.010,0.800,0.200,0.350,0.100,1.000,0.100,0.200,0.040,1.000,0.500,0.800,0.300,0.400
Crop,3219,0.050,0.000,0.050,0.080,0.030,0.050,0.030,0.500,0.010,0.010,0.800,0.200,0.350,0.100,1.000,0.100,0.200,0.040,1.000,0.500,0.800,0.300,0.400
Crop,3218,0.050,0.000,0.050,0.080,0.030,0.050,0.030,0.500,0.010,0.010,0.800,0.200,0.350,0.100,1.000,0.100,0.200,0.040,1.000,0.500,0.800,0.300,0.400
Crop,3217,0.050,0.000,0.050,0.080,0.030,0.050,0.030,0.500,0.010,0.010,0.800,0.200,0.350,0.100,1.000,0.100,0.200,0.040,1.000,0.500,0.800,0.300,0.400
Crop,3070,0.050,0.000,0.050,0.080,0.030,0.050,0.030,0.500,0.010,0.010,0.800,0.200,0.350,0.100,1.000,0.100,0.200,0.040,1.000,0.500,0.800,0.300,0.400
Crop,3068,0.050,0.000,0.050,0.080,0.030,0.050,0.030,0.500,0.010,0.010,0.800,0.200,0.350,0.100,1.000,0.100,0.200,0.040,1.000,0.500,0.800,0.300,0.400
Crop,3067,0.050,0.000,0.050,0.080,0.030,0.050,0.030,0.500,0.010,0.010,0.800,0.200,0.350,0.100,1.000,0.100,0.200,0.040,1.000,0.500,0.800,0.300,0.400
Crop,3066,0.050,0.000,0.050,0.080,0.030,0.050,0.030,0.500,0.010,0.010,0.800,0.200,0.350,0.100,1.000,0.100,0.200,0.040,1.000,0.500,0.800,0.300,0.400
Crop,3065,0.050,0.000,0.050,0.080,0.030,0.050,0.030,0.500,0.010,0.010,0.800,0.200,0.350,0.100,1.000,0.100,0.200,0.040,1.000,0.500,0.800,0.300,0.400
Crop,3064,0.050,0.000,0.050,0.080,0.030,0.050,0.030,0.500,0.010,0.010,0.800,0.200,0.350,0.100,1.000,0.100,0.200,0.040,1.000,0.500,0.800,0.300,0.400
Crop,3063,0.050,0.000,0.050,0.080,0.030,0.050,0.030,0.500,0.010,0.010,0.800,0.200,0.350,0.100,1.000,0.100,0.200,0.040,1.000,0.500,0.800,0.300,0.400
Crop,3062,0.050,0.000,0.050,0.080,0.030,0.050,0.030,0.500,0.010,0.010,0.800,0.200,0.350,0.100,1.000,0.100,0.200,0.040,1.000,0.500,0.800,0.300,0.400
Crop,3061,0.050,0.000,0.050,0.080,0.030,0.050,0.030,0.500,0.010,0.010,0.800,0.200,0.350,0.100,1.000,0.100,0.200,0.040,1.000,0.500,0.800,0.300,0.400
Crop,3060,0.050,0.000,0.050,0.080,0.030,0.050,0.030,0.500,0.010,0.010,0.800,0.200,0.350,0.100,1.000,0.100,0.200,0.040,1.000,0.500,0.800,0.300,0.400
Crop,3059,0.050,0.000,0.050,0.080,0.030,0.050,0.030,0.500,0.010,0.010,0.800,0.200,0.350,0.100,1.000,0.100,0.200,0.040,1.000,0.500,0.800,0.300,0.400
Crop,3058,0.050,0.000,0.050,0.080,0.030,0.050,0.030,0.500,0.010,0.010,0.800,0.200,0.350,0.100,1.000,0.100,0.200,0.040,1.000,0.500,0.800,0.300,0.400
Crop,3057,0.050,0.000,0.050,0.080,0.030,0.050,0.030,0.500,0.010,0.010,0.800,0.200,0.350,0.100,1.000,0.100,0.200,0.040,1.000,0.500,0.800,0.300,0.400
Crop,3056,0.050,0.000,0.050,0.080,0.030,0.050,0.030,0.500,0.010,0.010,0.800,0.200,0.350,0.100,1.000,0.100,0.200,0.040,1.000,0.500,0.800,0.300,0.400
Crop,3055,0.050,0.000,0.050,0.080,0.030,0.050,0.030,0.500,0.010,0.010,0.800,0.200,0.350,0.100,1.000,0.100,0.200,0.040,1.000,0.500,0.800,0.300,0.400
Crop,3054,0.050,0.000,0.050,0.080,0.030,0.050,0.030,0.500,0.010,0.010,0.800,0.200,0.350,0.100,1.000,0.100,0.200,0.040,1.000,0.500,0.800,0.300,0.400
Crop,3053,0.050,0.000,0.050,0.080,0.030,0.050,0.030,0.500,0.010,0.010,0.800,0.200,0.350,0.100,1.000,0.100,0.200,0.040,1.000,0.500,0.800,0.300,0.400
Crop,3052,0.050,0.000,0.050,0.080,0.030,0.050,0.030,0.500,0.010,0.010,0.800,0.200,0.350,0.100,1.000,0.100,0.200,0.040,1.000,0.500,0.800,0.300,0.400
Crop,3051,0.050,0.000,0.050,0.080,0.030,0.050,0.030,0.500,0.010,0.010,0.800,0.200,0.350,0.100,1.000,0.100,0.200,0.040,1.000,0.500,0.800,0.300,0.400
Crop,3050,0.050,0.000,0.050,0.080,0.030,0.050,0.030,0.500,0.010,0.010,0.800,0.200,0.350,0.100,1.000,0.100,0.200,0.040,1.000,0.500,0.800,0.300,0.400
Crop,3049,0.050,0.000,0.050,0.080,0.030,0.050,0.030,0.500,0.010,0.010,0.800,0.200,0.350,0.100,1.000,0.100,0.200,0.040,1.000,0.500,0.800,0.300,0.400
Crop,3048,0.050,0.000,0.050,0.080,0.030,0.050,0.030,0.500,0.010,0.010,0.800,0.200,0.350,0.100,1.000,0.100,0.200,0.040,1.000,0.500,0.800,0.300,0.400
Crop,3047,0.050,0.000,0.050,0.080,0.030,0.050,0.030,0.500,0.010,0.010,0.800,0.200,0.350,0.100,1.000,0.100,0.200,0.040,1.000,0.500,0.800,0.300,0.400
Crop,3071,0.050,0.000,0.050,0.080,0.030,0.050,0.030,0.500,0.010,0.010,0.800,0.200,0.350,0.100,1.000,0.100,0.200,0.040,1.000,0.500,0.800,0.300,0.400
Crop,3046,0.050,0.000,0.050,0.080,0.030,0.050,0.030,0.500,0.010,0.010,0.800,0.200,0.350,0.100,1.000,0.100,0.200,0.040,1.000,0.500,0.800,0.300,0.400
Crop,3072,0.050,0.000,0.050,0.080,0.030,0.050,0.030,0.500,0.010,0.010,0.800,0.200,0.350,0.100,1.000,0.100,0.200,0.040,1.000,0.500,0.800,0.300,0.400
Crop,3075,0.050,0.000,0.050,0.080,0.030,0.050,0.030,0.500,0.010,0.010,0.800,0.200,0.350,0.100,1.000,0.100,0.200,0.040,1.000,0.500,0.800,0.300,0.400
Crop,3099,0.050,0.000,0.050,0.080,0.030,0.050,0.030,0.500,0.010,0.010,0.800,0.200,0.350,0.100,1.000,0.100,0.200,0.040,1.000,0.500,0.800,0.300,0.400
Crop,3098,0.050,0.000,0.050,0.080,0.030,0.050,0.030,0.500,0.010,0.010,0.800,0.200,0.350,0.100,1.000,0.100,0.200,0.040,1.000,0.500,0.800,0.300,0.400
Crop,3097,0.050,0.000,0.050,0.080,0.030,0.050,0.030,0.500,0.010,0.010,0.800,0.200,0.350,0.100,1.000,0.100,0.200,0.040,1.000,0.500,0.800,0.300,0.400
Crop,3096,0.050,0.000,0.050,0.080,0.030,0.050,0.030,0.500,0.010,0.010,0.800,0.200,0.350,0.100,1.000,0.100,0.200,0.040,1.000,0.500,0.800,0.300,0.400
Crop,3095,0.050,0.000,0.050,0.080,0.030,0.050,0.030,0.500,0.010,0.010,0.800,0.200,0.350,0.100,1.000,0.100,0.200,0.040,1.000,0.500,0.800,0.300,0.400
Crop,3094,0.050,0.000,0.050,0.080,0.030,0.050,0.030,0.500,0.010,0.010,0.800,0.200,0.350,0.100,1.000,0.100,0.200,0.040,1.000,0.500,0.800,0.300,0.400
Crop,3093,0.050,0.000,0.050,0.080,0.030,0.050,0.030,0.500,0.010,0.010,0.800,0.200,0.350,0.100,1.000,0.100,0.200,0.040,1.000,0.500,0.800,0.300,0.400
Crop,3092,0.050,0.000,0.050,0.080,0.030,0.050,0.030,0.500,0.010,0.010,0.800,0.200,0.350,0.100,1.000,0.100,0.200,0.040,1.000,0.500,0.800,0.300,0.400
Crop,3091,0.050,0.000,0.050,0.080,0.030,0.050,0.030,0.500,0.010,0.010,0.800,0.200,0.350,0.100,1.000,0.100,0.200,0.040,1.000,0.500,0.800,0.300,0.400
Crop,3090,0.050,0.000,0.050,0.080,0.030,0.050,0.030,0.500,0.010,0.010,0.800,0.200,0.350,0.100,1.000,0.100,0.200,0.040,1.000,0.500,0.800,0.300,0.400
Crop,3088,0.050,0.000,0.050,0.080,0.030,0.050,0.030,0.500,0.010,0.010,0.800,0.200,0.350,0.100,1.000,0.100,0.200,0.040,1.000,0.500,0.800,0.300,0.400
Crop,3087,0.050,0.000,0.050,0.080,0.030,0.050,0.030,0.500,0.010,0.010,0.800,0.200,0.350,0.100,1.000,0.100,0.200,0.040,1.000,0.500,0.800,0.300,0.400
Crop,3086,0.050,0.000,0.050,0.080,0.030,0.050,0.030,0.500,0.010,0.010,0.800,0.200,0.350,0.100,1.000,0.100,0.200,0.040,1.000,0.500,0.800,0.300,0.400
Crop,3085,0.050,0.000,0.050,0.080,0.030,0.050,0.030,0.500,0.010,0.010,0.800,0.200,0.350,0.100,1.000,0.100,0.200,0.040,1.000,0.500,0.800,0.300,0.400
Crop,3084,0.050,0.000,0.050,0.080,0.030,0.050,0.030,0.500,0.010,0.010,0.800,0.200,0.350,0.100,1.000,0.100,0.200,0.040,1.000,0.500,0.800,0.300,0.400
Crop,3083,0.050,0.000,0.050,0.080,0.030,0.050,0.030,0.500,0.010,0.010,0.800,0.200,0.350,0.100,1.000,0.100,0.200,0.040,1.000,0.500,0.800,0.300,0.400
Crop,3082,0.050,0.000,0.050,0.080,0.030,0.050,0.030,0.500,0.010,0.010,0.800,0.200,0.350,0.100,1.000,0.100,0.200,0.040,1.000,0.500,0.800,0.300,0.400
Crop,3081,0.050,0.000,0.050,0.080,0.030,0.050,0.030,0.500,0.010,0.010,0.800,0.200,0.350,0.100,1.000,0.100,0.200,0.040,1.000,0.500,0.800,0.300,0.400
Crop,3080,0.050,0.000,0.050,0.080,0.030,0.050,0.030,0.500,0.010,0.010,0.800,0.200,0.350,0.100,1.000,0.100,0.200,0.040,1.000,0.500,0.800,0.300,0.400
Crop,3079,0.050,0.000,0.050,0.080,0.030,0.050,0.030,0.500,0.010,0.010,0.800,0.200,0.350,0.100,1.000,0.100,0.200,0.040,1.000,0.500,0.800,0.300,0.400
Crop,3078,0.050,0.000,0.050,0.080,0.030,0.050,0.030,0.500,0.010,0.010,0.800,0.200,0.350,0.100,1.000,0.100,0.200,0.040,1.000,0.500,0.800,0.300,0.400
Crop,3077,0.050,0.000,0.050,0.080,0.030,0.050,0.030,0.500,0.010,0.010,0.800,0.200,0.350,0.100,1.000,0.100,0.200,0.040,1.000,0.500,0.800,0.300,0.400
Crop,3076,0.050,0.000,0.050,0.080,0.030,0.050,0.030,0.500,0.010,0.010,0.800,0.200,0.350,0.100,1.000,0.100,0.200,0.040,1.000,0.500,0.800,0.300,0.400
Crop,3074,0.050,0.000,0.050,0.080,0.030,0.050,0.030,0.500,0.010,0.010,0.800,0.200,0.350,0.100,1.000,0.100,0.200,0.040,1.000,0.500,0.800,0.300,0.400
Crop,3100,0.050,0.000,0.050,0.080,0.030,0.050,0.030,0.500,0.010,0.010,0.800,0.200,0.350,0.100,1.000,0.100,0.200,0.040,1.000,0.500,0.800,0.300,0.400
Crop,3045,0.050,0.000,0.050,0.080,0.030,0.050,0.030,0.500,0.010,0.010,0.800,0.200,0.350,0.100,1.000,0.100,0.200,0.040,1.000,0.500,0.800,0.300,0.400
Crop,3043,0.050,0.000,0.050,0.080,0.030,0.050,0.030,0.500,0.010,0.010,0.800,0.200,0.350,0.100,1.000,0.100,0.200,0.040,1.000,0.500,0.800,0.300,0.400
Crop,3014,0.050,0.000,0.050,0.080,0.030,0.050,0.030,0.500,0.010,0.010,0.800,0.200,0.350,0.100,1.000,0.100,0.200,0.040,1.000,0.500,0.800,0.300,0.400
Crop,3013,0.050,0.000,0.050,0.080,0.030,0.050,0.030,0.500,0.010,0.010,0.800,0.200,0.350,0.100,1.000,0.100,0.200,0.040,1.000,0.500,0.800,0.300,0.400
Crop,3012,0.050,0.000,0.050,0.080,0.030,0.050,0.030,0.500,0.010,0.010,0.800,0.200,0.350,0.100,1.000,0.100,0.200,0.040,1.000,0.500,0.800,0.300,0.400
Crop,3011,0.050,0.000,0.050,0.080,0.030,0.050,0.030,0.500,0.010,0.010,0.800,0.200,0.350,0.100,1.000,0.100,0.200,0.040,1.000,0.500,0.800,0.300,0.400
Crop,3009,0.050,0.000,0.050,0.080,0.030,0.050,0.030,0.500,0.010,0.010,0.800,0.200,0.350,0.100,1.000,0.100,0.200,0.040,1.000,0.500,0.800,0.300,0.400
Crop,3008,0.050,0.000,0.050,0.080,0.030,0.050,0.030,0.500,0.010,0.010,0.800,0.200,0.350,0.100,1.000,0.100,0.200,0.040,1.000,0.500,0.800,0.300,0.400
Crop,3007,0.050,0.000,0.050,0.080,0.030,0.050,0.030,0.500,0.010,0.010,0.800,0.200,0.350,0.100,1.000,0.100,0.200,0.040,1.000,0.500,0.800,0.300,0.400
Crop,3006,0.050,0.000,0.050,0.080,0.030,0.050,0.030,0.500,0.010,0.010,0.800,0.200,0.350,0.100,1.000,0.100,0.200,0.040,1.000,0.500,0.800,0.300,0.400
Crop,3004,0.050,0.000,0.050,0.080,0.030,0.050,0.030,0.500,0.010,0.010,0.800,0.200,0.350,0.100,1.000,0.100,0.200,0.040,1.000,0.500,0.800,0.300,0.400
Crop,3003,0.050,0.000,0.050,0.080,0.030,0.050,0.030,0.500,0.010,0.010,0.800,0.200,0.350,0.100,1.000,0.100,0.200,0.040,1.000,0.500,0.800,0.300,0.400
Crop,3002,0.050,0.000,0.050,0.080,0.030,0.050,0.030,0.500,0.010,0.010,0.800,0.200,0.350,0.100,1.000,0.100,0.200,0.040,1.000,0.500,0.800,0.300,0.400
Crop,3001,0.050,0.000,0.050,0.080,0.030,0.050,0.030,0.500,0.010,0.010,0.800,0.200,0.350,0.100,1.000,0.100,0.200,0.040,1.000,0.500,0.800,0.300,0.400
Crop,2410,0.050,0.000,0.050,0.080,0.030,0.050,0.030,0.500,0.010,0.010,0.800,0.200,0.350,0.100,1.000,0.100,0.200,0.040,1.000,0.500,0.800,0.300,0.400
Crop,2409,0.050,0.000,0.050,0.080,0.030,0.050,0.030,0.500,0.010,0.010,0.800,0.200,0.350,0.100,1.000,0.100,0.200,0.040,1.000,0.500,0.800,0.300,0.400
Crop,2408,0.050,0.000,0.050,0.080,0.030,0.050,0.030,0.500,0.010,0.010,0.800,0.200,0.350,0.100,1.000,0.100,0.200,0.040,1.000,0.500,0.800,0.300,0.400
Crop,2407,0.050,0.000,0.050,0.080,0.030,0.050,0.030,0.500,0.010,0.010,0.800,0.200,0.350,0.100,1.000,0.100,0.200,0.040,1.000,0.500,0.800,0.300,0.400
Crop,2406,0.050,0.000,0.050,0.080,0.030,0.050,0.030,0.500,0.010,0.010,0.800,0.200,0.350,0.100,1.000,0.100,0.200,0.040,1.000,0.500,0.800,0.300,0.400
Crop,2405,0.050,0.000,0.050,0.080,0.030,0.050,0.030,0.500,0.010,0.010,0.800,0.200,0.350,0.100,1.000,0.100,0.200,0.040,1.000,0.500,0.800,0.300,0.400
Crop,2404,0.050,0.000,0.050,0.080,0.030,0.050,0.030,0.500,0.010,0.010,0.800,0.200,0.350,0.100,1.000,0.100,0.200,0.040,1.000,0.500,0.800,0.300,0.400
Crop,2403,0.050,0.000,0.050,0.080,0.030,0.050,0.030,0.500,0.010,0.010,0.800,0.200,0.350,0.100,1.000,0.100,0.200,0.040,1.000,0.500,0.800,0.300,0.400
Crop,2402,0.050,0.000,0.050,0.080,0.030,0.050,0.030,0.500,0.010,0.010,0.800,0.200,0.350,0.100,1.000,0.100,0.200,0.040,1.000,0.500,0.800,0.300,0.400
Crop,2401,0.050,0.000,0.050,0.080,0.030,0.050,0.030,0.500,0.010,0.010,0.800,0.200,0.350,0.100,1.000,0.100,0.200,0.040,1.000,0.500,0.800,0.300,0.400
Crop,5004,0.050,0.000,0.050,0.080,0.030,0.050,0.030,0.500,0.010,0.010,0.800,0.200,0.350,0.100,1.000,0.100,0.200,0.040,1.000,0.500,0.800,0.300,0.400
Crop,3015,0.050,0.000,0.050,0.080,0.030,0.050,0.030,0.500,0.010,0.010,0.800,0.200,0.350,0.100,1.000,0.100,0.200,0.040,1.000,0.500,0.800,0.300,0.400
Crop,3044,0.050,0.000,0.050,0.080,0.030,0.050,0.030,0.500,0.010,0.010,0.800,0.200,0.350,0.100,1.000,0.100,0.200,0.040,1.000,0.500,0.800,0.300,0.400
Crop,3016,0.050,0.000,0.050,0.080,0.030,0.050,0.030,0.500,0.010,0.010,0.800,0.200,0.350,0.100,1.000,0.100,0.200,0.040,1.000,0.500,0.800,0.300,0.400
Crop,3018,0.050,0.000,0.050,0.080,0.030,0.050,0.030,0.500,0.010,0.010,0.800,0.200,0.350,0.100,1.000,0.100,0.200,0.040,1.000,0.500,0.800,0.300,0.400
Crop,3042,0.050,0.000,0.050,0.080,0.030,0.050,0.030,0.500,0.010,0.010,0.800,0.200,0.350,0.100,1.000,0.100,0.200,0.040,1.000,0.500,0.800,0.300,0.400
Crop,3041,0.050,0.000,0.050,0.080,0.030,0.050,0.030,0.500,0.010,0.010,0.800,0.200,0.350,0.100,1.000,0.100,0.200,0.040,1.000,0.500,0.800,0.300,0.400
Crop,3039,0.050,0.000,0.050,0.080,0.030,0.050,0.030,0.500,0.010,0.010,0.800,0.200,0.350,0.100,1.000,0.100,0.200,0.040,1.000,0.500,0.800,0.300,0.400
Crop,3038,0.050,0.000,0.050,0.080,0.030,0.050,0.030,0.500,0.010,0.010,0.800,0.200,0.350,0.100,1.000,0.100,0.200,0.040,1.000,0.500,0.800,0.300,0.400
Crop,3037,0.050,0.000,0.050,0.080,0.030,0.050,0.030,0.500,0.010,0.010,0.800,0.200,0.350,0.100,1.000,0.100,0.200,0.040,1.000,0.500,0.800,0.300,0.400
Crop,3036,0.050,0.000,0.050,0.080,0.030,0.050,0.030,0.500,0.010,0.010,0.800,0.200,0.350,0.100,1.000,0.100,0.200,0.040,1.000,0.500,0.800,0.300,0.400
Crop,3035,0.050,0.000,0.050,0.080,0.030,0.050,0.030,0.500,0.010,0.010,0.800,0.200,0.350,0.100,1.000,0.100,0.200,0.040,1.000,0.500,0.800,0.300,0.400
Crop,3034,0.050,0.000,0.050,0.080,0.030,0.050,0.030,0.500,0.010,0.010,0.800,0.200,0.350,0.100,1.000,0.100,0.200,0.040,1.000,0.500,0.800,0.300,0.400
Crop,3033,0.050,0.000,0.050,0.080,0.030,0.050,0.030,0.500,0.010,0.010,0.800,0.200,0.350,0.100,1.000,0.100,0.200,0.040,1.000,0.500,0.800,0.300,0.400
Crop,3032,0.050,0.000,0.050,0.080,0.030,0.050,0.030,0.500,0.010,0.010,0.800,0.200,0.350,0.100,1.000,0.100,0.200,0.040,1.000,0.500,0.800,0.300,0.400
Crop,3031,0.050,0.000,0.050,0.080,0.030,0.050,0.030,0.500,0.010,0.010,0.800,0.200,0.350,0.100,1.000,0.100,0.200,0.040,1.000,0.500,0.800,0.300,0.400
Crop,3030,0.050,0.000,0.050,0.080,0.030,0.050,0.030,0.500,0.010,0.010,0.800,0.200,0.350,0.100,1.000,0.100,0.200,0.040,1.000,0.500,0.800,0.300,0.400
Crop,3029,0.050,0.000,0.050,0.080,0.030,0.050,0.030,0.500,0.010,0.010,0.800,0.200,0.350,0.100,1.000,0.100,0.200,0.040,1.000,0.500,0.800,0.300,0.400
Crop,3028,0.050,0.000,0.050,0.080,0.030,0.050,0.030,0.500,0.010,0.010,0.800,0.200,0.350,0.100,1.000,0.100,0.200,0.040,1.000,0.500,0.800,0.300,0.400
Crop,3027,0.050,0.000,0.050,0.080,0.030,0.050,0.030,0.500,0.010,0.010,0.800,0.200,0.350,0.100,1.000,0.100,0.200,0.040,1.000,0.500,0.800,0.300,0.400
Crop,3026,0.050,0.000,0.050,0.080,0.030,0.050,0.030,0.500,0.010,0.010,0.800,0.200,0.350,0.100,1.000,0.100,0.200,0.040,1.000,0.500,0.800,0.300,0.400
Crop,3025,0.050,0.000,0.050,0.080,0.030,0.050,0.030,0.500,0.010,0.010,0.800,0.200,0.350,0.100,1.000,0.100,0.200,0.040,1.000,0.500,0.800,0.300,0.400
Crop,3024,0.050,0.000,0.050,0.080,0.030,0.050,0.030,0.500,0.010,0.010,0.800,0.200,0.350,0.100,1.000,0.100,0.200,0.040,1.000,0.500,0.800,0.300,0.400
Crop,3023,0.050,0.000,0.050,0.080,0.030,0.050,0.030,0.500,0.010,0.010,0.800,0.200,0.350,0.100,1.000,0.100,0.200,0.040,1.000,0.500,0.800,0.300,0.400
Crop,3022,0.050,0.000,0.050,0.080,0.030,0.050,0.030,0.500,0.010,0.010,0.800,0.200,0.350,0.100,1.000,0.100,0.200,0.040,1.000,0.500,0.800,0.300,0.400
Crop,3021,0.050,0.000,0.050,0.080,0.030,0.050,0.030,0.500,0.010,0.010,0.800,0.200,0.350,0.100,1.000,0.100,0.200,0.040,1.000,0.500,0.800,0.300,0.400
Crop,3020,0.050,0.000,0.050,0.080,0.030,0.050,0.030,0.500,0.010,0.010,0.800,0.200,0.350,0.100,1.000,0.100,0.200,0.040,1.000,0.500,0.800,0.300,0.400
Crop,3019,0.050,0.000,0.050,0.080,0.030,0.050,0.030,0.500,0.010,0.010,0.800,0.200,0.350,0.100,1.000,0.100,0.200,0.040,1.000,0.500,0.800,0.300,0.400
Crop,3017,0.050,0.000,0.050,0.080,0.030,0.050,0.030,0.500,0.010,0.010,0.800,0.200,0.350,0.100,1.000,0.100,0.200,0.040,1.000,0.500,0.800,0.300,0.400
Crop,3101,0.050,0.000,0.050,0.080,0.030,0.050,0.030,0.500,0.010,0.010,0.800,0.200,0.350,0.100,1.000,0.100,0.200,0.040,1.000,0.500,0.800,0.300,0.400
Crop,3103,0.050,0.000,0.050,0.080,0.030,0.050,0.030,0.500,0.010,0.010,0.800,0.200,0.350,0.100,1.000,0.100,0.200,0.040,1.000,0.500,0.800,0.300,0.400
Crop,3104,0.050,0.000,0.050,0.080,0.030,0.050,0.030,0.500,0.010,0.010,0.800,0.200,0.350,0.100,1.000,0.100,0.200,0.040,1.000,0.500,0.800,0.300,0.400
Crop,3184,0.050,0.000,0.050,0.080,0.030,0.050,0.030,0.500,0.010,0.010,0.800,0.200,0.350,0.100,1.000,0.100,0.200,0.040,1.000,0.500,0.800,0.300,0.400
Crop,3183,0.050,0.000,0.050,0.080,0.030,0.050,0.030,0.500,0.010,0.010,0.800,0.200,0.350,0.100,1.000,0.100,0.200,0.040,1.000,0.500,0.800,0.300,0.400
Crop,3182,0.050,0.000,0.050,0.080,0.030,0.050,0.030,0.500,0.010,0.010,0.800,0.200,0.350,0.100,1.000,0.100,0.200,0.040,1.000,0.500,0.800,0.300,0.400
Crop,3181,0.050,0.000,0.050,0.080,0.030,0.050,0.030,0.500,0.010,0.010,0.800,0.200,0.350,0.100,1.000,0.100,0.200,0.040,1.000,0.500,0.800,0.300,0.400
Crop,3180,0.050,0.000,0.050,0.080,0.030,0.050,0.030,0.500,0.010,0.010,0.800,0.200,0.350,0.100,1.000,0.100,0.200,0.040,1.000,0.500,0.800,0.300,0.400
Crop,3179,0.050,0.000,0.050,0.080,0.030,0.050,0.030,0.500,0.010,0.010,0.800,0.200,0.350,0.100,1.000,0.100,0.200,0.040,1.000,0.500,0.800,0.300,0.400
Crop,3178,0.050,0.000,0.050,0.080,0.030,0.050,0.030,0.500,0.010,0.010,0.800,0.200,0.350,0.100,1.000,0.100,0.200,0.040,1.000,0.500,0.800,0.300,0.400
Crop,3177,0.050,0.000,0.050,0.080,0.030,0.050,0.030,0.500,0.010,0.010,0.800,0.200,0.350,0.100,1.000,0.100,0.200,0.040,1.000,0.500,0.800,0.300,0.400
Crop,3174,0.050,0.000,0.050,0.080,0.030,0.050,0.030,0.500,0.010,0.010,0.800,0.200,0.350,0.100,1.000,0.100,0.200,0.040,1.000,0.500,0.800,0.300,0.400
Crop,3173,0.050,0.000,0.050,0.080,0.030,0.050,0.030,0.500,0.010,0.010,0.800,0.200,0.350,0.100,1.000,0.100,0.200,0.040,1.000,0.500,0.800,0.300,0.400
Crop,3172,0.050,0.000,0.050,0.080,0.030,0.050,0.030,0.500,0.010,0.010,0.800,0.200,0.350,0.100,1.000,0.100,0.200,0.040,1.000,0.500,0.800,0.300,0.400
Crop,3171,0.050,0.000,0.050,0.080,0.030,0.050,0.030,0.500,0.010,0.010,0.800,0.200,0.350,0.100,1.000,0.100,0.200,0.040,1.000,0.500,0.800,0.300,0.400
Crop,3170,0.050,0.000,0.050,0.080,0.030,0.050,0.030,0.500,0.010,0.010,0.800,0.200,0.350,0.100,1.000,0.100,0.200,0.040,1.000,0.500,0.800,0.300,0.400
Crop,3169,0.050,0.000,0.050,0.080,0.030,0.050,0.030,0.500,0.010,0.010,0.800,0.200,0.350,0.100,1.000,0.100,0.200,0.040,1.000,0.500,0.800,0.300,0.400
Crop,3168,0.050,0.000,0.050,0.080,0.030,0.050,0.030,0.500,0.010,0.010,0.800,0.200,0.350,0.100,1.000,0.100,0.200,0.040,1.000,0.500,0.800,0.300,0.400
Crop,3167,0.050,0.000,0.050,0.080,0.030,0.050,0.030,0.500,0.010,0.010,0.800,0.200,0.350,0.100,1.000,0.100,0.200,0.040,1.000,0.500,0.800,0.300,0.400
Crop,3166,0.050,0.000,0.050,0.080,0.030,0.050,0.030,0.500,0.010,0.010,0.800,0.200,0.350,0.100,1.000,0.100,0.200,0.040,1.000,0.500,0.800,0.300,0.400
Crop,3165,0.050,0.000,0.050,0.080,0.030,0.050,0.030,0.500,0.010,0.010,0.800,0.200,0.350,0.100,1.000,0.100,0.200,0.040,1.000,0.500,0.800,0.300,0.400
Crop,3164,0.050,0.000,0.050,0.080,0.030,0.050,0.030,0.500,0.010,0.010,0.800,0.200,0.350,0.100,1.000,0.100,0.200,0.040,1.000,0.500,0.800,0.300,0.400
Crop,3163,0.050,0.000,0.050,0.080,0.030,0.050,0.030,0.500,0.010,0.010,0.800,0.200,0.350,0.100,1.000,0.100,0.200,0.040,1.000,0.500,0.800,0.300,0.400
Crop,3162,0.050,0.000,0.050,0.080,0.030,0.050,0.030,0.500,0.010,0.010,0.800,0.200,0.350,0.100,1.000,0.100,0.200,0.040,1.000,0.500,0.800,0.300,0.400
Crop,3161,0.050,0.000,0.050,0.080,0.030,0.050,0.030,0.500,0.010,0.010,0.800,0.200,0.350,0.100,1.000,0.100,0.200,0.040,1.000,0.500,0.800,0.300,0.400
Crop,3160,0.050,0.000,0.050,0.080,0.030,0.050,0.030,0.500,0.010,0.010,0.800,0.200,0.350,0.100,1.000,0.100,0.200,0.040,1.000,0.500,0.800,0.300,0.400
Crop,3185,0.050,0.000,0.050,0.080,0.030,0.050,0.030,0.500,0.010,0.010,0.800,0.200,0.350,0.100,1.000,0.100,0.200,0.040,1.000,0.500,0.800,0.300,0.400
Crop,3159,0.050,0.000,0.050,0.080,0.030,0.050,0.030,0.500,0.010,0.010,0.800,0.200,0.350,0.100,1.000,0.100,0.200,0.040,1.000,0.500,0.800,0.300,0.400
Crop,3186,0.050,0.000,0.050,0.080,0.030,0.050,0.030,0.500,0.010,0.010,0.800,0.200,0.350,0.100,1.000,0.100,0.200,0.040,1.000,0.500,0.800,0.300,0.400
Crop,3191,0.050,0.000,0.050,0.080,0.030,0.050,0.030,0.500,0.010,0.010,0.800,0.200,0.350,0.100,1.000,0.100,0.200,0.040,1.000,0.500,0.800,0.300,0.400
Crop,3216,0.050,0.000,0.050,0.080,0.030,0.050,0.030,0.500,0.010,0.010,0.800,0.200,0.350,0.100,1.000,0.100,0.200,0.040,1.000,0.500,0.800,0.300,0.400
Crop,3215,0.050,0.000,0.050,0.080,0.030,0.050,0.030,0.500,0.010,0.010,0.800,0.200,0.350,0.100,1.000,0.100,0.200,0.040,1.000,0.500,0.800,0.300,0.400
Crop,3214,0.050,0.000,0.050,0.080,0.030,0.050,0.030,0.500,0.010,0.010,0.800,0.200,0.350,0.100,1.000,0.100,0.200,0.040,1.000,0.500,0.800,0.300,0.400
Crop,3213,0.050,0.000,0.050,0.080,0.030,0.050,0.030,0.500,0.010,0.010,0.800,0.200,0.350,0.100,1.000,0.100,0.200,0.040,1.000,0.500,0.800,0.300,0.400
Crop,3212,0.050,0.000,0.050,0.080,0.030,0.050,0.030,0.500,0.010,0.010,0.800,0.200,0.350,0.100,1.000,0.100,0.200,0.040,1.000,0.500,0.800,0.300,0.400
Crop,3211,0.050,0.000,0.050,0.080,0.030,0.050,0.030,0.500,0.010,0.010,0.800,0.200,0.350,0.100,1.000,0.100,0.200,0.040,1.000,0.500,0.800,0.300,0.400
Crop,3210,0.050,0.000,0.050,0.080,0.030,0.050,0.030,0.500,0.010,0.010,0.800,0.200,0.350,0.100,1.000,0.100,0.200,0.040,1.000,0.500,0.800,0.300,0.400
Crop,3209,0.050,0.000,0.050,0.080,0.030,0.050,0.030,0.500,0.010,0.010,0.800,0.200,0.350,0.100,1.000,0.100,0.200,0.040,1.000,0.500,0.800,0.300,0.400
Crop,3208,0.050,0.000,0.050,0.080,0.030,0.050,0.030,0.500,0.010,0.010,0.800,0.200,0.350,0.100,1.000,0.100,0.200,0.040,1.000,0.500,0.800,0.300,0.400
Crop,3207,0.050,0.000,0.050,0.080,0.030,0.050,0.030,0.500,0.010,0.010,0.800,0.200,0.350,0.100,1.000,0.100,0.200,0.040,1.000,0.500,0.800,0.300,0.400
Crop,3206,0.050,0.000,0.050,0.080,0.030,0.050,0.030,0.500,0.010,0.010,0.800,0.200,0.350,0.100,1.000,0.100,0.200,0.040,1.000,0.500,0.800,0.300,0.400
Crop,3205,0.050,0.000,0.050,0.080,0.030,0.050,0.030,0.500,0.010,0.010,0.800,0.200,0.350,0.100,1.000,0.100,0.200,0.040,1.000,0.500,0.800,0.300,0.400
Crop,3204,0.050,0.000,0.050,0.080,0.030,0.050,0.030,0.500,0.010,0.010,0.800,0.200,0.350,0.100,1.000,0.100,0.200,0.040,1.000,0.500,0.800,0.300,0.400
Crop,3203,0.050,0.000,0.050,0.080,0.030,0.050,0.030,0.500,0.010,0.010,0.800,0.200,0.350,0.100,1.000,0.100,0.200,0.040,1.000,0.500,0.800,0.300,0.400
Crop,3202,0.050,0.000,0.050,0.080,0.030,0.050,0.030,0.500,0.010,0.010,0.800,0.200,0.350,0.100,1.000,0.100,0.200,0.040,1.000,0.500,0.800,0.300,0.400
Crop,3201,0.050,0.000,0.050,0.080,0.030,0.050,0.030,0.500,0.010,0.010,0.800,0.200,0.350,0.100,1.000,0.100,0.200,0.040,1.000,0.500,0.800,0.300,0.400
Crop,3200,0.050,0.000,0.050,0.080,0.030,0.050,0.030,0.500,0.010,0.010,0.800,0.200,0.350,0.100,1.000,0.100,0.200,0.040,1.000,0.500,0.800,0.300,0.400
Crop,3199,0.050,0.000,0.050,0.080,0.030,0.050,0.030,0.500,0.010,0.010,0.800,0.200,0.350,0.100,1.000,0.100,0.200,0.040,1.000,0.500,0.800,0.300,0.400
Crop,3196,0.050,0.000,0.050,0.080,0.030,0.050,0.030,0.500,0.010,0.010,0.800,0.200,0.350,0.100,1.000,0.100,0.200,0.040,1.000,0.500,0.800,0.300,0.400
Crop,3195,0.050,0.000,0.050,0.080,0.030,0.050,0.030,0.500,0.010,0.010,0.800,0.200,0.350,0.100,1.000,0.100,0.200,0.040,1.000,0.500,0.800,0.300,0.400
Crop,3194,0.050,0.000,0.050,0.080,0.030,0.050,0.030,0.500,0.010,0.010,0.800,0.200,0.350,0.100,1.000,0.100,0.200,0.040,1.000,0.500,0.800,0.300,0.400
Crop,3193,0.050,0.000,0.050,0.080,0.030,0.050,0.030,0.500,0.010,0.010,0.800,0.200,0.350,0.100,1.000,0.100,0.200,0.040,1.000,0.500,0.800,0.300,0.400
Crop,3192,0.050,0.000,0.050,0.080,0.030,0.050,0.030,0.500,0.010,0.010,0.800,0.200,0.350,0.100,1.000,0.100,0.200,0.040,1.000,0.500,0.800,0.300,0.400
Crop,3187,0.050,0.000,0.050,0.080,0.030,0.050,0.030,0.500,0.010,0.010,0.800,0.200,0.350,0.100,1.000,0.100,0.200,0.040,1.000,0.500,0.800,0.300,0.400
Crop,3158,0.050,0.000,0.050,0.080,0.030,0.050,0.030,0.500,0.010,0.010,0.800,0.200,0.350,0.100,1.000,0.100,0.200,0.040,1.000,0.500,0.800,0.300,0.400
Crop,3157,0.050,0.000,0.050,0.080,0.030,0.050,0.030,0.500,0.010,0.010,0.800,0.200,0.350,0.100,1.000,0.100,0.200,0.040,1.000,0.500,0.800,0.300,0.400
Crop,3156,0.050,0.000,0.050,0.080,0.030,0.050,0.030,0.500,0.010,0.010,0.800,0.200,0.350,0.100,1.000,0.100,0.200,0.040,1.000,0.500,0.800,0.300,0.400
Crop,3127,0.050,0.000,0.050,0.080,0.030,0.050,0.030,0.500,0.010,0.010,0.800,0.200,0.350,0.100,1.000,0.100,0.200,0.040,1.000,0.500,0.800,0.300,0.400
Crop,3126,0.050,0.000,0.050,0.080,0.030,0.050,0.030,0.500,0.010,0.010,0.800,0.200,0.350,0.100,1.000,0.100,0.200,0.040,1.000,0.500,0.800,0.300,0.400
Crop,3125,0.050,0.000,0.050,0.080,0.030,0.050,0.030,0.500,0.010,0.010,0.800,0.200,0.350,0.100,1.000,0.100,0.200,0.040,1.000,0.500,0.800,0.300,0.400
Crop,3124,0.050,0.000,0.050,0.080,0.030,0.050,0.030,0.500,0.010,0.010,0.800,0.200,0.350,0.100,1.000,0.100,0.200,0.040,1.000,0.500,0.800,0.300,0.400
Crop,3123,0.050,0.000,0.050,0.080,0.030,0.050,0.030,0.500,0.010,0.010,0.800,0.200,0.350,0.100,1.000,0.100,0.200,0.040,1.000,0.500,0.800,0.300,0.400
Crop,3122,0.050,0.000,0.050,0.080,0.030,0.050,0.030,0.500,0.010,0.010,0.800,0.200,0.350,0.100,1.000,0.100,0.200,0.040,1.000,0.500,0.800,0.300,0.400
Crop,3121,0.050,0.000,0.050,0.080,0.030,0.050,0.030,0.500,0.010,0.010,0.800,0.200,0.350,0.100,1.000,0.100,0.200,0.040,1.000,0.500,0.800,0.300,0.400
Crop,3120,0.050,0.000,0.050,0.080,0.030,0.050,0.030,0.500,0.010,0.010,0.800,0.200,0.350,0.100,1.000,0.100,0.200,0.040,1.000,0.500,0.800,0.300,0.400
Crop,3119,0.050,0.000,0.050,0.080,0.030,0.050,0.030,0.500,0.010,0.010,0.800,0.200,0.350,0.100,1.000,0.100,0.200,0.040,1.000,0.500,0.800,0.300,0.400
Crop,3118,0.050,0.000,0.050,0.080,0.030,0.050,0.030,0.500,0.010,0.010,0.800,0.200,0.350,0.100,1.000,0.100,0.200,0.040,1.000,0.500,0.800,0.300,0.400
Crop,3117,0.050,0.000,0.050,0.080,0.030,0.050,0.030,0.500,0.010,0.010,0.800,0.200,0.350,0.100,1.000,0.100,0.200,0.040,1.000,0.500,0.800,0.300,0.400
Crop,3116,0.050,0.000,0.050,0.080,0.030,0.050,0.030,0.500,0.010,0.010,0.800,0.200,0.350,0.100,1.000,0.100,0.200,0.040,1.000,0.500,0.800,0.300,0.400
Crop,3115,0.050,0.000,0.050,0.080,0.030,0.050,0.030,0.500,0.010,0.010,0.800,0.200,0.350,0.100,1.000,0.100,0.200,0.040,1.000,0.500,0.800,0.300,0.400
Crop,3114,0.050,0.000,0.050,0.080,0.030,0.050,0.030,0.500,0.010,0.010,0.800,0.200,0.350,0.100,1.000,0.100,0.200,0.040,1.000,0.500,0.800,0.300,0.400
Crop,3113,0.050,0.000,0.050,0.080,0.030,0.050,0.030,0.500,0.010,0.010,0.800,0.200,0.350,0.100,1.000,0.100,0.200,0.040,1.000,0.500,0.800,0.300,0.400
Crop,3112,0.050,0.000,0.050,0.080,0.030,0.050,0.030,0.500,0.010,0.010,0.800,0.200,0.350,0.100,1.000,0.100,0.200,0.040,1.000,0.500,0.800,0.300,0.400
Crop,3111,0.050,0.000,0.050,0.080,0.030,0.050,0.030,0.500,0.010,0.010,0.800,0.200,0.350,0.100,1.000,0.100,0.200,0.040,1.000,0.500,0.800,0.300,0.400
Crop,3110,0.050,0.000,0.050,0.080,0.030,0.050,0.030,0.500,0.010,0.010,0.800,0.200,0.350,0.100,1.000,0.100,0.200,0.040,1.000,0.500,0.800,0.300,0.400
Crop,3109,0.050,0.000,0.050,0.080,0.030,0.050,0.030,0.500,0.010,0.010,0.800,0.200,0.350,0.100,1.000,0.100,0.200,0.040,1.000,0.500,0.800,0.300,0.400
Crop,3108,0.050,0.000,0.050,0.080,0.030,0.050,0.030,0.500,0.010,0.010,0.800,0.200,0.350,0.100,1.000,0.100,0.200,0.040,1.000,0.500,0.800,0.300,0.400
Crop,3107,0.050,0.000,0.050,0.080,0.030,0.050,0.030,0.500,0.010,0.010,0.800,0.200,0.350,0.100,1.000,0.100,0.200,0.040,1.000,0.500,0.800,0.300,0.400
Crop,3106,0.050,0.000,0.050,0.080,0.030,0.050,0.030,0.500,0.010,0.010,0.800,0.200,0.350,0.100,1.000,0.100,0.200,0.040,1.000,0.500,0.800,0.300,0.400
Crop,3105,0.050,0.000,0.050,0.080,0.030,0.050,0.030,0.500,0.010,0.010,0.800,0.200,0.350,0.100,1.000,0.100,0.200,0.040,1.000,0.500,0.800,0.300,0.400
Crop,3128,0.050,0.000,0.050,0.080,0.030,0.050,0.030,0.500,0.010,0.010,0.800,0.200,0.350,0.100,1.000,0.100,0.200,0.040,1.000,0.500,0.800,0.300,0.400
Crop,3129,0.050,0.000,0.050,0.080,0.030,0.050,0.030,0.500,0.010,0.010,0.800,0.200,0.350,0.100,1.000,0.100,0.200,0.040,1.000,0.500,0.800,0.300,0.400
Crop,3130,0.050,0.000,0.050,0.080,0.030,0.050,0.030,0.500,0.010,0.010,0.800,0.200,0.350,0.100,1.000,0.100,0.200,0.040,1.000,0.500,0.800,0.300,0.400
Crop,3131,0.050,0.000,0.050,0.080,0.030,0.050,0.030,0.500,0.010,0.010,0.800,0.200,0.350,0.100,1.000,0.100,0.200,0.040,1.000,0.500,0.800,0.300,0.400
Crop,3155,0.050,0.000,0.050,0.080,0.030,0.050,0.030,0.500,0.010,0.010,0.800,0.200,0.350,0.100,1.000,0.100,0.200,0.040,1.000,0.500,0.800,0.300,0.400
Crop,3154,0.050,0.000,0.050,0.080,0.030,0.050,0.030,0.500,0.010,0.010,0.800,0.200,0.350,0.100,1.000,0.100,0.200,0.040,1.000,0.500,0.800,0.300,0.400
Crop,3153,0.050,0.000,0.050,0.080,0.030,0.050,0.030,0.500,0.010,0.010,0.800,0.200,0.350,0.100,1.000,0.100,0.200,0.040,1.000,0.500,0.800,0.300,0.400
Crop,3152,0.050,0.000,0.050,0.080,0.030,0.050,0.030,0.500,0.010,0.010,0.800,0.200,0.350,0.100,1.000,0.100,0.200,0.040,1.000,0.500,0.800,0.300,0.400
Crop,3151,0.050,0.000,0.050,0.080,0.030,0.050,0.030,0.500,0.010,0.010,0.800,0.200,0.350,0.100,1.000,0.100,0.200,0.040,1.000,0.500,0.800,0.300,0.400
Crop,3150,0.050,0.000,0.050,0.080,0.030,0.050,0.030,0.500,0.010,0.010,0.800,0.200,0.350,0.100,1.000,0.100,0.200,0.040,1.000,0.500,0.800,0.300,0.400
Crop,3149,0.050,0.000,0.050,0.080,0.030,0.050,0.030,0.500,0.010,0.010,0.800,0.200,0.350,0.100,1.000,0.100,0.200,0.040,1.000,0.500,0.800,0.300,0.400
Crop,3148,0.050,0.000,0.050,0.080,0.030,0.050,0.030,0.500,0.010,0.010,0.800,0.200,0.350,0.100,1.000,0.100,0.200,0.040,1.000,0.500,0.800,0.300,0.400
Crop,3147,0.050,0.000,0.050,0.080,0.030,0.050,0.030,0.500,0.010,0.010,0.800,0.200,0.350,0.100,1.000,0.100,0.200,0.040,1.000,0.500,0.800,0.300,0.400
Crop,3146,0.050,0.000,0.050,0.080,0.030,0.050,0.030,0.500,0.010,0.010,0.800,0.200,0.350,0.100,1.000,0.100,0.200,0.040,1.000,0.500,0.800,0.300,0.400
Crop,3145,0.050,0.000,0.050,0.080,0.030,0.050,0.030,0.500,0.010,0.010,0.800,0.200,0.350,0.100,1.000,0.100,0.200,0.040,1.000,0.500,0.800,0.300,0.400
Crop,3448,0.050,0.000,0.050,0.080,0.030,0.050,0.030,0.500,0.010,0.010,0.800,0.200,0.350,0.100,1.000,0.100,0.200,0.040,1.000,0.500,0.800,0.300,0.400
Crop,3144,0.050,0.000,0.050,0.080,0.030,0.050,0.030,0.500,0.010,0.010,0.800,0.200,0.350,0.100,1.000,0.100,0.200,0.040,1.000,0.500,0.800,0.300,0.400
Crop,3142,0.050,0.000,0.050,0.080,0.030,0.050,0.030,0.500,0.010,0.010,0.800,0.200,0.350,0.100,1.000,0.100,0.200,0.040,1.000,0.500,0.800,0.300,0.400
Crop,3141,0.050,0.000,0.050,0.080,0.030,0.050,0.030,0.500,0.010,0.010,0.800,0.200,0.350,0.100,1.000,0.100,0.200,0.040,1.000,0.500,0.800,0.300,0.400
Crop,3140,0.050,0.000,0.050,0.080,0.030,0.050,0.030,0.500,0.010,0.010,0.800,0.200,0.350,0.100,1.000,0.100,0.200,0.040,1.000,0.500,0.800,0.300,0.400
Crop,3139,0.050,0.000,0.050,0.080,0.030,0.050,0.030,0.500,0.010,0.010,0.800,0.200,0.350,0.100,1.000,0.100,0.200,0.040,1.000,0.500,0.800,0.300,0.400
Crop,3138,0.050,0.000,0.050,0.080,0.030,0.050,0.030,0.500,0.010,0.010,0.800,0.200,0.350,0.100,1.000,0.100,0.200,0.040,1.000,0.500,0.800,0.300,0.400
Crop,3137,0.050,0.000,0.050,0.080,0.030,0.050,0.030,0.500,0.010,0.010,0.800,0.200,0.350,0.100,1.000,0.100,0.200,0.040,1.000,0.500,0.800,0.300,0.400
Crop,3136,0.050,0.000,0.050,0.080,0.030,0.050,0.030,0.500,0.010,0.010,0.800,0.200,0.350,0.100,1.000,0.100,0.200,0.040,1.000,0.500,0.800,0.300,0.400
Crop,3135,0.050,0.000,0.050,0.080,0.030,0.050,0.030,0.500,0.010,0.010,0.800,0.200,0.350,0.100,1.000,0.100,0.200,0.040,1.000,0.500,0.800,0.300,0.400
Crop,3134,0.050,0.000,0.050,0.080,0.030,0.050,0.030,0.500,0.010,0.010,0.800,0.200,0.350,0.100,1.000,0.100,0.200,0.040,1.000,0.500,0.800,0.300,0.400
Crop,3133,0.050,0.000,0.050,0.080,0.030,0.050,0.030,0.500,0.010,0.010,0.800,0.200,0.350,0.100,1.000,0.100,0.200,0.040,1.000,0.500,0.800,0.300,0.400
Crop,3132,0.050,0.000,0.050,0.080,0.030,0.050,0.030,0.500,0.010,0.010,0.800,0.200,0.350,0.100,1.000,0.100,0.200,0.040,1.000,0.500,0.800,0.300,0.400
Crop,3143,0.050,0.000,0.050,0.080,0.030,0.050,0.030,0.500,0.010,0.010,0.800,0.200,0.350,0.100,1.000,0.100,0.200,0.040,1.000,0.500,0.800,0.300,0.400
Crop,3449,0.050,0.000,0.050,0.080,0.030,0.050,0.030,0.500,0.010,0.010,0.800,0.200,0.350,0.100,1.000,0.100,0.200,0.040,1.000,0.500,0.800,0.300,0.400
Crop,2400,0.050,0.000,0.050,0.080,0.030,0.050,0.030,0.500,0.010,0.010,0.800,0.200,0.350,0.100,1.000,0.100,0.200,0.040,1.000,0.500,0.800,0.300,0.400
Crop,3451,0.050,0.000,0.050,0.080,0.030,0.050,0.030,0.500,0.010,0.010,0.800,0.200,0.350,0.100,1.000,0.100,0.200,0.040,1.000,0.500,0.800,0.300,0.400
Crop,3853,0.050,0.000,0.050,0.080,0.030,0.050,0.030,0.500,0.010,0.010,0.800,0.200,0.350,0.100,1.000,0.100,0.200,0.040,1.000,0.500,0.800,0.300,0.400
Crop,3852,0.050,0.000,0.050,0.080,0.030,0.050,0.030,0.500,0.010,0.010,0.800,0.200,0.350,0.100,1.000,0.100,0.200,0.040,1.000,0.500,0.800,0.300,0.400
Crop,3850,0.050,0.000,0.050,0.080,0.030,0.050,0.030,0.500,0.010,0.010,0.800,0.200,0.350,0.100,1.000,0.100,0.200,0.040,1.000,0.500,0.800,0.300,0.400
Crop,3849,0.050,0.000,0.050,0.080,0.030,0.050,0.030,0.500,0.010,0.010,0.800,0.200,0.350,0.100,1.000,0.100,0.200,0.040,1.000,0.500,0.800,0.300,0.400
Crop,3848,0.050,0.000,0.050,0.080,0.030,0.050,0.030,0.500,0.010,0.010,0.800,0.200,0.350,0.100,1.000,0.100,0.200,0.040,1.000,0.500,0.800,0.300,0.400
Crop,3847,0.050,0.000,0.050,0.080,0.030,0.050,0.030,0.500,0.010,0.010,0.800,0.200,0.350,0.100,1.000,0.100,0.200,0.040,1.000,0.500,0.800,0.300,0.400
Crop,3846,0.050,0.000,0.050,0.080,0.030,0.050,0.030,0.500,0.010,0.010,0.800,0.200,0.350,0.100,1.000,0.100,0.200,0.040,1.000,0.500,0.800,0.300,0.400
Crop,3845,0.050,0.000,0.050,0.080,0.030,0.050,0.030,0.500,0.010,0.010,0.800,0.200,0.350,0.100,1.000,0.100,0.200,0.040,1.000,0.500,0.800,0.300,0.400
Crop,3843,0.050,0.000,0.050,0.080,0.030,0.050,0.030,0.500,0.010,0.010,0.800,0.200,0.350,0.100,1.000,0.100,0.200,0.040,1.000,0.500,0.800,0.300,0.400
Crop,3842,0.050,0.000,0.050,0.080,0.030,0.050,0.030,0.500,0.010,0.010,0.800,0.200,0.350,0.100,1.000,0.100,0.200,0.040,1.000,0.500,0.800,0.300,0.400
Crop,3841,0.050,0.000,0.050,0.080,0.030,0.050,0.030,0.500,0.010,0.010,0.800,0.200,0.350,0.100,1.000,0.100,0.200,0.040,1.000,0.500,0.800,0.300,0.400
Crop,3840,0.050,0.000,0.050,0.080,0.030,0.050,0.030,0.500,0.010,0.010,0.800,0.200,0.350,0.100,1.000,0.100,0.200,0.040,1.000,0.500,0.800,0.300,0.400
Crop,3839,0.050,0.000,0.050,0.080,0.030,0.050,0.030,0.500,0.010,0.010,0.800,0.200,0.350,0.100,1.000,0.100,0.200,0.040,1.000,0.500,0.800,0.300,0.400
Crop,3838,0.050,0.000,0.050,0.080,0.030,0.050,0.030,0.500,0.010,0.010,0.800,0.200,0.350,0.100,1.000,0.100,0.200,0.040,1.000,0.500,0.800,0.300,0.400
Crop,3837,0.050,0.000,0.050,0.080,0.030,0.050,0.030,0.500,0.010,0.010,0.800,0.200,0.350,0.100,1.000,0.100,0.200,0.040,1.000,0.500,0.800,0.300,0.400
Crop,3836,0.050,0.000,0.050,0.080,0.030,0.050,0.030,0.500,0.010,0.010,0.800,0.200,0.350,0.100,1.000,0.100,0.200,0.040,1.000,0.500,0.800,0.300,0.400
Crop,3835,0.050,0.000,0.050,0.080,0.030,0.050,0.030,0.500,0.010,0.010,0.800,0.200,0.350,0.100,1.000,0.100,0.200,0.040,1.000,0.500,0.800,0.300,0.400
Crop,3834,0.050,0.000,0.050,0.080,0.030,0.050,0.030,0.500,0.010,0.010,0.800,0.200,0.350,0.100,1.000,0.100,0.200,0.040,1.000,0.500,0.800,0.300,0.400
Crop,3833,0.050,0.000,0.050,0.080,0.030,0.050,0.030,0.500,0.010,0.010,0.800,0.200,0.350,0.100,1.000,0.100,0.200,0.040,1.000,0.500,0.800,0.300,0.400
Crop,3832,0.050,0.000,0.050,0.080,0.030,0.050,0.030,0.500,0.010,0.010,0.800,0.200,0.350,0.100,1.000,0.100,0.200,0.040,1.000,0.500,0.800,0.300,0.400
Crop,3830,0.050,0.000,0.050,0.080,0.030,0.050,0.030,0.500,0.010,0.010,0.800,0.200,0.350,0.100,1.000,0.100,0.200,0.040,1.000,0.500,0.800,0.300,0.400
Crop,3828,0.050,0.000,0.050,0.080,0.030,0.050,0.030,0.500,0.010,0.010,0.800,0.200,0.350,0.100,1.000,0.100,0.200,0.040,1.000,0.500,0.800,0.300,0.400
Crop,3827,0.050,0.000,0.050,0.080,0.030,0.050,0.030,0.500,0.010,0.010,0.800,0.200,0.350,0.100,1.000,0.100,0.200,0.040,1.000,0.500,0.800,0.300,0.400
Crop,3854,0.050,0.000,0.050,0.080,0.030,0.050,0.030,0.500,0.010,0.010,0.800,0.200,0.350,0.100,1.000,0.100,0.200,0.040,1.000,0.500,0.800,0.300,0.400
Crop,3826,0.050,0.000,0.050,0.080,0.030,0.050,0.030,0.500,0.010,0.010,0.800,0.200,0.350,0.100,1.000,0.100,0.200,0.040,1.000,0.500,0.800,0.300,0.400
Crop,3855,0.050,0.000,0.050,0.080,0.030,0.050,0.030,0.500,0.010,0.010,0.800,0.200,0.350,0.100,1.000,0.100,0.200,0.040,1.000,0.500,0.800,0.300,0.400
Crop,3857,0.050,0.000,0.050,0.080,0.030,0.050,0.030,0.500,0.010,0.010,0.800,0.200,0.350,0.100,1.000,0.100,0.200,0.040,1.000,0.500,0.800,0.300,0.400
Crop,3880,0.050,0.000,0.050,0.080,0.030,0.050,0.030,0.500,0.010,0.010,0.800,0.200,0.350,0.100,1.000,0.100,0.200,0.040,1.000,0.500,0.800,0.300,0.400
Crop,3879,0.050,0.000,0.050,0.080,0.030,0.050,0.030,0.500,0.010,0.010,0.800,0.200,0.350,0.100,1.000,0.100,0.200,0.040,1.000,0.500,0.800,0.300,0.400
Crop,3878,0.050,0.000,0.050,0.080,0.030,0.050,0.030,0.500,0.010,0.010,0.800,0.200,0.350,0.100,1.000,0.100,0.200,0.040,1.000,0.500,0.800,0.300,0.400
Crop,3877,0.050,0.000,0.050,0.080,0.030,0.050,0.030,0.500,0.010,0.010,0.800,0.200,0.350,0.100,1.000,0.100,0.200,0.040,1.000,0.500,0.800,0.300,0.400
Crop,3876,0.050,0.000,0.050,0.080,0.030,0.050,0.030,0.500,0.010,0.010,0.800,0.200,0.350,0.100,1.000,0.100,0.200,0.040,1.000,0.500,0.800,0.300,0.400
Crop,3875,0.050,0.000,0.050,0.080,0.030,0.050,0.030,0.500,0.010,0.010,0.800,0.200,0.350,0.100,1.000,0.100,0.200,0.040,1.000,0.500,0.800,0.300,0.400
Crop,3874,0.050,0.000,0.050,0.080,0.030,0.050,0.030,0.500,0.010,0.010,0.800,0.200,0.350,0.100,1.000,0.100,0.200,0.040,1.000,0.500,0.800,0.300,0.400
Crop,3873,0.050,0.000,0.050,0.080,0.030,0.050,0.030,0.500,0.010,0.010,0.800,0.200,0.350,0.100,1.000,0.100,0.200,0.040,1.000,0.500,0.800,0.300,0.400
Crop,3872,0.050,0.000,0.050,0.080,0.030,0.050,0.030,0.500,0.010,0.010,0.800,0.200,0.350,0.100,1.000,0.100,0.200,0.040,1.000,0.500,0.800,0.300,0.400
Crop,3871,0.050,0.000,0.050,0.080,0.030,0.050,0.030,0.500,0.010,0.010,0.800,0.200,0.350,0.100,1.000,0.100,0.200,0.040,1.000,0.500,0.800,0.300,0.400
Crop,3870,0.050,0.000,0.050,0.080,0.030,0.050,0.030,0.500,0.010,0.010,0.800,0.200,0.350,0.100,1.000,0.100,0.200,0.040,1.000,0.500,0.800,0.300,0.400
Crop,3869,0.050,0.000,0.050,0.080,0.030,0.050,0.030,0.500,0.010,0.010,0.800,0.200,0.350,0.100,1.000,0.100,0.200,0.040,1.000,0.500,0.800,0.300,0.400
Crop,3868,0.050,0.000,0.050,0.080,0.030,0.050,0.030,0.500,0.010,0.010,0.800,0.200,0.350,0.100,1.000,0.100,0.200,0.040,1.000,0.500,0.800,0.300,0.400
Crop,3867,0.050,0.000,0.050,0.080,0.030,0.050,0.030,0.500,0.010,0.010,0.800,0.200,0.350,0.100,1.000,0.100,0.200,0.040,1.000,0.500,0.800,0.300,0.400
Crop,3866,0.050,0.000,0.050,0.080,0.030,0.050,0.030,0.500,0.010,0.010,0.800,0.200,0.350,0.100,1.000,0.100,0.200,0.040,1.000,0.500,0.800,0.300,0.400
Crop,3865,0.050,0.000,0.050,0.080,0.030,0.050,0.030,0.500,0.010,0.010,0.800,0.200,0.350,0.100,1.000,0.100,0.200,0.040,1.000,0.500,0.800,0.300,0.400
Crop,3864,0.050,0.000,0.050,0.080,0.030,0.050,0.030,0.500,0.010,0.010,0.800,0.200,0.350,0.100,1.000,0.100,0.200,0.040,1.000,0.500,0.800,0.300,0.400
Crop,3863,0.050,0.000,0.050,0.080,0.030,0.050,0.030,0.500,0.010,0.010,0.800,0.200,0.350,0.100,1.000,0.100,0.200,0.040,1.000,0.500,0.800,0.300,0.400
Crop,3862,0.050,0.000,0.050,0.080,0.030,0.050,0.030,0.500,0.010,0.010,0.800,0.200,0.350,0.100,1.000,0.100,0.200,0.040,1.000,0.500,0.800,0.300,0.400
Crop,3861,0.050,0.000,0.050,0.080,0.030,0.050,0.030,0.500,0.010,0.010,0.800,0.200,0.350,0.100,1.000,0.100,0.200,0.040,1.000,0.500,0.800,0.300,0.400
Crop,3860,0.050,0.000,0.050,0.080,0.030,0.050,0.030,0.500,0.010,0.010,0.800,0.200,0.350,0.100,1.000,0.100,0.200,0.040,1.000,0.500,0.800,0.300,0.400
Crop,3859,0.050,0.000,0.050,0.080,0.030,0.050,0.030,0.500,0.010,0.010,0.800,0.200,0.350,0.100,1.000,0.100,0.200,0.040,1.000,0.500,0.800,0.300,0.400
Crop,3858,0.050,0.000,0.050,0.080,0.030,0.050,0.030,0.500,0.010,0.010,0.800,0.200,0.350,0.100,1.000,0.100,0.200,0.040,1.000,0.500,0.800,0.300,0.400
Crop,3856,0.050,0.000,0.050,0.080,0.030,0.050,0.030,0.500,0.010,0.010,0.800,0.200,0.350,0.100,1.000,0.100,0.200,0.040,1.000,0.500,0.800,0.300,0.400
Crop,3881,0.050,0.000,0.050,0.080,0.030,0.050,0.030,0.500,0.010,0.010,0.800,0.200,0.350,0.100,1.000,0.100,0.200,0.040,1.000,0.500,0.800,0.300,0.400
Crop,3825,0.050,0.000,0.050,0.080,0.030,0.050,0.030,0.500,0.010,0.010,0.800,0.200,0.350,0.100,1.000,0.100,0.200,0.040,1.000,0.500,0.800,0.300,0.400
Crop,3823,0.050,0.000,0.050,0.080,0.030,0.050,0.030,0.500,0.010,0.010,0.800,0.200,0.350,0.100,1.000,0.100,0.200,0.040,1.000,0.500,0.800,0.300,0.400
Crop,3795,0.050,0.000,0.050,0.080,0.030,0.050,0.030,0.500,0.010,0.010,0.800,0.200,0.350,0.100,1.000,0.100,0.200,0.040,1.000,0.500,0.800,0.300,0.400
Crop,3794,0.050,0.000,0.050,0.080,0.030,0.050,0.030,0.500,0.010,0.010,0.800,0.200,0.350,0.100,1.000,0.100,0.200,0.040,1.000,0.500,0.800,0.300,0.400
Crop,3793,0.050,0.000,0.050,0.080,0.030,0.050,0.030,0.500,0.010,0.010,0.800,0.200,0.350,0.100,1.000,0.100,0.200,0.040,1.000,0.500,0.800,0.300,0.400
Crop,3792,0.050,0.000,0.050,0.080,0.030,0.050,0.030,0.500,0.010,0.010,0.800,0.200,0.350,0.100,1.000,0.100,0.200,0.040,1.000,0.500,0.800,0.300,0.400
Crop,3791,0.050,0.000,0.050,0.080,0.030,0.050,0.030,0.500,0.010,0.010,0.800,0.200,0.350,0.100,1.000,0.100,0.200,0.040,1.000,0.500,0.800,0.300,0.400
Crop,3790,0.050,0.000,0.050,0.080,0.030,0.050,0.030,0.500,0.010,0.010,0.800,0.200,0.350,0.100,1.000,0.100,0.200,0.040,1.000,0.500,0.800,0.300,0.400
Crop,3789,0.050,0.000,0.050,0.080,0.030,0.050,0.030,0.500,0.010,0.010,0.800,0.200,0.350,0.100,1.000,0.100,0.200,0.040,1.000,0.500,0.800,0.300,0.400
Crop,3788,0.050,0.000,0.050,0.080,0.030,0.050,0.030,0.500,0.010,0.010,0.800,0.200,0.350,0.100,1.000,0.100,0.200,0.040,1.000,0.500,0.800,0.300,0.400
Crop,3787,0.050,0.000,0.050,0.080,0.030,0.050,0.030,0.500,0.010,0.010,0.800,0.200,0.350,0.100,1.000,0.100,0.200,0.040,1.000,0.500,0.800,0.300,0.400
Crop,3786,0.050,0.000,0.050,0.080,0.030,0.050,0.030,0.500,0.010,0.010,0.800,0.200,0.350,0.100,1.000,0.100,0.200,0.040,1.000,0.500,0.800,0.300,0.400
Crop,3785,0.050,0.000,0.050,0.080,0.030,0.050,0.030,0.500,0.010,0.010,0.800,0.200,0.350,0.100,1.000,0.100,0.200,0.040,1.000,0.500,0.800,0.300,0.400
Crop,3784,0.050,0.000,0.050,0.080,0.030,0.050,0.030,0.500,0.010,0.010,0.800,0.200,0.350,0.100,1.000,0.100,0.200,0.040,1.000,0.500,0.800,0.300,0.400
Crop,3783,0.050,0.000,0.050,0.080,0.030,0.050,0.030,0.500,0.010,0.010,0.800,0.200,0.350,0.100,1.000,0.100,0.200,0.040,1.000,0.500,0.800,0.300,0.400
Crop,3782,0.050,0.000,0.050,0.080,0.030,0.050,0.030,0.500,0.010,0.010,0.800,0.200,0.350,0.100,1.000,0.100,0.200,0.040,1.000,0.500,0.800,0.300,0.400
Crop,3781,0.050,0.000,0.050,0.080,0.030,0.050,0.030,0.500,0.010,0.010,0.800,0.200,0.350,0.100,1.000,0.100,0.200,0.040,1.000,0.500,0.800,0.300,0.400
Crop,3780,0.050,0.000,0.050,0.080,0.030,0.050,0.030,0.500,0.010,0.010,0.800,0.200,0.350,0.100,1.000,0.100,0.200,0.040,1.000,0.500,0.800,0.300,0.400
Crop,3779,0.050,0.000,0.050,0.080,0.030,0.050,0.030,0.500,0.010,0.010,0.800,0.200,0.350,0.100,1.000,0.100,0.200,0.040,1.000,0.500,0.800,0.300,0.400
Crop,3778,0.050,0.000,0.050,0.080,0.030,0.050,0.030,0.500,0.010,0.010,0.800,0.200,0.350,0.100,1.000,0.100,0.200,0.040,1.000,0.500,0.800,0.300,0.400
Crop,3777,0.050,0.000,0.050,0.080,0.030,0.050,0.030,0.500,0.010,0.010,0.800,0.200,0.350,0.100,1.000,0.100,0.200,0.040,1.000,0.500,0.800,0.300,0.400
Crop,3776,0.050,0.000,0.050,0.080,0.030,0.050,0.030,0.500,0.010,0.010,0.800,0.200,0.350,0.100,1.000,0.100,0.200,0.040,1.000,0.500,0.800,0.300,0.400
Crop,3775,0.050,0.000,0.050,0.080,0.030,0.050,0.030,0.500,0.010,0.010,0.800,0.200,0.350,0.100,1.000,0.100,0.200,0.040,1.000,0.500,0.800,0.300,0.400
Crop,3774,0.050,0.000,0.050,0.080,0.030,0.050,0.030,0.500,0.010,0.010,0.800,0.200,0.350,0.100,1.000,0.100,0.200,0.040,1.000,0.500,0.800,0.300,0.400
Crop,3773,0.050,0.000,0.050,0.080,0.030,0.050,0.030,0.500,0.010,0.010,0.800,0.200,0.350,0.100,1.000,0.100,0.200,0.040,1.000,0.500,0.800,0.300,0.400
Crop,3796,0.050,0.000,0.050,0.080,0.030,0.050,0.030,0.500,0.010,0.010,0.800,0.200,0.350,0.100,1.000,0.100,0.200,0.040,1.000,0.500,0.800,0.300,0.400
Crop,3824,0.050,0.000,0.050,0.080,0.030,0.050,0.030,0.500,0.010,0.010,0.800,0.200,0.350,0.100,1.000,0.100,0.200,0.040,1.000,0.500,0.800,0.300,0.400
Crop,3797,0.050,0.000,0.050,0.080,0.030,0.050,0.030,0.500,0.010,0.010,0.800,0.200,0.350,0.100,1.000,0.100,0.200,0.040,1.000,0.500,0.800,0.300,0.400
Crop,3799,0.050,0.000,0.050,0.080,0.030,0.050,0.030,0.500,0.010,0.010,0.800,0.200,0.350,0.100,1.000,0.100,0.200,0.040,1.000,0.500,0.800,0.300,0.400
Crop,3822,0.050,0.000,0.050,0.080,0.030,0.050,0.030,0.500,0.010,0.010,0.800,0.200,0.350,0.100,1.000,0.100,0.200,0.040,1.000,0.500,0.800,0.300,0.400
Crop,3821,0.050,0.000,0.050,0.080,0.030,0.050,0.030,0.500,0.010,0.010,0.800,0.200,0.350,0.100,1.000,0.100,0.200,0.040,1.000,0.500,0.800,0.300,0.400
Crop,3820,0.050,0.000,0.050,0.080,0.030,0.050,0.030,0.500,0.010,0.010,0.800,0.200,0.350,0.100,1.000,0.100,0.200,0.040,1.000,0.500,0.800,0.300,0.400
Crop,3819,0.050,0.000,0.050,0.080,0.030,0.050,0.030,0.500,0.010,0.010,0.800,0.200,0.350,0.100,1.000,0.100,0.200,0.040,1.000,0.500,0.800,0.300,0.400
Crop,3818,0.050,0.000,0.050,0.080,0.030,0.050,0.030,0.500,0.010,0.010,0.800,0.200,0.350,0.100,1.000,0.100,0.200,0.040,1.000,0.500,0.800,0.300,0.400
Crop,3817,0.050,0.000,0.050,0.080,0.030,0.050,0.030,0.500,0.010,0.010,0.800,0.200,0.350,0.100,1.000,0.100,0.200,0.040,1.000,0.500,0.800,0.300,0.400
Crop,3816,0.050,0.000,0.050,0.080,0.030,0.050,0.030,0.500,0.010,0.010,0.800,0.200,0.350,0.100,1.000,0.100,0.200,0.040,1.000,0.500,0.800,0.300,0.400
Crop,3815,0.050,0.000,0.050,0.080,0.030,0.050,0.030,0.500,0.010,0.010,0.800,0.200,0.350,0.100,1.000,0.100,0.200,0.040,1.000,0.500,0.800,0.300,0.400
Crop,3814,0.050,0.000,0.050,0.080,0.030,0.050,0.030,0.500,0.010,0.010,0.800,0.200,0.350,0.100,1.000,0.100,0.200,0.040,1.000,0.500,0.800,0.300,0.400
Crop,3813,0.050,0.000,0.050,0.080,0.030,0.050,0.030,0.500,0.010,0.010,0.800,0.200,0.350,0.100,1.000,0.100,0.200,0.040,1.000,0.500,0.800,0.300,0.400
Crop,3812,0.050,0.000,0.050,0.080,0.030,0.050,0.030,0.500,0.010,0.010,0.800,0.200,0.350,0.100,1.000,0.100,0.200,0.040,1.000,0.500,0.800,0.300,0.400
Crop,3811,0.050,0.000,0.050,0.080,0.030,0.050,0.030,0.500,0.010,0.010,0.800,0.200,0.350,0.100,1.000,0.100,0.200,0.040,1.000,0.500,0.800,0.300,0.400
Crop,3810,0.050,0.000,0.050,0.080,0.030,0.050,0.030,0.500,0.010,0.010,0.800,0.200,0.350,0.100,1.000,0.100,0.200,0.040,1.000,0.500,0.800,0.300,0.400
Crop,3809,0.050,0.000,0.050,0.080,0.030,0.050,0.030,0.500,0.010,0.010,0.800,0.200,0.350,0.100,1.000,0.100,0.200,0.040,1.000,0.500,0.800,0.300,0.400
Crop,3808,0.050,0.000,0.050,0.080,0.030,0.050,0.030,0.500,0.010,0.010,0.800,0.200,0.350,0.100,1.000,0.100,0.200,0.040,1.000,0.500,0.800,0.300,0.400
Crop,3807,0.050,0.000,0.050,0.080,0.030,0.050,0.030,0.500,0.010,0.010,0.800,0.200,0.350,0.100,1.000,0.100,0.200,0.040,1.000,0.500,0.800,0.300,0.400
Crop,3806,0.050,0.000,0.050,0.080,0.030,0.050,0.030,0.500,0.010,0.010,0.800,0.200,0.350,0.100,1.000,0.100,0.200,0.040,1.000,0.500,0.800,0.300,0.400
Crop,3805,0.050,0.000,0.050,0.080,0.030,0.050,0.030,0.500,0.010,0.010,0.800,0.200,0.350,0.100,1.000,0.100,0.200,0.040,1.000,0.500,0.800,0.300,0.400
Crop,3804,0.050,0.000,0.050,0.080,0.030,0.050,0.030,0.500,0.010,0.010,0.800,0.200,0.350,0.100,1.000,0.100,0.200,0.040,1.000,0.500,0.800,0.300,0.400
Crop,3803,0.050,0.000,0.050,0.080,0.030,0.050,0.030,0.500,0.010,0.010,0.800,0.200,0.350,0.100,1.000,0.100,0.200,0.040,1.000,0.500,0.800,0.300,0.400
Crop,3802,0.050,0.000,0.050,0.080,0.030,0.050,0.030,0.500,0.010,0.010,0.800,0.200,0.350,0.100,1.000,0.100,0.200,0.040,1.000,0.500,0.800,0.300,0.400
Crop,3801,0.050,0.000,0.050,0.080,0.030,0.050,0.030,0.500,0.010,0.010,0.800,0.200,0.350,0.100,1.000,0.100,0.200,0.040,1.000,0.500,0.800,0.300,0.400
Crop,3800,0.050,0.000,0.050,0.080,0.030,0.050,0.030,0.500,0.010,0.010,0.800,0.200,0.350,0.100,1.000,0.100,0.200,0.040,1.000,0.500,0.800,0.300,0.400
Crop,3798,0.050,0.000,0.050,0.080,0.030,0.050,0.030,0.500,0.010,0.010,0.800,0.200,0.350,0.100,1.000,0.100,0.200,0.040,1.000,0.500,0.800,0.300,0.400
Crop,3882,0.050,0.000,0.050,0.080,0.030,0.050,0.030,0.500,0.010,0.010,0.800,0.200,0.350,0.100,1.000,0.100,0.200,0.040,1.000,0.500,0.800,0.300,0.400
Crop,3883,0.050,0.000,0.050,0.080,0.030,0.050,0.030,0.500,0.010,0.010,0.800,0.200,0.350,0.100,1.000,0.100,0.200,0.040,1.000,0.500,0.800,0.300,0.400
Crop,3884,0.050,0.000,0.050,0.080,0.030,0.050,0.030,0.500,0.010,0.010,0.800,0.200,0.350,0.100,1.000,0.100,0.200,0.040,1.000,0.500,0.800,0.300,0.400
Crop,3974,0.050,0.000,0.050,0.080,0.030,0.050,0.030,0.500,0.010,0.010,0.800,0.200,0.350,0.100,1.000,0.100,0.200,0.040,1.000,0.500,0.800,0.300,0.400
Crop,3973,0.050,0.000,0.050,0.080,0.030,0.050,0.030,0.500,0.010,0.010,0.800,0.200,0.350,0.100,1.000,0.100,0.200,0.040,1.000,0.500,0.800,0.300,0.400
Crop,3972,0.050,0.000,0.050,0.080,0.030,0.050,0.030,0.500,0.010,0.010,0.800,0.200,0.350,0.100,1.000,0.100,0.200,0.040,1.000,0.500,0.800,0.300,0.400
Crop,3971,0.050,0.000,0.050,0.080,0.030,0.050,0.030,0.500,0.010,0.010,0.800,0.200,0.350,0.100,1.000,0.100,0.200,0.040,1.000,0.500,0.800,0.300,0.400
Crop,3970,0.050,0.000,0.050,0.080,0.030,0.050,0.030,0.500,0.010,0.010,0.800,0.200,0.350,0.100,1.000,0.100,0.200,0.040,1.000,0.500,0.800,0.300,0.400
Crop,3969,0.050,0.000,0.050,0.080,0.030,0.050,0.030,0.500,0.010,0.010,0.800,0.200,0.350,0.100,1.000,0.100,0.200,0.040,1.000,0.500,0.800,0.300,0.400
Crop,3968,0.050,0.000,0.050,0.080,0.030,0.050,0.030,0.500,0.010,0.010,0.800,0.200,0.350,0.100,1.000,0.100,0.200,0.040,1.000,0.500,0.800,0.300,0.400
Crop,3967,0.050,0.000,0.050,0.080,0.030,0.050,0.030,0.500,0.010,0.010,0.800,0.200,0.350,0.100,1.000,0.100,0.200,0.040,1.000,0.500,0.800,0.300,0.400
Crop,3966,0.050,0.000,0.050,0.080,0.030,0.050,0.030,0.500,0.010,0.010,0.800,0.200,0.350,0.100,1.000,0.100,0.200,0.040,1.000,0.500,0.800,0.300,0.400
Crop,3965,0.050,0.000,0.050,0.080,0.030,0.050,0.030,0.500,0.010,0.010,0.800,0.200,0.350,0.100,1.000,0.100,0.200,0.040,1.000,0.500,0.800,0.300,0.400
Crop,3964,0.050,0.000,0.050,0.080,0.030,0.050,0.030,0.500,0.010,0.010,0.800,0.200,0.350,0.100,1.000,0.100,0.200,0.040,1.000,0.500,0.800,0.300,0.400
Crop,3963,0.050,0.000,0.050,0.080,0.030,0.050,0.030,0.500,0.010,0.010,0.800,0.200,0.350,0.100,1.000,0.100,0.200,0.040,1.000,0.500,0.800,0.300,0.400
Crop,3962,0.050,0.000,0.050,0.080,0.030,0.050,0.030,0.500,0.010,0.010,0.800,0.200,0.350,0.100,1.000,0.100,0.200,0.040,1.000,0.500,0.800,0.300,0.400
Crop,3961,0.050,0.000,0.050,0.080,0.030,0.050,0.030,0.500,0.010,0.010,0.800,0.200,0.350,0.100,1.000,0.100,0.200,0.040,1.000,0.500,0.800,0.300,0.400
Crop,3960,0.050,0.000,0.050,0.080,0.030,0.050,0.030,0.500,0.010,0.010,0.800,0.200,0.350,0.100,1.000,0.100,0.200,0.040,1.000,0.500,0.800,0.300,0.400
Crop,3959,0.050,0.000,0.050,0.080,0.030,0.050,0.030,0.500,0.010,0.010,0.800,0.200,0.350,0.100,1.000,0.100,0.200,0.040,1.000,0.500,0.800,0.300,0.400
Crop,3958,0.050,0.000,0.050,0.080,0.030,0.050,0.030,0.500,0.010,0.010,0.800,0.200,0.350,0.100,1.000,0.100,0.200,0.040,1.000,0.500,0.800,0.300,0.400
Crop,3957,0.050,0.000,0.050,0.080,0.030,0.050,0.030,0.500,0.010,0.010,0.800,0.200,0.350,0.100,1.000,0.100,0.200,0.040,1.000,0.500,0.800,0.300,0.400
Crop,3956,0.050,0.000,0.050,0.080,0.030,0.050,0.030,0.500,0.010,0.010,0.800,0.200,0.350,0.100,1.000,0.100,0.200,0.040,1.000,0.500,0.800,0.300,0.400
Crop,3955,0.050,0.000,0.050,0.080,0.030,0.050,0.030,0.500,0.010,0.010,0.800,0.200,0.350,0.100,1.000,0.100,0.200,0.040,1.000,0.500,0.800,0.300,0.400
Crop,3954,0.050,0.000,0.050,0.080,0.030,0.050,0.030,0.500,0.010,0.010,0.800,0.200,0.350,0.100,1.000,0.100,0.200,0.040,1.000,0.500,0.800,0.300,0.400
Crop,3953,0.050,0.000,0.050,0.080,0.030,0.050,0.030,0.500,0.010,0.010,0.800,0.200,0.350,0.100,1.000,0.100,0.200,0.040,1.000,0.500,0.800,0.300,0.400
Crop,3952,0.050,0.000,0.050,0.080,0.030,0.050,0.030,0.500,0.010,0.010,0.800,0.200,0.350,0.100,1.000,0.100,0.200,0.040,1.000,0.500,0.800,0.300,0.400
Crop,3975,0.050,0.000,0.050,0.080,0.030,0.050,0.030,0.500,0.010,0.010,0.800,0.200,0.350,0.100,1.000,0.100,0.200,0.040,1.000,0.500,0.800,0.300,0.400
Crop,3951,0.050,0.000,0.050,0.080,0.030,0.050,0.030,0.500,0.010,0.010,0.800,0.200,0.350,0.100,1.000,0.100,0.200,0.040,1.000,0.500,0.800,0.300,0.400
Crop,3976,0.050,0.000,0.050,0.080,0.030,0.050,0.030,0.500,0.010,0.010,0.800,0.200,0.350,0.100,1.000,0.100,0.200,0.040,1.000,0.500,0.800,0.300,0.400
Crop,3978,0.050,0.000,0.050,0.080,0.030,0.050,0.030,0.500,0.010,0.010,0.800,0.200,0.350,0.100,1.000,0.100,0.200,0.040,1.000,0.500,0.800,0.300,0.400
Crop,3450,0.050,0.000,0.050,0.080,0.030,0.050,0.030,0.500,0.010,0.010,0.800,0.200,0.350,0.100,1.000,0.100,0.200,0.040,1.000,0.500,0.800,0.300,0.400
Crop,5001,0.050,0.000,0.050,0.080,0.030,0.050,0.030,0.500,0.010,0.010,0.800,0.200,0.350,0.100,1.000,0.100,0.200,0.040,1.000,0.500,0.800,0.300,0.400
Crop,3999,0.050,0.000,0.050,0.080,0.030,0.050,0.030,0.500,0.010,0.010,0.800,0.200,0.350,0.100,1.000,0.100,0.200,0.040,1.000,0.500,0.800,0.300,0.400
Crop,3998,0.050,0.000,0.050,0.080,0.030,0.050,0.030,0.500,0.010,0.010,0.800,0.200,0.350,0.100,1.000,0.100,0.200,0.040,1.000,0.500,0.800,0.300,0.400
Crop,3997,0.050,0.000,0.050,0.080,0.030,0.050,0.030,0.500,0.010,0.010,0.800,0.200,0.350,0.100,1.000,0.100,0.200,0.040,1.000,0.500,0.800,0.300,0.400
Crop,3996,0.050,0.000,0.050,0.080,0.030,0.050,0.030,0.500,0.010,0.010,0.800,0.200,0.350,0.100,1.000,0.100,0.200,0.040,1.000,0.500,0.800,0.300,0.400
Crop,3995,0.050,0.000,0.050,0.080,0.030,0.050,0.030,0.500,0.010,0.010,0.800,0.200,0.350,0.100,1.000,0.100,0.200,0.040,1.000,0.500,0.800,0.300,0.400
Crop,3994,0.050,0.000,0.050,0.080,0.030,0.050,0.030,0.500,0.010,0.010,0.800,0.200,0.350,0.100,1.000,0.100,0.200,0.040,1.000,0.500,0.800,0.300,0.400
Crop,3993,0.050,0.000,0.050,0.080,0.030,0.050,0.030,0.500,0.010,0.010,0.800,0.200,0.350,0.100,1.000,0.100,0.200,0.040,1.000,0.500,0.800,0.300,0.400
Crop,3992,0.050,0.000,0.050,0.080,0.030,0.050,0.030,0.500,0.010,0.010,0.800,0.200,0.350,0.100,1.000,0.100,0.200,0.040,1.000,0.500,0.800,0.300,0.400
Crop,3991,0.050,0.000,0.050,0.080,0.030,0.050,0.030,0.500,0.010,0.010,0.800,0.200,0.350,0.100,1.000,0.100,0.200,0.040,1.000,0.500,0.800,0.300,0.400
Crop,3990,0.050,0.000,0.050,0.080,0.030,0.050,0.030,0.500,0.010,0.010,0.800,0.200,0.350,0.100,1.000,0.100,0.200,0.040,1.000,0.500,0.800,0.300,0.400
Crop,3989,0.050,0.000,0.050,0.080,0.030,0.050,0.030,0.500,0.010,0.010,0.800,0.200,0.350,0.100,1.000,0.100,0.200,0.040,1.000,0.500,0.800,0.300,0.400
Crop,3988,0.050,0.000,0.050,0.080,0.030,0.050,0.030,0.500,0.010,0.010,0.800,0.200,0.350,0.100,1.000,0.100,0.200,0.040,1.000,0.500,0.800,0.300,0.400
Crop,3987,0.050,0.000,0.050,0.080,0.030,0.050,0.030,0.500,0.010,0.010,0.800,0.200,0.350,0.100,1.000,0.100,0.200,0.040,1.000,0.500,0.800,0.300,0.400
Crop,3986,0.050,0.000,0.050,0.080,0.030,0.050,0.030,0.500,0.010,0.010,0.800,0.200,0.350,0.100,1.000,0.100,0.200,0.040,1.000,0.500,0.800,0.300,0.400
Crop,3985,0.050,0.000,0.050,0.080,0.030,0.050,0.030,0.500,0.010,0.010,0.800,0.200,0.350,0.100,1.000,0.100,0.200,0.040,1.000,0.500,0.800,0.300,0.400
Crop,3984,0.050,0.000,0.050,0.080,0.030,0.050,0.030,0.500,0.010,0.010,0.800,0.200,0.350,0.100,1.000,0.100,0.200,0.040,1.000,0.500,0.800,0.300,0.400
Crop,3983,0.050,0.000,0.050,0.080,0.030,0.050,0.030,0.500,0.010,0.010,0.800,0.200,0.350,0.100,1.000,0.100,0.200,0.040,1.000,0.500,0.800,0.300,0.400
Crop,3982,0.050,0.000,0.050,0.080,0.030,0.050,0.030,0.500,0.010,0.010,0.800,0.200,0.350,0.100,1.000,0.100,0.200,0.040,1.000,0.500,0.800,0.300,0.400
Crop,3981,0.050,0.000,0.050,0.080,0.030,0.050,0.030,0.500,0.010,0.010,0.800,0.200,0.350,0.100,1.000,0.100,0.200,0.040,1.000,0.500,0.800,0.300,0.400
Crop,3980,0.050,0.000,0.050,0.080,0.030,0.050,0.030,0.500,0.010,0.010,0.800,0.200,0.350,0.100,1.000,0.100,0.200,0.040,1.000,0.500,0.800,0.300,0.400
Crop,3979,0.050,0.000,0.050,0.080,0.030,0.050,0.030,0.500,0.010,0.010,0.800,0.200,0.350,0.100,1.000,0.100,0.200,0.040,1.000,0.500,0.800,0.300,0.400
Crop,3977,0.050,0.000,0.050,0.080,0.030,0.050,0.030,0.500,0.010,0.010,0.800,0.200,0.350,0.100,1.000,0.100,0.200,0.040,1.000,0.500,0.800,0.300,0.400
Crop,3950,0.050,0.000,0.050,0.080,0.030,0.050,0.030,0.500,0.010,0.010,0.800,0.200,0.350,0.100,1.000,0.100,0.200,0.040,1.000,0.500,0.800,0.300,0.400
Crop,3949,0.050,0.000,0.050,0.080,0.030,0.050,0.030,0.500,0.010,0.010,0.800,0.200,0.350,0.100,1.000,0.100,0.200,0.040,1.000,0.500,0.800,0.300,0.400
Crop,3948,0.050,0.000,0.050,0.080,0.030,0.050,0.030,0.500,0.010,0.010,0.800,0.200,0.350,0.100,1.000,0.100,0.200,0.040,1.000,0.500,0.800,0.300,0.400
Crop,3919,0.050,0.000,0.050,0.080,0.030,0.050,0.030,0.500,0.010,0.010,0.800,0.200,0.350,0.100,1.000,0.100,0.200,0.040,1.000,0.500,0.800,0.300,0.400
Crop,3918,0.050,0.000,0.050,0.080,0.030,0.050,0.030,0.500,0.010,0.010,0.800,0.200,0.350,0.100,1.000,0.100,0.200,0.040,1.000,0.500,0.800,0.300,0.400
Crop,3917,0.050,0.000,0.050,0.080,0.030,0.050,0.030,0.500,0.010,0.010,0.800,0.200,0.350,0.100,1.000,0.100,0.200,0.040,1.000,0.500,0.800,0.300,0.400
Crop,3916,0.050,0.000,0.050,0.080,0.030,0.050,0.030,0.500,0.010,0.010,0.800,0.200,0.350,0.100,1.000,0.100,0.200,0.040,1.000,0.500,0.800,0.300,0.400
Crop,3915,0.050,0.000,0.050,0.080,0.030,0.050,0.030,0.500,0.010,0.010,0.800,0.200,0.350,0.100,1.000,0.100,0.200,0.040,1.000,0.500,0.800,0.300,0.400
Crop,3914,0.050,0.000,0.050,0.080,0.030,0.050,0.030,0.500,0.010,0.010,0.800,0.200,0.350,0.100,1.000,0.100,0.200,0.040,1.000,0.500,0.800,0.300,0.400
Crop,3913,0.050,0.000,0.050,0.080,0.030,0.050,0.030,0.500,0.010,0.010,0.800,0.200,0.350,0.100,1.000,0.100,0.200,0.040,1.000,0.500,0.800,0.300,0.400
Crop,3912,0.050,0.000,0.050,0.080,0.030,0.050,0.030,0.500,0.010,0.010,0.800,0.200,0.350,0.100,1.000,0.100,0.200,0.040,1.000,0.500,0.800,0.300,0.400
Crop,3911,0.050,0.000,0.050,0.080,0.030,0.050,0.030,0.500,0.010,0.010,0.800,0.200,0.350,0.100,1.000,0.100,0.200,0.040,1.000,0.500,0.800,0.300,0.400
Crop,3910,0.050,0.000,0.050,0.080,0.030,0.050,0.030,0.500,0.010,0.010,0.800,0.200,0.350,0.100,1.000,0.100,0.200,0.040,1.000,0.500,0.800,0.300,0.400
Crop,3909,0.050,0.000,0.050,0.080,0.030,0.050,0.030,0.500,0.010,0.010,0.800,0.200,0.350,0.100,1.000,0.100,0.200,0.040,1.000,0.500,0.800,0.300,0.400
Crop,3908,0.050,0.000,0.050,0.080,0.030,0.050,0.030,0.500,0.010,0.010,0.800,0.200,0.350,0.100,1.000,0.100,0.200,0.040,1.000,0.500,0.800,0.300,0.400
Crop,3907,0.050,0.000,0.050,0.080,0.030,0.050,0.030,0.500,0.010,0.010,0.800,0.200,0.350,0.100,1.000,0.100,0.200,0.040,1.000,0.500,0.800,0.300,0.400
Crop,3906,0.050,0.000,0.050,0.080,0.030,0.050,0.030,0.500,0.010,0.010,0.800,0.200,0.350,0.100,1.000,0.100,0.200,0.040,1.000,0.500,0.800,0.300,0.400
Crop,3905,0.050,0.000,0.050,0.080,0.030,0.050,0.030,0.500,0.010,0.010,0.800,0.200,0.350,0.100,1.000,0.100,0.200,0.040,1.000,0.500,0.800,0.300,0.400
Crop,3904,0.050,0.000,0.050,0.080,0.030,0.050,0.030,0.500,0.010,0.010,0.800,0.200,0.350,0.100,1.000,0.100,0.200,0.040,1.000,0.500,0.800,0.300,0.400
Crop,3903,0.050,0.000,0.050,0.080,0.030,0.050,0.030,0.500,0.010,0.010,0.800,0.200,0.350,0.100,1.000,0.100,0.200,0.040,1.000,0.500,0.800,0.300,0.400
Crop,3902,0.050,0.000,0.050,0.080,0.030,0.050,0.030,0.500,0.010,0.010,0.800,0.200,0.350,0.100,1.000,0.100,0.200,0.040,1.000,0.500,0.800,0.300,0.400
Crop,3901,0.050,0.000,0.050,0.080,0.030,0.050,0.030,0.500,0.010,0.010,0.800,0.200,0.350,0.100,1.000,0.100,0.200,0.040,1.000,0.500,0.800,0.300,0.400
Crop,3900,0.050,0.000,0.050,0.080,0.030,0.050,0.030,0.500,0.010,0.010,0.800,0.200,0.350,0.100,1.000,0.100,0.200,0.040,1.000,0.500,0.800,0.300,0.400
Crop,3887,0.050,0.000,0.050,0.080,0.030,0.050,0.030,0.500,0.010,0.010,0.800,0.200,0.350,0.100,1.000,0.100,0.200,0.040,1.000,0.500,0.800,0.300,0.400
Crop,3886,0.050,0.000,0.050,0.080,0.030,0.050,0.030,0.500,0.010,0.010,0.800,0.200,0.350,0.100,1.000,0.100,0.200,0.040,1.000,0.500,0.800,0.300,0.400
Crop,3885,0.050,0.000,0.050,0.080,0.030,0.050,0.030,0.500,0.010,0.010,0.800,0.200,0.350,0.100,1.000,0.100,0.200,0.040,1.000,0.500,0.800,0.300,0.400
Crop,3920,0.050,0.000,0.050,0.080,0.030,0.050,0.030,0.500,0.010,0.010,0.800,0.200,0.350,0.100,1.000,0.100,0.200,0.040,1.000,0.500,0.800,0.300,0.400
Crop,3921,0.050,0.000,0.050,0.080,0.030,0.050,0.030,0.500,0.010,0.010,0.800,0.200,0.350,0.100,1.000,0.100,0.200,0.040,1.000,0.500,0.800,0.300,0.400
Crop,3922,0.050,0.000,0.050,0.080,0.030,0.050,0.030,0.500,0.010,0.010,0.800,0.200,0.350,0.100,1.000,0.100,0.200,0.040,1.000,0.500,0.800,0.300,0.400
Crop,3923,0.050,0.000,0.050,0.080,0.030,0.050,0.030,0.500,0.010,0.010,0.800,0.200,0.350,0.100,1.000,0.100,0.200,0.040,1.000,0.500,0.800,0.300,0.400
Crop,3947,0.050,0.000,0.050,0.080,0.030,0.050,0.030,0.500,0.010,0.010,0.800,0.200,0.350,0.100,1.000,0.100,0.200,0.040,1.000,0.500,0.800,0.300,0.400
Crop,3946,0.050,0.000,0.050,0.080,0.030,0.050,0.030,0.500,0.010,0.010,0.800,0.200,0.350,0.100,1.000,0.100,0.200,0.040,1.000,0.500,0.800,0.300,0.400
Crop,3945,0.050,0.000,0.050,0.080,0.030,0.050,0.030,0.500,0.010,0.010,0.800,0.200,0.350,0.100,1.000,0.100,0.200,0.040,1.000,0.500,0.800,0.300,0.400
Crop,3944,0.050,0.000,0.050,0.080,0.030,0.050,0.030,0.500,0.010,0.010,0.800,0.200,0.350,0.100,1.000,0.100,0.200,0.040,1.000,0.500,0.800,0.300,0.400
Crop,3943,0.050,0.000,0.050,0.080,0.030,0.050,0.030,0.500,0.010,0.010,0.800,0.200,0.350,0.100,1.000,0.100,0.200,0.040,1.000,0.500,0.800,0.300,0.400
Crop,3942,0.050,0.000,0.050,0.080,0.030,0.050,0.030,0.500,0.010,0.010,0.800,0.200,0.350,0.100,1.000,0.100,0.200,0.040,1.000,0.500,0.800,0.300,0.400
Crop,3941,0.050,0.000,0.050,0.080,0.030,0.050,0.030,0.500,0.010,0.010,0.800,0.200,0.350,0.100,1.000,0.100,0.200,0.040,1.000,0.500,0.800,0.300,0.400
Crop,3940,0.050,0.000,0.050,0.080,0.030,0.050,0.030,0.500,0.010,0.010,0.800,0.200,0.350,0.100,1.000,0.100,0.200,0.040,1.000,0.500,0.800,0.300,0.400
Crop,3939,0.050,0.000,0.050,0.080,0.030,0.050,0.030,0.500,0.010,0.010,0.800,0.200,0.350,0.100,1.000,0.100,0.200,0.040,1.000,0.500,0.800,0.300,0.400
Crop,3938,0.050,0.000,0.050,0.080,0.030,0.050,0.030,0.500,0.010,0.010,0.800,0.200,0.350,0.100,1.000,0.100,0.200,0.040,1.000,0.500,0.800,0.300,0.400
Crop,3937,0.050,0.000,0.050,0.080,0.030,0.050,0.030,0.500,0.010,0.010,0.800,0.200,0.350,0.100,1.000,0.100,0.200,0.040,1.000,0.500,0.800,0.300,0.400
Crop,3772,0.050,0.000,0.050,0.080,0.030,0.050,0.030,0.500,0.010,0.010,0.800,0.200,0.350,0.100,1.000,0.100,0.200,0.040,1.000,0.500,0.800,0.300,0.400
Crop,3936,0.050,0.000,0.050,0.080,0.030,0.050,0.030,0.500,0.010,0.010,0.800,0.200,0.350,0.100,1.000,0.100,0.200,0.040,1.000,0.500,0.800,0.300,0.400
Crop,3934,0.050,0.000,0.050,0.080,0.030,0.050,0.030,0.500,0.010,0.010,0.800,0.200,0.350,0.100,1.000,0.100,0.200,0.040,1.000,0.500,0.800,0.300,0.400
Crop,3933,0.050,0.000,0.050,0.080,0.030,0.050,0.030,0.500,0.010,0.010,0.800,0.200,0.350,0.100,1.000,0.100,0.200,0.040,1.000,0.500,0.800,0.300,0.400
Crop,3932,0.050,0.000,0.050,0.080,0.030,0.050,0.030,0.500,0.010,0.010,0.800,0.200,0.350,0.100,1.000,0.100,0.200,0.040,1.000,0.500,0.800,0.300,0.400
Crop,3931,0.050,0.000,0.050,0.080,0.030,0.050,0.030,0.500,0.010,0.010,0.800,0.200,0.350,0.100,1.000,0.100,0.200,0.040,1.000,0.500,0.800,0.300,0.400
Crop,3930,0.050,0.000,0.050,0.080,0.030,0.050,0.030,0.500,0.010,0.010,0.800,0.200,0.350,0.100,1.000,0.100,0.200,0.040,1.000,0.500,0.800,0.300,0.400
Crop,3929,0.050,0.000,0.050,0.080,0.030,0.050,0.030,0.500,0.010,0.010,0.800,0.200,0.350,0.100,1.000,0.100,0.200,0.040,1.000,0.500,0.800,0.300,0.400
Crop,3928,0.050,0.000,0.050,0.080,0.030,0.050,0.030,0.500,0.010,0.010,0.800,0.200,0.350,0.100,1.000,0.100,0.200,0.040,1.000,0.500,0.800,0.300,0.400
Crop,3927,0.050,0.000,0.050,0.080,0.030,0.050,0.030,0.500,0.010,0.010,0.800,0.200,0.350,0.100,1.000,0.100,0.200,0.040,1.000,0.500,0.800,0.300,0.400
Crop,3926,0.050,0.000,0.050,0.080,0.030,0.050,0.030,0.500,0.010,0.010,0.800,0.200,0.350,0.100,1.000,0.100,0.200,0.040,1.000,0.500,0.800,0.300,0.400
Crop,3925,0.050,0.000,0.050,0.080,0.030,0.050,0.030,0.500,0.010,0.010,0.800,0.200,0.350,0.100,1.000,0.100,0.200,0.040,1.000,0.500,0.800,0.300,0.400
Crop,3924,0.050,0.000,0.050,0.080,0.030,0.050,0.030,0.500,0.010,0.010,0.800,0.200,0.350,0.100,1.000,0.100,0.200,0.040,1.000,0.500,0.800,0.300,0.400
Crop,3935,0.050,0.000,0.050,0.080,0.030,0.050,0.030,0.500,0.010,0.010,0.800,0.200,0.350,0.100,1.000,0.100,0.200,0.040,1.000,0.500,0.800,0.300,0.400
Crop,3771,0.050,0.000,0.050,0.080,0.030,0.050,0.030,0.500,0.010,0.010,0.800,0.200,0.350,0.100,1.000,0.100,0.200,0.040,1.000,0.500,0.800,0.300,0.400
Crop,5002,0.050,0.000,0.050,0.080,0.030,0.050,0.030,0.500,0.010,0.010,0.800,0.200,0.350,0.100,1.000,0.100,0.200,0.040,1.000,0.500,0.800,0.300,0.400
Crop,3769,0.050,0.000,0.050,0.080,0.030,0.050,0.030,0.500,0.010,0.010,0.800,0.200,0.350,0.100,1.000,0.100,0.200,0.040,1.000,0.500,0.800,0.300,0.400
Crop,3550,0.050,0.000,0.050,0.080,0.030,0.050,0.030,0.500,0.010,0.010,0.800,0.200,0.350,0.100,1.000,0.100,0.200,0.040,1.000,0.500,0.800,0.300,0.400
Crop,3546,0.050,0.000,0.050,0.080,0.030,0.050,0.030,0.500,0.010,0.010,0.800,0.200,0.350,0.100,1.000,0.100,0.200,0.040,1.000,0.500,0.800,0.300,0.400
Crop,3540,0.050,0.000,0.050,0.080,0.030,0.050,0.030,0.500,0.010,0.010,0.800,0.200,0.350,0.100,1.000,0.100,0.200,0.040,1.000,0.500,0.800,0.300,0.400
Crop,3539,0.050,0.000,0.050,0.080,0.030,0.050,0.030,0.500,0.010,0.010,0.800,0.200,0.350,0.100,1.000,0.100,0.200,0.040,1.000,0.500,0.800,0.300,0.400
Crop,3538,0.050,0.000,0.050,0.080,0.030,0.050,0.030,0.500,0.010,0.010,0.800,0.200,0.350,0.100,1.000,0.100,0.200,0.040,1.000,0.500,0.800,0.300,0.400
Crop,3536,0.050,0.000,0.050,0.080,0.030,0.050,0.030,0.500,0.010,0.010,0.800,0.200,0.350,0.100,1.000,0.100,0.200,0.040,1.000,0.500,0.800,0.300,0.400
Crop,3535,0.050,0.000,0.050,0.080,0.030,0.050,0.030,0.500,0.010,0.010,0.800,0.200,0.350,0.100,1.000,0.100,0.200,0.040,1.000,0.500,0.800,0.300,0.400
Crop,3534,0.050,0.000,0.050,0.080,0.030,0.050,0.030,0.500,0.010,0.010,0.800,0.200,0.350,0.100,1.000,0.100,0.200,0.040,1.000,0.500,0.800,0.300,0.400
Crop,3533,0.050,0.000,0.050,0.080,0.030,0.050,0.030,0.500,0.010,0.010,0.800,0.200,0.350,0.100,1.000,0.100,0.200,0.040,1.000,0.500,0.800,0.300,0.400
Crop,3532,0.050,0.000,0.050,0.080,0.030,0.050,0.030,0.500,0.010,0.010,0.800,0.200,0.350,0.100,1.000,0.100,0.200,0.040,1.000,0.500,0.800,0.300,0.400
Crop,3531,0.050,0.000,0.050,0.080,0.030,0.050,0.030,0.500,0.010,0.010,0.800,0.200,0.350,0.100,1.000,0.100,0.200,0.040,1.000,0.500,0.800,0.300,0.400
Crop,3529,0.050,0.000,0.050,0.080,0.030,0.050,0.030,0.500,0.010,0.010,0.800,0.200,0.350,0.100,1.000,0.100,0.200,0.040,1.000,0.500,0.800,0.300,0.400
Crop,3528,0.050,0.000,0.050,0.080,0.030,0.050,0.030,0.500,0.010,0.010,0.800,0.200,0.350,0.100,1.000,0.100,0.200,0.040,1.000,0.500,0.800,0.300,0.400
Crop,3527,0.050,0.000,0.050,0.080,0.030,0.050,0.030,0.500,0.010,0.010,0.800,0.200,0.350,0.100,1.000,0.100,0.200,0.040,1.000,0.500,0.800,0.300,0.400
Crop,3526,0.050,0.000,0.050,0.080,0.030,0.050,0.030,0.500,0.010,0.010,0.800,0.200,0.350,0.100,1.000,0.100,0.200,0.040,1.000,0.500,0.800,0.300,0.400
Crop,3525,0.050,0.000,0.050,0.080,0.030,0.050,0.030,0.500,0.010,0.010,0.800,0.200,0.350,0.100,1.000,0.100,0.200,0.040,1.000,0.500,0.800,0.300,0.400
Crop,3524,0.050,0.000,0.050,0.080,0.030,0.050,0.030,0.500,0.010,0.010,0.800,0.200,0.350,0.100,1.000,0.100,0.200,0.040,1.000,0.500,0.800,0.300,0.400
Crop,3523,0.050,0.000,0.050,0.080,0.030,0.050,0.030,0.500,0.010,0.010,0.800,0.200,0.350,0.100,1.000,0.100,0.200,0.040,1.000,0.500,0.800,0.300,0.400
Crop,3522,0.050,0.000,0.050,0.080,0.030,0.050,0.030,0.500,0.010,0.010,0.800,0.200,0.350,0.100,1.000,0.100,0.200,0.040,1.000,0.500,0.800,0.300,0.400
Crop,3519,0.050,0.000,0.050,0.080,0.030,0.050,0.030,0.500,0.010,0.010,0.800,0.200,0.350,0.100,1.000,0.100,0.200,0.040,1.000,0.500,0.800,0.300,0.400
Crop,3518,0.050,0.000,0.050,0.080,0.030,0.050,0.030,0.500,0.010,0.010,0.800,0.200,0.350,0.100,1.000,0.100,0.200,0.040,1.000,0.500,0.800,0.300,0.400
Crop,3517,0.050,0.000,0.050,0.080,0.030,0.050,0.030,0.500,0.010,0.010,0.800,0.200,0.350,0.100,1.000,0.100,0.200,0.040,1.000,0.500,0.800,0.300,0.400
Crop,3513,0.050,0.000,0.050,0.080,0.030,0.050,0.030,0.500,0.010,0.010,0.800,0.200,0.350,0.100,1.000,0.100,0.200,0.040,1.000,0.500,0.800,0.300,0.400
Crop,3551,0.050,0.000,0.050,0.080,0.030,0.050,0.030,0.500,0.010,0.010,0.800,0.200,0.350,0.100,1.000,0.100,0.200,0.040,1.000,0.500,0.800,0.300,0.400
Crop,3511,0.050,0.000,0.050,0.080,0.030,0.050,0.030,0.500,0.010,0.010,0.800,0.200,0.350,0.100,1.000,0.100,0.200,0.040,1.000,0.500,0.800,0.300,0.400
Crop,3552,0.050,0.000,0.050,0.080,0.030,0.050,0.030,0.500,0.010,0.010,0.800,0.200,0.350,0.100,1.000,0.100,0.200,0.040,1.000,0.500,0.800,0.300,0.400
Crop,3554,0.050,0.000,0.050,0.080,0.030,0.050,0.030,0.500,0.010,0.010,0.800,0.200,0.350,0.100,1.000,0.100,0.200,0.040,1.000,0.500,0.800,0.300,0.400
Crop,3577,0.050,0.000,0.050,0.080,0.030,0.050,0.030,0.500,0.010,0.010,0.800,0.200,0.350,0.100,1.000,0.100,0.200,0.040,1.000,0.500,0.800,0.300,0.400
Crop,3576,0.050,0.000,0.050,0.080,0.030,0.050,0.030,0.500,0.010,0.010,0.800,0.200,0.350,0.100,1.000,0.100,0.200,0.040,1.000,0.500,0.800,0.300,0.400
Crop,3575,0.050,0.000,0.050,0.080,0.030,0.050,0.030,0.500,0.010,0.010,0.800,0.200,0.350,0.100,1.000,0.100,0.200,0.040,1.000,0.500,0.800,0.300,0.400
Crop,3574,0.050,0.000,0.050,0.080,0.030,0.050,0.030,0.500,0.010,0.010,0.800,0.200,0.350,0.100,1.000,0.100,0.200,0.040,1.000,0.500,0.800,0.300,0.400
Crop,3573,0.050,0.000,0.050,0.080,0.030,0.050,0.030,0.500,0.010,0.010,0.800,0.200,0.350,0.100,1.000,0.100,0.200,0.040,1.000,0.500,0.800,0.300,0.400
Crop,3572,0.050,0.000,0.050,0.080,0.030,0.050,0.030,0.500,0.010,0.010,0.800,0.200,0.350,0.100,1.000,0.100,0.200,0.040,1.000,0.500,0.800,0.300,0.400
Crop,3571,0.050,0.000,0.050,0.080,0.030,0.050,0.030,0.500,0.010,0.010,0.800,0.200,0.350,0.100,1.000,0.100,0.200,0.040,1.000,0.500,0.800,0.300,0.400
Crop,3570,0.050,0.000,0.050,0.080,0.030,0.050,0.030,0.500,0.010,0.010,0.800,0.200,0.350,0.100,1.000,0.100,0.200,0.040,1.000,0.500,0.800,0.300,0.400
Crop,3569,0.050,0.000,0.050,0.080,0.030,0.050,0.030,0.500,0.010,0.010,0.800,0.200,0.350,0.100,1.000,0.100,0.200,0.040,1.000,0.500,0.800,0.300,0.400
Crop,3568,0.050,0.000,0.050,0.080,0.030,0.050,0.030,0.500,0.010,0.010,0.800,0.200,0.350,0.100,1.000,0.100,0.200,0.040,1.000,0.500,0.800,0.300,0.400
Crop,3567,0.050,0.000,0.050,0.080,0.030,0.050,0.030,0.500,0.010,0.010,0.800,0.200,0.350,0.100,1.000,0.100,0.200,0.040,1.000,0.500,0.800,0.300,0.400
Crop,3566,0.050,0.000,0.050,0.080,0.030,0.050,0.030,0.500,0.010,0.010,0.800,0.200,0.350,0.100,1.000,0.100,0.200,0.040,1.000,0.500,0.800,0.300,0.400
Crop,3565,0.050,0.000,0.050,0.080,0.030,0.050,0.030,0.500,0.010,0.010,0.800,0.200,0.350,0.100,1.000,0.100,0.200,0.040,1.000,0.500,0.800,0.300,0.400
Crop,3564,0.050,0.000,0.050,0.080,0.030,0.050,0.030,0.500,0.010,0.010,0.800,0.200,0.350,0.100,1.000,0.100,0.200,0.040,1.000,0.500,0.800,0.300,0.400
Crop,3563,0.050,0.000,0.050,0.080,0.030,0.050,0.030,0.500,0.010,0.010,0.800,0.200,0.350,0.100,1.000,0.100,0.200,0.040,1.000,0.500,0.800,0.300,0.400
Crop,3562,0.050,0.000,0.050,0.080,0.030,0.050,0.030,0.500,0.010,0.010,0.800,0.200,0.350,0.100,1.000,0.100,0.200,0.040,1.000,0.500,0.800,0.300,0.400
Crop,3561,0.050,0.000,0.050,0.080,0.030,0.050,0.030,0.500,0.010,0.010,0.800,0.200,0.350,0.100,1.000,0.100,0.200,0.040,1.000,0.500,0.800,0.300,0.400
Crop,3560,0.050,0.000,0.050,0.080,0.030,0.050,0.030,0.500,0.010,0.010,0.800,0.200,0.350,0.100,1.000,0.100,0.200,0.040,1.000,0.500,0.800,0.300,0.400
Crop,3559,0.050,0.000,0.050,0.080,0.030,0.050,0.030,0.500,0.010,0.010,0.800,0.200,0.350,0.100,1.000,0.100,0.200,0.040,1.000,0.500,0.800,0.300,0.400
Crop,3558,0.050,0.000,0.050,0.080,0.030,0.050,0.030,0.500,0.010,0.010,0.800,0.200,0.350,0.100,1.000,0.100,0.200,0.040,1.000,0.500,0.800,0.300,0.400
Crop,3557,0.050,0.000,0.050,0.080,0.030,0.050,0.030,0.500,0.010,0.010,0.800,0.200,0.350,0.100,1.000,0.100,0.200,0.040,1.000,0.500,0.800,0.300,0.400
Crop,3556,0.050,0.000,0.050,0.080,0.030,0.050,0.030,0.500,0.010,0.010,0.800,0.200,0.350,0.100,1.000,0.100,0.200,0.040,1.000,0.500,0.800,0.300,0.400
Crop,3555,0.050,0.000,0.050,0.080,0.030,0.050,0.030,0.500,0.010,0.010,0.800,0.200,0.350,0.100,1.000,0.100,0.200,0.040,1.000,0.500,0.800,0.300,0.400
Crop,3553,0.050,0.000,0.050,0.080,0.030,0.050,0.030,0.500,0.010,0.010,0.800,0.200,0.350,0.100,1.000,0.100,0.200,0.040,1.000,0.500,0.800,0.300,0.400
Crop,3578,0.050,0.000,0.050,0.080,0.030,0.050,0.030,0.500,0.010,0.010,0.800,0.200,0.350,0.100,1.000,0.100,0.200,0.040,1.000,0.500,0.800,0.300,0.400
Crop,3510,0.050,0.000,0.050,0.080,0.030,0.050,0.030,0.500,0.010,0.010,0.800,0.200,0.350,0.100,1.000,0.100,0.200,0.040,1.000,0.500,0.800,0.300,0.400
Crop,3507,0.050,0.000,0.050,0.080,0.030,0.050,0.030,0.500,0.010,0.010,0.800,0.200,0.350,0.100,1.000,0.100,0.200,0.040,1.000,0.500,0.800,0.300,0.400
Crop,3474,0.050,0.000,0.050,0.080,0.030,0.050,0.030,0.500,0.010,0.010,0.800,0.200,0.350,0.100,1.000,0.100,0.200,0.040,1.000,0.500,0.800,0.300,0.400
Crop,3473,0.050,0.000,0.050,0.080,0.030,0.050,0.030,0.500,0.010,0.010,0.800,0.200,0.350,0.100,1.000,0.100,0.200,0.040,1.000,0.500,0.800,0.300,0.400
Crop,3472,0.050,0.000,0.050,0.080,0.030,0.050,0.030,0.500,0.010,0.010,0.800,0.200,0.350,0.100,1.000,0.100,0.200,0.040,1.000,0.500,0.800,0.300,0.400
Crop,3471,0.050,0.000,0.050,0.080,0.030,0.050,0.030,0.500,0.010,0.010,0.800,0.200,0.350,0.100,1.000,0.100,0.200,0.040,1.000,0.500,0.800,0.300,0.400
Crop,3470,0.050,0.000,0.050,0.080,0.030,0.050,0.030,0.500,0.010,0.010,0.800,0.200,0.350,0.100,1.000,0.100,0.200,0.040,1.000,0.500,0.800,0.300,0.400
Crop,3469,0.050,0.000,0.050,0.080,0.030,0.050,0.030,0.500,0.010,0.010,0.800,0.200,0.350,0.100,1.000,0.100,0.200,0.040,1.000,0.500,0.800,0.300,0.400
Crop,3468,0.050,0.000,0.050,0.080,0.030,0.050,0.030,0.500,0.010,0.010,0.800,0.200,0.350,0.100,1.000,0.100,0.200,0.040,1.000,0.500,0.800,0.300,0.400
Crop,3467,0.050,0.000,0.050,0.080,0.030,0.050,0.030,0.500,0.010,0.010,0.800,0.200,0.350,0.100,1.000,0.100,0.200,0.040,1.000,0.500,0.800,0.300,0.400
Crop,3466,0.050,0.000,0.050,0.080,0.030,0.050,0.030,0.500,0.010,0.010,0.800,0.200,0.350,0.100,1.000,0.100,0.200,0.040,1.000,0.500,0.800,0.300,0.400
Crop,3464,0.050,0.000,0.050,0.080,0.030,0.050,0.030,0.500,0.010,0.010,0.800,0.200,0.350,0.100,1.000,0.100,0.200,0.040,1.000,0.500,0.800,0.300,0.400
Crop,3463,0.050,0.000,0.050,0.080,0.030,0.050,0.030,0.500,0.010,0.010,0.800,0.200,0.350,0.100,1.000,0.100,0.200,0.040,1.000,0.500,0.800,0.300,0.400
Crop,3462,0.050,0.000,0.050,0.080,0.030,0.050,0.030,0.500,0.010,0.010,0.800,0.200,0.350,0.100,1.000,0.100,0.200,0.040,1.000,0.500,0.800,0.300,0.400
Crop,3461,0.050,0.000,0.050,0.080,0.030,0.050,0.030,0.500,0.010,0.010,0.800,0.200,0.350,0.100,1.000,0.100,0.200,0.040,1.000,0.500,0.800,0.300,0.400
Crop,3460,0.050,0.000,0.050,0.080,0.030,0.050,0.030,0.500,0.010,0.010,0.800,0.200,0.350,0.100,1.000,0.100,0.200,0.040,1.000,0.500,0.800,0.300,0.400
Crop,3459,0.050,0.000,0.050,0.080,0.030,0.050,0.030,0.500,0.010,0.010,0.800,0.200,0.350,0.100,1.000,0.100,0.200,0.040,1.000,0.500,0.800,0.300,0.400
Crop,3458,0.050,0.000,0.050,0.080,0.030,0.050,0.030,0.500,0.010,0.010,0.800,0.200,0.350,0.100,1.000,0.100,0.200,0.040,1.000,0.500,0.800,0.300,0.400
Crop,3457,0.050,0.000,0.050,0.080,0.030,0.050,0.030,0.500,0.010,0.010,0.800,0.200,0.350,0.100,1.000,0.100,0.200,0.040,1.000,0.500,0.800,0.300,0.400
Crop,3456,0.050,0.000,0.050,0.080,0.030,0.050,0.030,0.500,0.010,0.010,0.800,0.200,0.350,0.100,1.000,0.100,0.200,0.040,1.000,0.500,0.800,0.300,0.400
Crop,3455,0.050,0.000,0.050,0.080,0.030,0.050,0.030,0.500,0.010,0.010,0.800,0.200,0.350,0.100,1.000,0.100,0.200,0.040,1.000,0.500,0.800,0.300,0.400
Crop,3454,0.050,0.000,0.050,0.080,0.030,0.050,0.030,0.500,0.010,0.010,0.800,0.200,0.350,0.100,1.000,0.100,0.200,0.040,1.000,0.500,0.800,0.300,0.400
Crop,3453,0.050,0.000,0.050,0.080,0.030,0.050,0.030,0.500,0.010,0.010,0.800,0.200,0.350,0.100,1.000,0.100,0.200,0.040,1.000,0.500,0.800,0.300,0.400
Crop,3452,0.050,0.000,0.050,0.080,0.030,0.050,0.030,0.500,0.010,0.010,0.800,0.200,0.350,0.100,1.000,0.100,0.200,0.040,1.000,0.500,0.800,0.300,0.400
Crop,3770,0.050,0.000,0.050,0.080,0.030,0.050,0.030,0.500,0.010,0.010,0.800,0.200,0.350,0.100,1.000,0.100,0.200,0.040,1.000,0.500,0.800,0.300,0.400
Crop,3475,0.050,0.000,0.050,0.080,0.030,0.050,0.030,0.500,0.010,0.010,0.800,0.200,0.350,0.100,1.000,0.100,0.200,0.040,1.000,0.500,0.800,0.300,0.400
Crop,3509,0.050,0.000,0.050,0.080,0.030,0.050,0.030,0.500,0.010,0.010,0.800,0.200,0.350,0.100,1.000,0.100,0.200,0.040,1.000,0.500,0.800,0.300,0.400
Crop,3476,0.050,0.000,0.050,0.080,0.030,0.050,0.030,0.500,0.010,0.010,0.800,0.200,0.350,0.100,1.000,0.100,0.200,0.040,1.000,0.500,0.800,0.300,0.400
Crop,3478,0.050,0.000,0.050,0.080,0.030,0.050,0.030,0.500,0.010,0.010,0.800,0.200,0.350,0.100,1.000,0.100,0.200,0.040,1.000,0.500,0.800,0.300,0.400
Crop,3506,0.050,0.000,0.050,0.080,0.030,0.050,0.030,0.500,0.010,0.010,0.800,0.200,0.350,0.100,1.000,0.100,0.200,0.040,1.000,0.500,0.800,0.300,0.400
Crop,3504,0.050,0.000,0.050,0.080,0.030,0.050,0.030,0.500,0.010,0.010,0.800,0.200,0.350,0.100,1.000,0.100,0.200,0.040,1.000,0.500,0.800,0.300,0.400
Crop,3503,0.050,0.000,0.050,0.080,0.030,0.050,0.030,0.500,0.010,0.010,0.800,0.200,0.350,0.100,1.000,0.100,0.200,0.040,1.000,0.500,0.800,0.300,0.400
Crop,3502,0.050,0.000,0.050,0.080,0.030,0.050,0.030,0.500,0.010,0.010,0.800,0.200,0.350,0.100,1.000,0.100,0.200,0.040,1.000,0.500,0.800,0.300,0.400
Crop,3501,0.050,0.000,0.050,0.080,0.030,0.050,0.030,0.500,0.010,0.010,0.800,0.200,0.350,0.100,1.000,0.100,0.200,0.040,1.000,0.500,0.800,0.300,0.400
Crop,3499,0.050,0.000,0.050,0.080,0.030,0.050,0.030,0.500,0.010,0.010,0.800,0.200,0.350,0.100,1.000,0.100,0.200,0.040,1.000,0.500,0.800,0.300,0.400
Crop,3498,0.050,0.000,0.050,0.080,0.030,0.050,0.030,0.500,0.010,0.010,0.800,0.200,0.350,0.100,1.000,0.100,0.200,0.040,1.000,0.500,0.800,0.300,0.400
Crop,3497,0.050,0.000,0.050,0.080,0.030,0.050,0.030,0.500,0.010,0.010,0.800,0.200,0.350,0.100,1.000,0.100,0.200,0.040,1.000,0.500,0.800,0.300,0.400
Crop,3495,0.050,0.000,0.050,0.080,0.030,0.050,0.030,0.500,0.010,0.010,0.800,0.200,0.350,0.100,1.000,0.100,0.200,0.040,1.000,0.500,0.800,0.300,0.400
Crop,3494,0.050,0.000,0.050,0.080,0.030,0.050,0.030,0.500,0.010,0.010,0.800,0.200,0.350,0.100,1.000,0.100,0.200,0.040,1.000,0.500,0.800,0.300,0.400
Crop,3493,0.050,0.000,0.050,0.080,0.030,0.050,0.030,0.500,0.010,0.010,0.800,0.200,0.350,0.100,1.000,0.100,0.200,0.040,1.000,0.500,0.800,0.300,0.400
Crop,3492,0.050,0.000,0.050,0.080,0.030,0.050,0.030,0.500,0.010,0.010,0.800,0.200,0.350,0.100,1.000,0.100,0.200,0.040,1.000,0.500,0.800,0.300,0.400
Crop,3491,0.050,0.000,0.050,0.080,0.030,0.050,0.030,0.500,0.010,0.010,0.800,0.200,0.350,0.100,1.000,0.100,0.200,0.040,1.000,0.500,0.800,0.300,0.400
Crop,3490,0.050,0.000,0.050,0.080,0.030,0.050,0.030,0.500,0.010,0.010,0.800,0.200,0.350,0.100,1.000,0.100,0.200,0.040,1.000,0.500,0.800,0.300,0.400
Crop,3489,0.050,0.000,0.050,0.080,0.030,0.050,0.030,0.500,0.010,0.010,0.800,0.200,0.350,0.100,1.000,0.100,0.200,0.040,1.000,0.500,0.800,0.300,0.400
Crop,3488,0.050,0.000,0.050,0.080,0.030,0.050,0.030,0.500,0.010,0.010,0.800,0.200,0.350,0.100,1.000,0.100,0.200,0.040,1.000,0.500,0.800,0.300,0.400
Crop,3486,0.050,0.000,0.050,0.080,0.030,0.050,0.030,0.500,0.010,0.010,0.800,0.200,0.350,0.100,1.000,0.100,0.200,0.040,1.000,0.500,0.800,0.300,0.400
Crop,3485,0.050,0.000,0.050,0.080,0.030,0.050,0.030,0.500,0.010,0.010,0.800,0.200,0.350,0.100,1.000,0.100,0.200,0.040,1.000,0.500,0.800,0.300,0.400
Crop,3483,0.050,0.000,0.050,0.080,0.030,0.050,0.030,0.500,0.010,0.010,0.800,0.200,0.350,0.100,1.000,0.100,0.200,0.040,1.000,0.500,0.800,0.300,0.400
Crop,3482,0.050,0.000,0.050,0.080,0.030,0.050,0.030,0.500,0.010,0.010,0.800,0.200,0.350,0.100,1.000,0.100,0.200,0.040,1.000,0.500,0.800,0.300,0.400
Crop,3481,0.050,0.000,0.050,0.080,0.030,0.050,0.030,0.500,0.010,0.010,0.800,0.200,0.350,0.100,1.000,0.100,0.200,0.040,1.000,0.500,0.800,0.300,0.400
Crop,3480,0.050,0.000,0.050,0.080,0.030,0.050,0.030,0.500,0.010,0.010,0.800,0.200,0.350,0.100,1.000,0.100,0.200,0.040,1.000,0.500,0.800,0.300,0.400
Crop,3479,0.050,0.000,0.050,0.080,0.030,0.050,0.030,0.500,0.010,0.010,0.800,0.200,0.350,0.100,1.000,0.100,0.200,0.040,1.000,0.500,0.800,0.300,0.400
Crop,3477,0.050,0.000,0.050,0.080,0.030,0.050,0.030,0.500,0.010,0.010,0.800,0.200,0.350,0.100,1.000,0.100,0.200,0.040,1.000,0.500,0.800,0.300,0.400
Crop,3579,0.050,0.000,0.050,0.080,0.030,0.050,0.030,0.500,0.010,0.010,0.800,0.200,0.350,0.100,1.000,0.100,0.200,0.040,1.000,0.500,0.800,0.300,0.400
Crop,3512,0.050,0.000,0.050,0.080,0.030,0.050,0.030,0.500,0.010,0.010,0.800,0.200,0.350,0.100,1.000,0.100,0.200,0.040,1.000,0.500,0.800,0.300,0.400
Crop,3581,0.050,0.000,0.050,0.080,0.030,0.050,0.030,0.500,0.010,0.010,0.800,0.200,0.350,0.100,1.000,0.100,0.200,0.040,1.000,0.500,0.800,0.300,0.400
Crop,3740,0.050,0.000,0.050,0.080,0.030,0.050,0.030,0.500,0.010,0.010,0.800,0.200,0.350,0.100,1.000,0.100,0.200,0.040,1.000,0.500,0.800,0.300,0.400
Crop,3739,0.050,0.000,0.050,0.080,0.030,0.050,0.030,0.500,0.010,0.010,0.800,0.200,0.350,0.100,1.000,0.100,0.200,0.040,1.000,0.500,0.800,0.300,0.400
Crop,3738,0.050,0.000,0.050,0.080,0.030,0.050,0.030,0.500,0.010,0.010,0.800,0.200,0.350,0.100,1.000,0.100,0.200,0.040,1.000,0.500,0.800,0.300,0.400
Crop,3737,0.050,0.000,0.050,0.080,0.030,0.050,0.030,0.500,0.010,0.010,0.800,0.200,0.350,0.100,1.000,0.100,0.200,0.040,1.000,0.500,0.800,0.300,0.400
Crop,3736,0.050,0.000,0.050,0.080,0.030,0.050,0.030,0.500,0.010,0.010,0.800,0.200,0.350,0.100,1.000,0.100,0.200,0.040,1.000,0.500,0.800,0.300,0.400
Crop,3731,0.050,0.000,0.050,0.080,0.030,0.050,0.030,0.500,0.010,0.010,0.800,0.200,0.350,0.100,1.000,0.100,0.200,0.040,1.000,0.500,0.800,0.300,0.400
Crop,3730,0.050,0.000,0.050,0.080,0.030,0.050,0.030,0.500,0.010,0.010,0.800,0.200,0.350,0.100,1.000,0.100,0.200,0.040,1.000,0.500,0.800,0.300,0.400
Crop,3725,0.050,0.000,0.050,0.080,0.030,0.050,0.030,0.500,0.010,0.010,0.800,0.200,0.350,0.100,1.000,0.100,0.200,0.040,1.000,0.500,0.800,0.300,0.400
Crop,3720,0.050,0.000,0.050,0.080,0.030,0.050,0.030,0.500,0.010,0.010,0.800,0.200,0.350,0.100,1.000,0.100,0.200,0.040,1.000,0.500,0.800,0.300,0.400
Crop,3719,0.050,0.000,0.050,0.080,0.030,0.050,0.030,0.500,0.010,0.010,0.800,0.200,0.350,0.100,1.000,0.100,0.200,0.040,1.000,0.500,0.800,0.300,0.400
Crop,3718,0.050,0.000,0.050,0.080,0.030,0.050,0.030,0.500,0.010,0.010,0.800,0.200,0.350,0.100,1.000,0.100,0.200,0.040,1.000,0.500,0.800,0.300,0.400
Crop,3709,0.050,0.000,0.050,0.080,0.030,0.050,0.030,0.500,0.010,0.010,0.800,0.200,0.350,0.100,1.000,0.100,0.200,0.040,1.000,0.500,0.800,0.300,0.400
Crop,3699,0.050,0.000,0.050,0.080,0.030,0.050,0.030,0.500,0.010,0.010,0.800,0.200,0.350,0.100,1.000,0.100,0.200,0.040,1.000,0.500,0.800,0.300,0.400
Crop,3692,0.050,0.000,0.050,0.080,0.030,0.050,0.030,0.500,0.010,0.010,0.800,0.200,0.350,0.100,1.000,0.100,0.200,0.040,1.000,0.500,0.800,0.300,0.400
Crop,3691,0.050,0.000,0.050,0.080,0.030,0.050,0.030,0.500,0.010,0.010,0.800,0.200,0.350,0.100,1.000,0.100,0.200,0.040,1.000,0.500,0.800,0.300,0.400
Crop,3690,0.050,0.000,0.050,0.080,0.030,0.050,0.030,0.500,0.010,0.010,0.800,0.200,0.350,0.100,1.000,0.100,0.200,0.040,1.000,0.500,0.800,0.300,0.400
Crop,3689,0.050,0.000,0.050,0.080,0.030,0.050,0.030,0.500,0.010,0.010,0.800,0.200,0.350,0.100,1.000,0.100,0.200,0.040,1.000,0.500,0.800,0.300,0.400
Crop,3688,0.050,0.000,0.050,0.080,0.030,0.050,0.030,0.500,0.010,0.010,0.800,0.200,0.350,0.100,1.000,0.100,0.200,0.040,1.000,0.500,0.800,0.300,0.400
Crop,3687,0.050,0.000,0.050,0.080,0.030,0.050,0.030,0.500,0.010,0.010,0.800,0.200,0.350,0.100,1.000,0.100,0.200,0.040,1.000,0.500,0.800,0.300,0.400
Crop,3686,0.050,0.000,0.050,0.080,0.030,0.050,0.030,0.500,0.010,0.010,0.800,0.200,0.350,0.100,1.000,0.100,0.200,0.040,1.000,0.500,0.800,0.300,0.400
Crop,3685,0.050,0.000,0.050,0.080,0.030,0.050,0.030,0.500,0.010,0.010,0.800,0.200,0.350,0.100,1.000,0.100,0.200,0.040,1.000,0.500,0.800,0.300,0.400
Crop,3684,0.050,0.000,0.050,0.080,0.030,0.050,0.030,0.500,0.010,0.010,0.800,0.200,0.350,0.100,1.000,0.100,0.200,0.040,1.000,0.500,0.800,0.300,0.400
Crop,3683,0.050,0.000,0.050,0.080,0.030,0.050,0.030,0.500,0.010,0.010,0.800,0.200,0.350,0.100,1.000,0.100,0.200,0.040,1.000,0.500,0.800,0.300,0.400
Crop,3742,0.050,0.000,0.050,0.080,0.030,0.050,0.030,0.500,0.010,0.010,0.800,0.200,0.350,0.100,1.000,0.100,0.200,0.040,1.000,0.500,0.800,0.300,0.400
Crop,3682,0.050,0.000,0.050,0.080,0.030,0.050,0.030,0.500,0.010,0.010,0.800,0.200,0.350,0.100,1.000,0.100,0.200,0.040,1.000,0.500,0.800,0.300,0.400
Crop,3743,0.050,0.000,0.050,0.080,0.030,0.050,0.030,0.500,0.010,0.010,0.800,0.200,0.350,0.100,1.000,0.100,0.200,0.040,1.000,0.500,0.800,0.300,0.400
Crop,3745,0.050,0.000,0.050,0.080,0.030,0.050,0.030,0.500,0.010,0.010,0.800,0.200,0.350,0.100,1.000,0.100,0.200,0.040,1.000,0.500,0.800,0.300,0.400
Crop,3580,0.050,0.000,0.050,0.080,0.030,0.050,0.030,0.500,0.010,0.010,0.800,0.200,0.350,0.100,1.000,0.100,0.200,0.040,1.000,0.500,0.800,0.300,0.400
Crop,3767,0.050,0.000,0.050,0.080,0.030,0.050,0.030,0.500,0.010,0.010,0.800,0.200,0.350,0.100,1.000,0.100,0.200,0.040,1.000,0.500,0.800,0.300,0.400
Crop,3766,0.050,0.000,0.050,0.080,0.030,0.050,0.030,0.500,0.010,0.010,0.800,0.200,0.350,0.100,1.000,0.100,0.200,0.040,1.000,0.500,0.800,0.300,0.400
Crop,3765,0.050,0.000,0.050,0.080,0.030,0.050,0.030,0.500,0.010,0.010,0.800,0.200,0.350,0.100,1.000,0.100,0.200,0.040,1.000,0.500,0.800,0.300,0.400
Crop,3764,0.050,0.000,0.050,0.080,0.030,0.050,0.030,0.500,0.010,0.010,0.800,0.200,0.350,0.100,1.000,0.100,0.200,0.040,1.000,0.500,0.800,0.300,0.400
Crop,3763,0.050,0.000,0.050,0.080,0.030,0.050,0.030,0.500,0.010,0.010,0.800,0.200,0.350,0.100,1.000,0.100,0.200,0.040,1.000,0.500,0.800,0.300,0.400
Crop,3762,0.050,0.000,0.050,0.080,0.030,0.050,0.030,0.500,0.010,0.010,0.800,0.200,0.350,0.100,1.000,0.100,0.200,0.040,1.000,0.500,0.800,0.300,0.400
Crop,3761,0.050,0.000,0.050,0.080,0.030,0.050,0.030,0.500,0.010,0.010,0.800,0.200,0.350,0.100,1.000,0.100,0.200,0.040,1.000,0.500,0.800,0.300,0.400
Crop,3760,0.050,0.000,0.050,0.080,0.030,0.050,0.030,0.500,0.010,0.010,0.800,0.200,0.350,0.100,1.000,0.100,0.200,0.040,1.000,0.500,0.800,0.300,0.400
Crop,3759,0.050,0.000,0.050,0.080,0.030,0.050,0.030,0.500,0.010,0.010,0.800,0.200,0.350,0.100,1.000,0.100,0.200,0.040,1.000,0.500,0.800,0.300,0.400
Crop,3758,0.050,0.000,0.050,0.080,0.030,0.050,0.030,0.500,0.010,0.010,0.800,0.200,0.350,0.100,1.000,0.100,0.200,0.040,1.000,0.500,0.800,0.300,0.400
Crop,3757,0.050,0.000,0.050,0.080,0.030,0.050,0.030,0.500,0.010,0.010,0.800,0.200,0.350,0.100,1.000,0.100,0.200,0.040,1.000,0.500,0.800,0.300,0.400
Crop,3756,0.050,0.000,0.050,0.080,0.030,0.050,0.030,0.500,0.010,0.010,0.800,0.200,0.350,0.100,1.000,0.100,0.200,0.040,1.000,0.500,0.800,0.300,0.400
Crop,3755,0.050,0.000,0.050,0.080,0.030,0.050,0.030,0.500,0.010,0.010,0.800,0.200,0.350,0.100,1.000,0.100,0.200,0.040,1.000,0.500,0.800,0.300,0.400
Crop,3754,0.050,0.000,0.050,0.080,0.030,0.050,0.030,0.500,0.010,0.010,0.800,0.200,0.350,0.100,1.000,0.100,0.200,0.040,1.000,0.500,0.800,0.300,0.400
Crop,3753,0.050,0.000,0.050,0.080,0.030,0.050,0.030,0.500,0.010,0.010,0.800,0.200,0.350,0.100,1.000,0.100,0.200,0.040,1.000,0.500,0.800,0.300,0.400
Crop,3752,0.050,0.000,0.050,0.080,0.030,0.050,0.030,0.500,0.010,0.010,0.800,0.200,0.350,0.100,1.000,0.100,0.200,0.040,1.000,0.500,0.800,0.300,0.400
Crop,3751,0.050,0.000,0.050,0.080,0.030,0.050,0.030,0.500,0.010,0.010,0.800,0.200,0.350,0.100,1.000,0.100,0.200,0.040,1.000,0.500,0.800,0.300,0.400
Crop,3750,0.050,0.000,0.050,0.080,0.030,0.050,0.030,0.500,0.010,0.010,0.800,0.200,0.350,0.100,1.000,0.100,0.200,0.040,1.000,0.500,0.800,0.300,0.400
Crop,3749,0.050,0.000,0.050,0.080,0.030,0.050,0.030,0.500,0.010,0.010,0.800,0.200,0.350,0.100,1.000,0.100,0.200,0.040,1.000,0.500,0.800,0.300,0.400
Crop,3748,0.050,0.000,0.050,0.080,0.030,0.050,0.030,0.500,0.010,0.010,0.800,0.200,0.350,0.100,1.000,0.100,0.200,0.040,1.000,0.500,0.800,0.300,0.400
Crop,3747,0.050,0.000,0.050,0.080,0.030,0.050,0.030,0.500,0.010,0.010,0.800,0.200,0.350,0.100,1.000,0.100,0.200,0.040,1.000,0.500,0.800,0.300,0.400
Crop,3746,0.050,0.000,0.050,0.080,0.030,0.050,0.030,0.500,0.010,0.010,0.800,0.200,0.350,0.100,1.000,0.100,0.200,0.040,1.000,0.500,0.800,0.300,0.400
Crop,3744,0.050,0.000,0.050,0.080,0.030,0.050,0.030,0.500,0.010,0.010,0.800,0.200,0.350,0.100,1.000,0.100,0.200,0.040,1.000,0.500,0.800,0.300,0.400
Crop,3680,0.050,0.000,0.050,0.080,0.030,0.050,0.030,0.500,0.010,0.010,0.800,0.200,0.350,0.100,1.000,0.100,0.200,0.040,1.000,0.500,0.800,0.300,0.400
Crop,3741,0.050,0.000,0.050,0.080,0.030,0.050,0.030,0.500,0.010,0.010,0.800,0.200,0.350,0.100,1.000,0.100,0.200,0.040,1.000,0.500,0.800,0.300,0.400
Crop,3768,0.050,0.000,0.050,0.080,0.030,0.050,0.030,0.500,0.010,0.010,0.800,0.200,0.350,0.100,1.000,0.100,0.200,0.040,1.000,0.500,0.800,0.300,0.400
Crop,3612,0.050,0.000,0.050,0.080,0.030,0.050,0.030,0.500,0.010,0.010,0.800,0.200,0.350,0.100,1.000,0.100,0.200,0.040,1.000,0.500,0.800,0.300,0.400
Crop,3611,0.050,0.000,0.050,0.080,0.030,0.050,0.030,0.500,0.010,0.010,0.800,0.200,0.350,0.100,1.000,0.100,0.200,0.040,1.000,0.500,0.800,0.300,0.400
Crop,3610,0.050,0.000,0.050,0.080,0.030,0.050,0.030,0.500,0.010,0.010,0.800,0.200,0.350,0.100,1.000,0.100,0.200,0.040,1.000,0.500,0.800,0.300,0.400
Crop,3609,0.050,0.000,0.050,0.080,0.030,0.050,0.030,0.500,0.010,0.010,0.800,0.200,0.350,0.100,1.000,0.100,0.200,0.040,1.000,0.500,0.800,0.300,0.400
Crop,3608,0.050,0.000,0.050,0.080,0.030,0.050,0.030,0.500,0.010,0.010,0.800,0.200,0.350,0.100,1.000,0.100,0.200,0.040,1.000,0.500,0.800,0.300,0.400
Crop,3607,0.050,0.000,0.050,0.080,0.030,0.050,0.030,0.500,0.010,0.010,0.800,0.200,0.350,0.100,1.000,0.100,0.200,0.040,1.000,0.500,0.800,0.300,0.400
Crop,3606,0.050,0.000,0.050,0.080,0.030,0.050,0.030,0.500,0.010,0.010,0.800,0.200,0.350,0.100,1.000,0.100,0.200,0.040,1.000,0.500,0.800,0.300,0.400
Crop,3605,0.050,0.000,0.050,0.080,0.030,0.050,0.030,0.500,0.010,0.010,0.800,0.200,0.350,0.100,1.000,0.100,0.200,0.040,1.000,0.500,0.800,0.300,0.400
Crop,3604,0.050,0.000,0.050,0.080,0.030,0.050,0.030,0.500,0.010,0.010,0.800,0.200,0.350,0.100,1.000,0.100,0.200,0.040,1.000,0.500,0.800,0.300,0.400
Crop,3603,0.050,0.000,0.050,0.080,0.030,0.050,0.030,0.500,0.010,0.010,0.800,0.200,0.350,0.100,1.000,0.100,0.200,0.040,1.000,0.500,0.800,0.300,0.400
Crop,3602,0.050,0.000,0.050,0.080,0.030,0.050,0.030,0.500,0.010,0.010,0.800,0.200,0.350,0.100,1.000,0.100,0.200,0.040,1.000,0.500,0.800,0.300,0.400
Crop,3601,0.050,0.000,0.050,0.080,0.030,0.050,0.030,0.500,0.010,0.010,0.800,0.200,0.350,0.100,1.000,0.100,0.200,0.040,1.000,0.500,0.800,0.300,0.400
Crop,3600,0.050,0.000,0.050,0.080,0.030,0.050,0.030,0.500,0.010,0.010,0.800,0.200,0.350,0.100,1.000,0.100,0.200,0.040,1.000,0.500,0.800,0.300,0.400
Crop,3591,0.050,0.000,0.050,0.080,0.030,0.050,0.030,0.500,0.010,0.010,0.800,0.200,0.350,0.100,1.000,0.100,0.200,0.040,1.000,0.500,0.800,0.300,0.400
Crop,3590,0.050,0.000,0.050,0.080,0.030,0.050,0.030,0.500,0.010,0.010,0.800,0.200,0.350,0.100,1.000,0.100,0.200,0.040,1.000,0.500,0.800,0.300,0.400
Crop,3589,0.050,0.000,0.050,0.080,0.030,0.050,0.030,0.500,0.010,0.010,0.800,0.200,0.350,0.100,1.000,0.100,0.200,0.040,1.000,0.500,0.800,0.300,0.400
Crop,3588,0.050,0.000,0.050,0.080,0.030,0.050,0.030,0.500,0.010,0.010,0.800,0.200,0.350,0.100,1.000,0.100,0.200,0.040,1.000,0.500,0.800,0.300,0.400
Crop,3587,0.050,0.000,0.050,0.080,0.030,0.050,0.030,0.500,0.010,0.010,0.800,0.200,0.350,0.100,1.000,0.100,0.200,0.040,1.000,0.500,0.800,0.300,0.400
Crop,3586,0.050,0.000,0.050,0.080,0.030,0.050,0.030,0.500,0.010,0.010,0.800,0.200,0.350,0.100,1.000,0.100,0.200,0.040,1.000,0.500,0.800,0.300,0.400
Crop,3585,0.050,0.000,0.050,0.080,0.030,0.050,0.030,0.500,0.010,0.010,0.800,0.200,0.350,0.100,1.000,0.100,0.200,0.040,1.000,0.500,0.800,0.300,0.400
Crop,3584,0.050,0.000,0.050,0.080,0.030,0.050,0.030,0.500,0.010,0.010,0.800,0.200,0.350,0.100,1.000,0.100,0.200,0.040,1.000,0.500,0.800,0.300,0.400
Crop,3583,0.050,0.000,0.050,0.080,0.030,0.050,0.030,0.500,0.010,0.010,0.800,0.200,0.350,0.100,1.000,0.100,0.200,0.040,1.000,0.500,0.800,0.300,0.400
Crop,3679,0.050,0.000,0.050,0.080,0.030,0.050,0.030,0.500,0.010,0.010,0.800,0.200,0.350,0.100,1.000,0.100,0.200,0.040,1.000,0.500,0.800,0.300,0.400
Crop,3631,0.050,0.000,0.050,0.080,0.030,0.050,0.030,0.500,0.010,0.010,0.800,0.200,0.350,0.100,1.000,0.100,0.200,0.040,1.000,0.500,0.800,0.300,0.400
Crop,3633,0.050,0.000,0.050,0.080,0.030,0.050,0.030,0.500,0.010,0.010,0.800,0.200,0.350,0.100,1.000,0.100,0.200,0.040,1.000,0.500,0.800,0.300,0.400
Crop,3582,0.050,0.000,0.050,0.080,0.030,0.050,0.030,0.500,0.010,0.010,0.800,0.200,0.350,0.100,1.000,0.100,0.200,0.040,1.000,0.500,0.800,0.300,0.400
Crop,3635,0.050,0.000,0.050,0.080,0.030,0.050,0.030,0.500,0.010,0.010,0.800,0.200,0.350,0.100,1.000,0.100,0.200,0.040,1.000,0.500,0.800,0.300,0.400
Crop,3634,0.050,0.000,0.050,0.080,0.030,0.050,0.030,0.500,0.010,0.010,0.800,0.200,0.350,0.100,1.000,0.100,0.200,0.040,1.000,0.500,0.800,0.300,0.400
Crop,3677,0.050,0.000,0.050,0.080,0.030,0.050,0.030,0.500,0.010,0.010,0.800,0.200,0.350,0.100,1.000,0.100,0.200,0.040,1.000,0.500,0.800,0.300,0.400
Crop,3675,0.050,0.000,0.050,0.080,0.030,0.050,0.030,0.500,0.010,0.010,0.800,0.200,0.350,0.100,1.000,0.100,0.200,0.040,1.000,0.500,0.800,0.300,0.400
Crop,3674,0.050,0.000,0.050,0.080,0.030,0.050,0.030,0.500,0.010,0.010,0.800,0.200,0.350,0.100,1.000,0.100,0.200,0.040,1.000,0.500,0.800,0.300,0.400
Crop,3672,0.050,0.000,0.050,0.080,0.030,0.050,0.030,0.500,0.010,0.010,0.800,0.200,0.350,0.100,1.000,0.100,0.200,0.040,1.000,0.500,0.800,0.300,0.400
Crop,3671,0.050,0.000,0.050,0.080,0.030,0.050,0.030,0.500,0.010,0.010,0.800,0.200,0.350,0.100,1.000,0.100,0.200,0.040,1.000,0.500,0.800,0.300,0.400
Crop,3654,0.050,0.000,0.050,0.080,0.030,0.050,0.030,0.500,0.010,0.010,0.800,0.200,0.350,0.100,1.000,0.100,0.200,0.040,1.000,0.500,0.800,0.300,0.400
Crop,3653,0.050,0.000,0.050,0.080,0.030,0.050,0.030,0.500,0.010,0.010,0.800,0.200,0.350,0.100,1.000,0.100,0.200,0.040,1.000,0.500,0.800,0.300,0.400
Crop,3652,0.050,0.000,0.050,0.080,0.030,0.050,0.030,0.500,0.010,0.010,0.800,0.200,0.350,0.100,1.000,0.100,0.200,0.040,1.000,0.500,0.800,0.300,0.400
Crop,3651,0.050,0.000,0.050,0.080,0.030,0.050,0.030,0.500,0.010,0.010,0.800,0.200,0.350,0.100,1.000,0.100,0.200,0.040,1.000,0.500,0.800,0.300,0.400
Crop,3650,0.050,0.000,0.050,0.080,0.030,0.050,0.030,0.500,0.010,0.010,0.800,0.200,0.350,0.100,1.000,0.100,0.200,0.040,1.000,0.500,0.800,0.300,0.400
Crop,3649,0.050,0.000,0.050,0.080,0.030,0.050,0.030,0.500,0.010,0.010,0.800,0.200,0.350,0.100,1.000,0.100,0.200,0.040,1.000,0.500,0.800,0.300,0.400
Crop,3678,0.050,0.000,0.050,0.080,0.030,0.050,0.030,0.500,0.010,0.010,0.800,0.200,0.350,0.100,1.000,0.100,0.200,0.040,1.000,0.500,0.800,0.300,0.400
Crop,3646,0.050,0.000,0.050,0.080,0.030,0.050,0.030,0.500,0.010,0.010,0.800,0.200,0.350,0.100,1.000,0.100,0.200,0.040,1.000,0.500,0.800,0.300,0.400
Crop,3645,0.050,0.000,0.050,0.080,0.030,0.050,0.030,0.500,0.010,0.010,0.800,0.200,0.350,0.100,1.000,0.100,0.200,0.040,1.000,0.500,0.800,0.300,0.400
Crop,3644,0.050,0.000,0.050,0.080,0.030,0.050,0.030,0.500,0.010,0.010,0.800,0.200,0.350,0.100,1.000,0.100,0.200,0.040,1.000,0.500,0.800,0.300,0.400
Crop,3643,0.050,0.000,0.050,0.080,0.030,0.050,0.030,0.500,0.010,0.010,0.800,0.200,0.350,0.100,1.000,0.100,0.200,0.040,1.000,0.500,0.800,0.300,0.400
Crop,3642,0.050,0.000,0.050,0.080,0.030,0.050,0.030,0.500,0.010,0.010,0.800,0.200,0.350,0.100,1.000,0.100,0.200,0.040,1.000,0.500,0.800,0.300,0.400
Crop,3641,0.050,0.000,0.050,0.080,0.030,0.050,0.030,0.500,0.010,0.010,0.800,0.200,0.350,0.100,1.000,0.100,0.200,0.040,1.000,0.500,0.800,0.300,0.400
Crop,3640,0.050,0.000,0.050,0.080,0.030,0.050,0.030,0.500,0.010,0.010,0.800,0.200,0.350,0.100,1.000,0.100,0.200,0.040,1.000,0.500,0.800,0.300,0.400
Crop,3639,0.050,0.000,0.050,0.080,0.030,0.050,0.030,0.500,0.010,0.010,0.800,0.200,0.350,0.100,1.000,0.100,0.200,0.040,1.000,0.500,0.800,0.300,0.400
Crop,3638,0.050,0.000,0.050,0.080,0.030,0.050,0.030,0.500,0.010,0.010,0.800,0.200,0.350,0.100,1.000,0.100,0.200,0.040,1.000,0.500,0.800,0.300,0.400
Crop,3636,0.050,0.000,0.050,0.080,0.030,0.050,0.030,0.500,0.010,0.010,0.800,0.200,0.350,0.100,1.000,0.100,0.200,0.040,1.000,0.500,0.800,0.300,0.400
Crop,3648,0.050,0.000,0.050,0.080,0.030,0.050,0.030,0.500,0.010,0.010,0.800,0.200,0.350,0.100,1.000,0.100,0.200,0.040,1.000,0.500,0.800,0.300,0.400
Herb,5291,1.000,0.000,0.100,0.120,0.030,0.050,0.030,0.500,0.010,0.010,0.800,0.200,0.350,0.100,1.000,0.100,0.200,0.040,1.000,0.500,0.800,0.300,0.400
Herb,5292,1.000,0.000,0.100,0.120,0.030,0.050,0.030,0.500,0.010,0.010,0.800,0.200,0.350,0.100,1.000,0.100,0.200,0.040,1.000,0.500,0.800,0.300,0.400
Herb,5293,1.000,0.000,0.100,0.120,0.030,0.050,0.030,0.500,0.010,0.010,0.800,0.200,0.350,0.100,1.000,0.100,0.200,0.040,1.000,0.500,0.800,0.300,0.400
Herb,5294,1.000,0.000,0.100,0.120,0.030,0.050,0.030,0.500,0.010,0.010,0.800,0.200,0.350,0.100,1.000,0.100,0.200,0.040,1.000,0.500,0.800,0.300,0.400
Herb,5299,1.000,0.000,0.100,0.120,0.030,0.050,0.030,0.500,0.010,0.010,0.800,0.200,0.350,0.100,1.000,0.100,0.200,0.040,1.000,0.500,0.800,0.300,0.400
Herb,5296,1.000,0.000,0.100,0.120,0.030,0.050,0.030,0.500,0.010,0.010,0.800,0.200,0.350,0.100,1.000,0.100,0.200,0.040,1.000,0.500,0.800,0.300,0.400
Herb,5297,1.000,0.000,0.100,0.120,0.030,0.050,0.030,0.500,0.010,0.010,0.800,0.200,0.350,0.100,1.000,0.100,0.200,0.040,1.000,0.500,0.800,0.300,0.400
Herb,5298,1.000,0.000,0.100,0.120,0.030,0.050,0.030,0.500,0.010,0.010,0.800,0.200,0.350,0.100,1.000,0.100,0.200,0.040,1.000,0.500,0.800,0.300,0.400
Herb,5278,1.000,0.000,0.100,0.120,0.030,0.050,0.030,0.500,0.010,0.010,0.800,0.200,0.350,0.100,1.000,0.100,0.200,0.040,1.000,0.500,0.800,0.300,0.400
Herb,5295,1.000,0.000,0.100,0.120,0.030,0.050,0.030,0.500,0.010,0.010,0.800,0.200,0.350,0.100,1.000,0.100,0.200,0.040,1.000,0.500,0.800,0.300,0.400
Herb,5290,1.000,0.000,0.100,0.120,0.030,0.050,0.030,0.500,0.010,0.010,0.800,0.200,0.350,0.100,1.000,0.100,0.200,0.040,1.000,0.500,0.800,0.300,0.400
Herb,5285,1.000,0.000,0.100,0.120,0.030,0.050,0.030,0.500,0.010,0.010,0.800,0.200,0.350,0.100,1.000,0.100,0.200,0.040,1.000,0.500,0.800,0.300,0.400
Herb,5288,1.000,0.000,0.100,0.120,0.030,0.050,0.030,0.500,0.010,0.010,0.800,0.200,0.350,0.100,1.000,0.100,0.200,0.040,1.000,0.500,0.800,0.300,0.400
Herb,5287,1.000,0.000,0.100,0.120,0.030,0.050,0.030,0.500,0.010,0.010,0.800,0.200,0.350,0.100,1.000,0.100,0.200,0.040,1.000,0.500,0.800,0.300,0.400
Herb,5286,1.000,0.000,0.100,0.120,0.030,0.050,0.030,0.500,0.010,0.010,0.800,0.200,0.350,0.100,1.000,0.100,0.200,0.040,1.000,0.500,0.800,0.300,0.400
Herb,5284,1.000,0.000,0.100,0.120,0.030,0.050,0.030,0.500,0.010,0.010,0.800,0.200,0.350,0.100,1.000,0.100,0.200,0.040,1.000,0.500,0.800,0.300,0.400
Herb,5283,1.000,0.000,0.100,0.120,0.030,0.050,0.030,0.500,0.010,0.010,0.800,0.200,0.350,0.100,1.000,0.100,0.200,0.040,1.000,0.500,0.800,0.300,0.400
Herb,5282,1.000,0.000,0.100,0.120,0.030,0.050,0.030,0.500,0.010,0.010,0.800,0.200,0.350,0.100,1.000,0.100,0.200,0.040,1.000,0.500,0.800,0.300,0.400
Herb,5281,1.000,0.000,0.100,0.120,0.030,0.050,0.030,0.500,0.010,0.010,0.800,0.200,0.350,0.100,1.000,0.100,0.200,0.040,1.000,0.500,0.800,0.300,0.400
Herb,5280,1.000,0.000,0.100,0.120,0.030,0.050,0.030,0.500,0.010,0.010,0.800,0.200,0.350,0.100,1.000,0.100,0.200,0.040,1.000,0.500,0.800,0.300,0.400
Herb,5279,1.000,0.000,0.100,0.120,0.030,0.050,0.030,0.500,0.010,0.010,0.800,0.200,0.350,0.100,1.000,0.100,0.200,0.040,1.000,0.500,0.800,0.300,0.400
Herb,5300,1.000,0.000,0.100,0.120,0.030,0.050,0.030,0.500,0.010,0.010,0.800,0.200,0.350,0.100,1.000,0.100,0.200,0.040,1.000,0.500,0.800,0.300,0.400
Herb,5289,1.000,0.000,0.100,0.120,0.030,0.050,0.030,0.500,0.010,0.010,0.800,0.200,0.350,0.100,1.000,0.100,0.200,0.040,1.000,0.500,0.800,0.300,0.400
Herb,5301,1.000,0.000,0.100,0.120,0.030,0.050,0.030,0.500,0.010,0.010,0.800,0.200,0.350,0.100,1.000,0.100,0.200,0.040,1.000,0.500,0.800,0.300,0.400
Herb,5314,1.000,0.000,0.100,0.120,0.030,0.050,0.030,0.500,0.010,0.010,0.800,0.200,0.350,0.100,1.000,0.100,0.200,0.040,1.000,0.500,0.800,0.300,0.400
Herb,5303,1.000,0.000,0.100,0.120,0.030,0.050,0.030,0.500,0.010,0.010,0.800,0.200,0.350,0.100,1.000,0.100,0.200,0.040,1.000,0.500,0.800,0.300,0.400
Herb,5277,1.000,0.000,0.100,0.120,0.030,0.050,0.030,0.500,0.010,0.010,0.800,0.200,0.350,0.100,1.000,0.100,0.200,0.040,1.000,0.500,0.800,0.300,0.400
Herb,5326,1.000,0.000,0.100,0.120,0.030,0.050,0.030,0.500,0.010,0.010,0.800,0.200,0.350,0.100,1.000,0.100,0.200,0.040,1.000,0.500,0.800,0.300,0.400
Herb,5325,1.000,0.000,0.100,0.120,0.030,0.050,0.030,0.500,0.010,0.010,0.800,0.200,0.350,0.100,1.000,0.100,0.200,0.040,1.000,0.500,0.800,0.300,0.400
Herb,5324,1.000,0.000,0.100,0.120,0.030,0.050,0.030,0.500,0.010,0.010,0.800,0.200,0.350,0.100,1.000,0.100,0.200,0.040,1.000,0.500,0.800,0.300,0.400
Herb,5323,1.000,0.000,0.100,0.120,0.030,0.050,0.030,0.500,0.010,0.010,0.800,0.200,0.350,0.100,1.000,0.100,0.200,0.040,1.000,0.500,0.800,0.300,0.400
Herb,5322,1.000,0.000,0.100,0.120,0.030,0.050,0.030,0.500,0.010,0.010,0.800,0.200,0.350,0.100,1.000,0.100,0.200,0.040,1.000,0.500,0.800,0.300,0.400
Herb,5321,1.000,0.000,0.100,0.120,0.030,0.050,0.030,0.500,0.010,0.010,0.800,0.200,0.350,0.100,1.000,0.100,0.200,0.040,1.000,0.500,0.800,0.300,0.400
Herb,5320,1.000,0.000,0.100,0.120,0.030,0.050,0.030,0.500,0.010,0.010,0.800,0.200,0.350,0.100,1.000,0.100,0.200,0.040,1.000,0.500,0.800,0.300,0.400
Herb,5319,1.000,0.000,0.100,0.120,0.030,0.050,0.030,0.500,0.010,0.010,0.800,0.200,0.350,0.100,1.000,0.100,0.200,0.040,1.000,0.500,0.800,0.300,0.400
Herb,5318,1.000,0.000,0.100,0.120,0.030,0.050,0.030,0.500,0.010,0.010,0.800,0.200,0.350,0.100,1.000,0.100,0.200,0.040,1.000,0.500,0.800,0.300,0.400
Herb,5317,1.000,0.000,0.100,0.120,0.030,0.050,0.030,0.500,0.010,0.010,0.800,0.200,0.350,0.100,1.000,0.100,0.200,0.040,1.000,0.500,0.800,0.300,0.400
Herb,5316,1.000,0.000,0.100,0.120,0.030,0.050,0.030,0.500,0.010,0.010,0.800,0.200,0.350,0.100,1.000,0.100,0.200,0.040,1.000,0.500,0.800,0.300,0.400
Herb,5315,1.000,0.000,0.100,0.120,0.030,0.050,0.030,0.500,0.010,0.010,0.800,0.200,0.350,0.100,1.000,0.100,0.200,0.040,1.000,0.500,0.800,0.300,0.400
Herb,5313,1.000,0.000,0.100,0.120,0.030,0.050,0.030,0.500,0.010,0.010,0.800,0.200,0.350,0.100,1.000,0.100,0.200,0.040,1.000,0.500,0.800,0.300,0.400
Herb,5312,1.000,0.000,0.100,0.120,0.030,0.050,0.030,0.500,0.010,0.010,0.800,0.200,0.350,0.100,1.000,0.100,0.200,0.040,1.000,0.500,0.800,0.300,0.400
Herb,5311,1.000,0.000,0.100,0.120,0.030,0.050,0.030,0.500,0.010,0.010,0.800,0.200,0.350,0.100,1.000,0.100,0.200,0.040,1.000,0.500,0.800,0.300,0.400
Herb,5310,1.000,0.000,0.100,0.120,0.030,0.050,0.030,0.500,0.010,0.010,0.800,0.200,0.350,0.100,1.000,0.100,0.200,0.040,1.000,0.500,0.800,0.300,0.400
Herb,5309,1.000,0.000,0.100,0.120,0.030,0.050,0.030,0.500,0.010,0.010,0.800,0.200,0.350,0.100,1.000,0.100,0.200,0.040,1.000,0.500,0.800,0.300,0.400
Herb,5308,1.000,0.000,0.100,0.120,0.030,0.050,0.030,0.500,0.010,0.010,0.800,0.200,0.350,0.100,1.000,0.100,0.200,0.040,1.000,0.500,0.800,0.300,0.400
Herb,5307,1.000,0.000,0.100,0.120,0.030,0.050,0.030,0.500,0.010,0.010,0.800,0.200,0.350,0.100,1.000,0.100,0.200,0.040,1.000,0.500,0.800,0.300,0.400
Herb,5306,1.000,0.000,0.100,0.120,0.030,0.050,0.030,0.500,0.010,0.010,0.800,0.200,0.350,0.100,1.000,0.100,0.200,0.040,1.000,0.500,0.800,0.300,0.400
Herb,5305,1.000,0.000,0.100,0.120,0.030,0.050,0.030,0.500,0.010,0.010,0.800,0.200,0.350,0.100,1.000,0.100,0.200,0.040,1.000,0.500,0.800,0.300,0.400
Herb,5304,1.000,0.000,0.100,0.120,0.030,0.050,0.030,0.500,0.010,0.010,0.800,0.200,0.350,0.100,1.000,0.100,0.200,0.040,1.000,0.500,0.800,0.300,0.400
Herb,5302,1.000,0.000,0.100,0.120,0.030,0.050,0.030,0.500,0.010,0.010,0.800,0.200,0.350,0.100,1.000,0.100,0.200,0.040,1.000,0.500,0.800,0.300,0.400
Herb,5276,1.000,0.000,0.100,0.120,0.030,0.050,0.030,0.500,0.010,0.010,0.800,0.200,0.350,0.100,1.000,0.100,0.200,0.040,1.000,0.500,0.800,0.300,0.400
Herb,5224,1.000,0.000,0.100,0.120,0.030,0.050,0.030,0.500,0.010,0.010,0.800,0.200,0.350,0.100,1.000,0.100,0.200,0.040,1.000,0.500,0.800,0.300,0.400
Herb,5274,1.000,0.000,0.100,0.120,0.030,0.050,0.030,0.500,0.010,0.010,0.800,0.200,0.350,0.100,1.000,0.100,0.200,0.040,1.000,0.500,0.800,0.300,0.400
Herb,5246,1.000,0.000,0.100,0.120,0.030,0.050,0.030,0.500,0.010,0.010,0.800,0.200,0.350,0.100,1.000,0.100,0.200,0.040,1.000,0.500,0.800,0.300,0.400
Herb,5245,1.000,0.000,0.100,0.120,0.030,0.050,0.030,0.500,0.010,0.010,0.800,0.200,0.350,0.100,1.000,0.100,0.200,0.040,1.000,0.500,0.800,0.300,0.400
Herb,5244,1.000,0.000,0.100,0.120,0.030,0.050,0.030,0.500,0.010,0.010,0.800,0.200,0.350,0.100,1.000,0.100,0.200,0.040,1.000,0.500,0.800,0.300,0.400
Herb,5243,1.000,0.000,0.100,0.120,0.030,0.050,0.030,0.500,0.010,0.010,0.800,0.200,0.350,0.100,1.000,0.100,0.200,0.040,1.000,0.500,0.800,0.300,0.400
Herb,5242,1.000,0.000,0.100,0.120,0.030,0.050,0.030,0.500,0.010,0.010,0.800,0.200,0.350,0.100,1.000,0.100,0.200,0.040,1.000,0.500,0.800,0.300,0.400
Herb,5241,1.000,0.000,0.100,0.120,0.030,0.050,0.030,0.500,0.010,0.010,0.800,0.200,0.350,0.100,1.000,0.100,0.200,0.040,1.000,0.500,0.800,0.300,0.400
Herb,5240,1.000,0.000,0.100,0.120,0.030,0.050,0.030,0.500,0.010,0.010,0.800,0.200,0.350,0.100,1.000,0.100,0.200,0.040,1.000,0.500,0.800,0.300,0.400
Herb,5239,1.000,0.000,0.100,0.120,0.030,0.050,0.030,0.500,0.010,0.010,0.800,0.200,0.350,0.100,1.000,0.100,0.200,0.040,1.000,0.500,0.800,0.300,0.400
Herb,5238,1.000,0.000,0.100,0.120,0.030,0.050,0.030,0.500,0.010,0.010,0.800,0.200,0.350,0.100,1.000,0.100,0.200,0.040,1.000,0.500,0.800,0.300,0.400
Herb,5237,1.000,0.000,0.100,0.120,0.030,0.050,0.030,0.500,0.010,0.010,0.800,0.200,0.350,0.100,1.000,0.100,0.200,0.040,1.000,0.500,0.800,0.300,0.400
Herb,5236,1.000,0.000,0.100,0.120,0.030,0.050,0.030,0.500,0.010,0.010,0.800,0.200,0.350,0.100,1.000,0.100,0.200,0.040,1.000,0.500,0.800,0.300,0.400
Herb,5235,1.000,0.000,0.100,0.120,0.030,0.050,0.030,0.500,0.010,0.010,0.800,0.200,0.350,0.100,1.000,0.100,0.200,0.040,1.000,0.500,0.800,0.300,0.400
Herb,5234,1.000,0.000,0.100,0.120,0.030,0.050,0.030,0.500,0.010,0.010,0.800,0.200,0.350,0.100,1.000,0.100,0.200,0.040,1.000,0.500,0.800,0.300,0.400
Herb,5233,1.000,0.000,0.100,0.120,0.030,0.050,0.030,0.500,0.010,0.010,0.800,0.200,0.350,0.100,1.000,0.100,0.200,0.040,1.000,0.500,0.800,0.300,0.400
Herb,5232,1.000,0.000,0.100,0.120,0.030,0.050,0.030,0.500,0.010,0.010,0.800,0.200,0.350,0.100,1.000,0.100,0.200,0.040,1.000,0.500,0.800,0.300,0.400
Herb,5231,1.000,0.000,0.100,0.120,0.030,0.050,0.030,0.500,0.010,0.010,0.800,0.200,0.350,0.100,1.000,0.100,0.200,0.040,1.000,0.500,0.800,0.300,0.400
Herb,5230,1.000,0.000,0.100,0.120,0.030,0.050,0.030,0.500,0.010,0.010,0.800,0.200,0.350,0.100,1.000,0.100,0.200,0.040,1.000,0.500,0.800,0.300,0.400
Herb,5229,1.000,0.000,0.100,0.120,0.030,0.050,0.030,0.500,0.010,0.010,0.800,0.200,0.350,0.100,1.000,0.100,0.200,0.040,1.000,0.500,0.800,0.300,0.400
Herb,5228,1.000,0.000,0.100,0.120,0.030,0.050,0.030,0.500,0.010,0.010,0.800,0.200,0.350,0.100,1.000,0.100,0.200,0.040,1.000,0.500,0.800,0.300,0.400
Herb,5227,1.000,0.000,0.100,0.120,0.030,0.050,0.030,0.500,0.010,0.010,0.800,0.200,0.350,0.100,1.000,0.100,0.200,0.040,1.000,0.500,0.800,0.300,0.400
Herb,5226,1.000,0.000,0.100,0.120,0.030,0.050,0.030,0.500,0.010,0.010,0.800,0.200,0.350,0.100,1.000,0.100,0.200,0.040,1.000,0.500,0.800,0.300,0.400
Herb,5225,1.000,0.000,0.100,0.120,0.030,0.050,0.030,0.500,0.010,0.010,0.800,0.200,0.350,0.100,1.000,0.100,0.200,0.040,1.000,0.500,0.800,0.300,0.400
Herb,5327,1.000,0.000,0.100,0.120,0.030,0.050,0.030,0.500,0.010,0.010,0.800,0.200,0.350,0.100,1.000,0.100,0.200,0.040,1.000,0.500,0.800,0.300,0.400
Herb,5247,1.000,0.000,0.100,0.120,0.030,0.050,0.030,0.500,0.010,0.010,0.800,0.200,0.350,0.100,1.000,0.100,0.200,0.040,1.000,0.500,0.800,0.300,0.400
Herb,5275,1.000,0.000,0.100,0.120,0.030,0.050,0.030,0.500,0.010,0.010,0.800,0.200,0.350,0.100,1.000,0.100,0.200,0.040,1.000,0.500,0.800,0.300,0.400
Herb,5248,1.000,0.000,0.100,0.120,0.030,0.050,0.030,0.500,0.010,0.010,0.800,0.200,0.350,0.100,1.000,0.100,0.200,0.040,1.000,0.500,0.800,0.300,0.400
Herb,5250,1.000,0.000,0.100,0.120,0.030,0.050,0.030,0.500,0.010,0.010,0.800,0.200,0.350,0.100,1.000,0.100,0.200,0.040,1.000,0.500,0.800,0.300,0.400
Herb,5273,1.000,0.000,0.100,0.120,0.030,0.050,0.030,0.500,0.010,0.010,0.800,0.200,0.350,0.100,1.000,0.100,0.200,0.040,1.000,0.500,0.800,0.300,0.400
Herb,5272,1.000,0.000,0.100,0.120,0.030,0.050,0.030,0.500,0.010,0.010,0.800,0.200,0.350,0.100,1.000,0.100,0.200,0.040,1.000,0.500,0.800,0.300,0.400
Herb,5271,1.000,0.000,0.100,0.120,0.030,0.050,0.030,0.500,0.010,0.010,0.800,0.200,0.350,0.100,1.000,0.100,0.200,0.040,1.000,0.500,0.800,0.300,0.400
Herb,5270,1.000,0.000,0.100,0.120,0.030,0.050,0.030,0.500,0.010,0.010,0.800,0.200,0.350,0.100,1.000,0.100,0.200,0.040,1.000,0.500,0.800,0.300,0.400
Herb,5269,1.000,0.000,0.100,0.120,0.030,0.050,0.030,0.500,0.010,0.010,0.800,0.200,0.350,0.100,1.000,0.100,0.200,0.040,1.000,0.500,0.800,0.300,0.400
Herb,5268,1.000,0.000,0.100,0.120,0.030,0.050,0.030,0.500,0.010,0.010,0.800,0.200,0.350,0.100,1.000,0.100,0.200,0.040,1.000,0.500,0.800,0.300,0.400
Herb,5267,1.000,0.000,0.100,0.120,0.030,0.050,0.030,0.500,0.010,0.010,0.800,0.200,0.350,0.100,1.000,0.100,0.200,0.040,1.000,0.500,0.800,0.300,0.400
Herb,5266,1.000,0.000,0.100,0.120,0.030,0.050,0.030,0.500,0.010,0.010,0.800,0.200,0.350,0.100,1.000,0.100,0.200,0.040,1.000,0.500,0.800,0.300,0.400
Herb,5265,1.000,0.000,0.100,0.120,0.030,0.050,0.030,0.500,0.010,0.010,0.800,0.200,0.350,0.100,1.000,0.100,0.200,0.040,1.000,0.500,0.800,0.300,0.400
Herb,5264,1.000,0.000,0.100,0.120,0.030,0.050,0.030,0.500,0.010,0.010,0.800,0.200,0.350,0.100,1.000,0.100,0.200,0.040,1.000,0.500,0.800,0.300,0.400
Herb,5263,1.000,0.000,0.100,0.120,0.030,0.050,0.030,0.500,0.010,0.010,0.800,0.200,0.350,0.100,1.000,0.100,0.200,0.040,1.000,0.500,0.800,0.300,0.400
Herb,5262,1.000,0.000,0.100,0.120,0.030,0.050,0.030,0.500,0.010,0.010,0.800,0.200,0.350,0.100,1.000,0.100,0.200,0.040,1.000,0.500,0.800,0.300,0.400
Herb,5261,1.000,0.000,0.100,0.120,0.030,0.050,0.030,0.500,0.010,0.010,0.800,0.200,0.350,0.100,1.000,0.100,0.200,0.040,1.000,0.500,0.800,0.300,0.400
Herb,5260,1.000,0.000,0.100,0.120,0.030,0.050,0.030,0.500,0.010,0.010,0.800,0.200,0.350,0.100,1.000,0.100,0.200,0.040,1.000,0.500,0.800,0.300,0.400
Herb,5259,1.000,0.000,0.100,0.120,0.030,0.050,0.030,0.500,0.010,0.010,0.800,0.200,0.350,0.100,1.000,0.100,0.200,0.040,1.000,0.500,0.800,0.300,0.400
Herb,5258,1.000,0.000,0.100,0.120,0.030,0.050,0.030,0.500,0.010,0.010,0.800,0.200,0.350,0.100,1.000,0.100,0.200,0.040,1.000,0.500,0.800,0.300,0.400
Herb,5257,1.000,0.000,0.100,0.120,0.030,0.050,0.030,0.500,0.010,0.010,0.800,0.200,0.350,0.100,1.000,0.100,0.200,0.040,1.000,0.500,0.800,0.300,0.400
Herb,5256,1.000,0.000,0.100,0.120,0.030,0.050,0.030,0.500,0.010,0.010,0.800,0.200,0.350,0.100,1.000,0.100,0.200,0.040,1.000,0.500,0.800,0.300,0.400
Herb,5255,1.000,0.000,0.100,0.120,0.030,0.050,0.030,0.500,0.010,0.010,0.800,0.200,0.350,0.100,1.000,0.100,0.200,0.040,1.000,0.500,0.800,0.300,0.400
Herb,5254,1.000,0.000,0.100,0.120,0.030,0.050,0.030,0.500,0.010,0.010,0.800,0.200,0.350,0.100,1.000,0.100,0.200,0.040,1.000,0.500,0.800,0.300,0.400
Herb,5253,1.000,0.000,0.100,0.120,0.030,0.050,0.030,0.500,0.010,0.010,0.800,0.200,0.350,0.100,1.000,0.100,0.200,0.040,1.000,0.500,0.800,0.300,0.400
Herb,5252,1.000,0.000,0.100,0.120,0.030,0.050,0.030,0.500,0.010,0.010,0.800,0.200,0.350,0.100,1.000,0.100,0.200,0.040,1.000,0.500,0.800,0.300,0.400
Herb,5251,1.000,0.000,0.100,0.120,0.030,0.050,0.030,0.500,0.010,0.010,0.800,0.200,0.350,0.100,1.000,0.100,0.200,0.040,1.000,0.500,0.800,0.300,0.400
Herb,5249,1.000,0.000,0.100,0.120,0.030,0.050,0.030,0.500,0.010,0.010,0.800,0.200,0.350,0.100,1.000,0.100,0.200,0.040,1.000,0.500,0.800,0.300,0.400
Herb,5328,1.000,0.000,0.100,0.120,0.030,0.050,0.030,0.500,0.010,0.010,0.800,0.200,0.350,0.100,1.000,0.100,0.200,0.040,1.000,0.500,0.800,0.300,0.400
Herb,5435,1.000,0.000,0.100,0.120,0.030,0.050,0.030,0.500,0.010,0.010,0.800,0.200,0.350,0.100,1.000,0.100,0.200,0.040,1.000,0.500,0.800,0.300,0.400
Herb,5330,1.000,0.000,0.100,0.120,0.030,0.050,0.030,0.500,0.010,0.010,0.800,0.200,0.350,0.100,1.000,0.100,0.200,0.040,1.000,0.500,0.800,0.300,0.400
Herb,5408,1.000,0.000,0.100,0.120,0.030,0.050,0.030,0.500,0.010,0.010,0.800,0.200,0.350,0.100,1.000,0.100,0.200,0.040,1.000,0.500,0.800,0.300,0.400
Herb,5407,1.000,0.000,0.100,0.120,0.030,0.050,0.030,0.500,0.010,0.010,0.800,0.200,0.350,0.100,1.000,0.100,0.200,0.040,1.000,0.500,0.800,0.300,0.400
Herb,5406,1.000,0.000,0.100,0.120,0.030,0.050,0.030,0.500,0.010,0.010,0.800,0.200,0.350,0.100,1.000,0.100,0.200,0.040,1.000,0.500,0.800,0.300,0.400
Herb,5405,1.000,0.000,0.100,0.120,0.030,0.050,0.030,0.500,0.010,0.010,0.800,0.200,0.350,0.100,1.000,0.100,0.200,0.040,1.000,0.500,0.800,0.300,0.400
Herb,5404,1.000,0.000,0.100,0.120,0.030,0.050,0.030,0.500,0.010,0.010,0.800,0.200,0.350,0.100,1.000,0.100,0.200,0.040,1.000,0.500,0.800,0.300,0.400
Herb,5403,1.000,0.000,0.100,0.120,0.030,0.050,0.030,0.500,0.010,0.010,0.800,0.200,0.350,0.100,1.000,0.100,0.200,0.040,1.000,0.500,0.800,0.300,0.400
Herb,5402,1.000,0.000,0.100,0.120,0.030,0.050,0.030,0.500,0.010,0.010,0.800,0.200,0.350,0.100,1.000,0.100,0.200,0.040,1.000,0.500,0.800,0.300,0.400
Herb,5401,1.000,0.000,0.100,0.120,0.030,0.050,0.030,0.500,0.010,0.010,0.800,0.200,0.350,0.100,1.000,0.100,0.200,0.040,1.000,0.500,0.800,0.300,0.400
Herb,5400,1.000,0.000,0.100,0.120,0.030,0.050,0.030,0.500,0.010,0.010,0.800,0.200,0.350,0.100,1.000,0.100,0.200,0.040,1.000,0.500,0.800,0.300,0.400
Herb,5399,1.000,0.000,0.100,0.120,0.030,0.050,0.030,0.500,0.010,0.010,0.800,0.200,0.350,0.100,1.000,0.100,0.200,0.040,1.000,0.500,0.800,0.300,0.400
Herb,5398,1.000,0.000,0.100,0.120,0.030,0.050,0.030,0.500,0.010,0.010,0.800,0.200,0.350,0.100,1.000,0.100,0.200,0.040,1.000,0.500,0.800,0.300,0.400
Herb,5397,1.000,0.000,0.100,0.120,0.030,0.050,0.030,0.500,0.010,0.010,0.800,0.200,0.350,0.100,1.000,0.100,0.200,0.040,1.000,0.500,0.800,0.300,0.400
Herb,5396,1.000,0.000,0.100,0.120,0.030,0.050,0.030,0.500,0.010,0.010,0.800,0.200,0.350,0.100,1.000,0.100,0.200,0.040,1.000,0.500,0.800,0.300,0.400
Herb,5395,1.000,0.000,0.100,0.120,0.030,0.050,0.030,0.500,0.010,0.010,0.800,0.200,0.350,0.100,1.000,0.100,0.200,0.040,1.000,0.500,0.800,0.300,0.400
Herb,5394,1.000,0.000,0.100,0.120,0.030,0.050,0.030,0.500,0.010,0.010,0.800,0.200,0.350,0.100,1.000,0.100,0.200,0.040,1.000,0.500,0.800,0.300,0.400
Herb,5393,1.000,0.000,0.100,0.120,0.030,0.050,0.030,0.500,0.010,0.010,0.800,0.200,0.350,0.100,1.000,0.100,0.200,0.040,1.000,0.500,0.800,0.300,0.400
Herb,5392,1.000,0.000,0.100,0.120,0.030,0.050,0.030,0.500,0.010,0.010,0.800,0.200,0.350,0.100,1.000,0.100,0.200,0.040,1.000,0.500,0.800,0.300,0.400
Herb,5391,1.000,0.000,0.100,0.120,0.030,0.050,0.030,0.500,0.010,0.010,0.800,0.200,0.350,0.100,1.000,0.100,0.200,0.040,1.000,0.500,0.800,0.300,0.400
Herb,5390,1.000,0.000,0.100,0.120,0.030,0.050,0.030,0.500,0.010,0.010,0.800,0.200,0.350,0.100,1.000,0.100,0.200,0.040,1.000,0.500,0.800,0.300,0.400
Herb,5389,1.000,0.000,0.100,0.120,0.030,0.050,0.030,0.500,0.010,0.010,0.800,0.200,0.350,0.100,1.000,0.100,0.200,0.040,1.000,0.500,0.800,0.300,0.400
Herb,5388,1.000,0.000,0.100,0.120,0.030,0.050,0.030,0.500,0.010,0.010,0.800,0.200,0.350,0.100,1.000,0.100,0.200,0.040,1.000,0.500,0.800,0.300,0.400
Herb,5387,1.000,0.000,0.100,0.120,0.030,0.050,0.030,0.500,0.010,0.010,0.800,0.200,0.350,0.100,1.000,0.100,0.200,0.040,1.000,0.500,0.800,0.300,0.400
Herb,5386,1.000,0.000,0.100,0.120,0.030,0.050,0.030,0.500,0.010,0.010,0.800,0.200,0.350,0.100,1.000,0.100,0.200,0.040,1.000,0.500,0.800,0.300,0.400
Herb,5409,1.000,0.000,0.100,0.120,0.030,0.050,0.030,0.500,0.010,0.010,0.800,0.200,0.350,0.100,1.000,0.100,0.200,0.040,1.000,0.500,0.800,0.300,0.400
Herb,5385,1.000,0.000,0.100,0.120,0.030,0.050,0.030,0.500,0.010,0.010,0.800,0.200,0.350,0.100,1.000,0.100,0.200,0.040,1.000,0.500,0.800,0.300,0.400
Herb,5410,1.000,0.000,0.100,0.120,0.030,0.050,0.030,0.500,0.010,0.010,0.800,0.200,0.350,0.100,1.000,0.100,0.200,0.040,1.000,0.500,0.800,0.300,0.400
Herb,5412,1.000,0.000,0.100,0.120,0.030,0.050,0.030,0.500,0.010,0.010,0.800,0.200,0.350,0.100,1.000,0.100,0.200,0.040,1.000,0.500,0.800,0.300,0.400
Herb,5007,1.000,0.000,0.100,0.120,0.030,0.050,0.030,0.500,0.010,0.010,0.800,0.200,0.350,0.100,1.000,0.100,0.200,0.040,1.000,0.500,0.800,0.300,0.400
Herb,5434,1.000,0.000,0.100,0.120,0.030,0.050,0.030,0.500,0.010,0.010,0.800,0.200,0.350,0.100,1.000,0.100,0.200,0.040,1.000,0.500,0.800,0.300,0.400
Herb,5433,1.000,0.000,0.100,0.120,0.030,0.050,0.030,0.500,0.010,0.010,0.800,0.200,0.350,0.100,1.000,0.100,0.200,0.040,1.000,0.500,0.800,0.300,0.400
Herb,5432,1.000,0.000,0.100,0.120,0.030,0.050,0.030,0.500,0.010,0.010,0.800,0.200,0.350,0.100,1.000,0.100,0.200,0.040,1.000,0.500,0.800,0.300,0.400
Herb,5431,1.000,0.000,0.100,0.120,0.030,0.050,0.030,0.500,0.010,0.010,0.800,0.200,0.350,0.100,1.000,0.100,0.200,0.040,1.000,0.500,0.800,0.300,0.400
Herb,5430,1.000,0.000,0.100,0.120,0.030,0.050,0.030,0.500,0.010,0.010,0.800,0.200,0.350,0.100,1.000,0.100,0.200,0.040,1.000,0.500,0.800,0.300,0.400
Herb,5429,1.000,0.000,0.100,0.120,0.030,0.050,0.030,0.500,0.010,0.010,0.800,0.200,0.350,0.100,1.000,0.100,0.200,0.040,1.000,0.500,0.800,0.300,0.400
Herb,5428,1.000,0.000,0.100,0.120,0.030,0.050,0.030,0.500,0.010,0.010,0.800,0.200,0.350,0.100,1.000,0.100,0.200,0.040,1.000,0.500,0.800,0.300,0.400
Herb,5427,1.000,0.000,0.100,0.120,0.030,0.050,0.030,0.500,0.010,0.010,0.800,0.200,0.350,0.100,1.000,0.100,0.200,0.040,1.000,0.500,0.800,0.300,0.400
Herb,5426,1.000,0.000,0.100,0.120,0.030,0.050,0.030,0.500,0.010,0.010,0.800,0.200,0.350,0.100,1.000,0.100,0.200,0.040,1.000,0.500,0.800,0.300,0.400
Herb,5425,1.000,0.000,0.100,0.120,0.030,0.050,0.030,0.500,0.010,0.010,0.800,0.200,0.350,0.100,1.000,0.100,0.200,0.040,1.000,0.500,0.800,0.300,0.400
Herb,5424,1.000,0.000,0.100,0.120,0.030,0.050,0.030,0.500,0.010,0.010,0.800,0.200,0.350,0.100,1.000,0.100,0.200,0.040,1.000,0.500,0.800,0.300,0.400
Herb,5423,1.000,0.000,0.100,0.120,0.030,0.050,0.030,0.500,0.010,0.010,0.800,0.200,0.350,0.100,1.000,0.100,0.200,0.040,1.000,0.500,0.800,0.300,0.400
Herb,5422,1.000,0.000,0.100,0.120,0.030,0.050,0.030,0.500,0.010,0.010,0.800,0.200,0.350,0.100,1.000,0.100,0.200,0.040,1.000,0.500,0.800,0.300,0.400
Herb,5421,1.000,0.000,0.100,0.120,0.030,0.050,0.030,0.500,0.010,0.010,0.800,0.200,0.350,0.100,1.000,0.100,0.200,0.040,1.000,0.500,0.800,0.300,0.400
Herb,5420,1.000,0.000,0.100,0.120,0.030,0.050,0.030,0.500,0.010,0.010,0.800,0.200,0.350,0.100,1.000,0.100,0.200,0.040,1.000,0.500,0.800,0.300,0.400
Herb,5419,1.000,0.000,0.100,0.120,0.030,0.050,0.030,0.500,0.010,0.010,0.800,0.200,0.350,0.100,1.000,0.100,0.200,0.040,1.000,0.500,0.800,0.300,0.400
Herb,5418,1.000,0.000,0.100,0.120,0.030,0.050,0.030,0.500,0.010,0.010,0.800,0.200,0.350,0.100,1.000,0.100,0.200,0.040,1.000,0.500,0.800,0.300,0.400
Herb,5417,1.000,0.000,0.100,0.120,0.030,0.050,0.030,0.500,0.010,0.010,0.800,0.200,0.350,0.100,1.000,0.100,0.200,0.040,1.000,0.500,0.800,0.300,0.400
Herb,5416,1.000,0.000,0.100,0.120,0.030,0.050,0.030,0.500,0.010,0.010,0.800,0.200,0.350,0.100,1.000,0.100,0.200,0.040,1.000,0.500,0.800,0.300,0.400
Herb,5415,1.000,0.000,0.100,0.120,0.030,0.050,0.030,0.500,0.010,0.010,0.800,0.200,0.350,0.100,1.000,0.100,0.200,0.040,1.000,0.500,0.800,0.300,0.400
Herb,5414,1.000,0.000,0.100,0.120,0.030,0.050,0.030,0.500,0.010,0.010,0.800,0.200,0.350,0.100,1.000,0.100,0.200,0.040,1.000,0.500,0.800,0.300,0.400
Herb,5413,1.000,0.000,0.100,0.120,0.030,0.050,0.030,0.500,0.010,0.010,0.800,0.200,0.350,0.100,1.000,0.100,0.200,0.040,1.000,0.500,0.800,0.300,0.400
Herb,5411,1.000,0.000,0.100,0.120,0.030,0.050,0.030,0.500,0.010,0.010,0.800,0.200,0.350,0.100,1.000,0.100,0.200,0.040,1.000,0.500,0.800,0.300,0.400
Herb,5384,1.000,0.000,0.100,0.120,0.030,0.050,0.030,0.500,0.010,0.010,0.800,0.200,0.350,0.100,1.000,0.100,0.200,0.040,1.000,0.500,0.800,0.300,0.400
Herb,5383,1.000,0.000,0.100,0.120,0.030,0.050,0.030,0.500,0.010,0.010,0.800,0.200,0.350,0.100,1.000,0.100,0.200,0.040,1.000,0.500,0.800,0.300,0.400
Herb,5382,1.000,0.000,0.100,0.120,0.030,0.050,0.030,0.500,0.010,0.010,0.800,0.200,0.350,0.100,1.000,0.100,0.200,0.040,1.000,0.500,0.800,0.300,0.400
Herb,5353,1.000,0.000,0.100,0.120,0.030,0.050,0.030,0.500,0.010,0.010,0.800,0.200,0.350,0.100,1.000,0.100,0.200,0.040,1.000,0.500,0.800,0.300,0.400
Herb,5352,1.000,0.000,0.100,0.120,0.030,0.050,0.030,0.500,0.010,0.010,0.800,0.200,0.350,0.100,1.000,0.100,0.200,0.040,1.000,0.500,0.800,0.300,0.400
Herb,5351,1.000,0.000,0.100,0.120,0.030,0.050,0.030,0.500,0.010,0.010,0.800,0.200,0.350,0.100,1.000,0.100,0.200,0.040,1.000,0.500,0.800,0.300,0.400
Herb,5350,1.000,0.000,0.100,0.120,0.030,0.050,0.030,0.500,0.010,0.010,0.800,0.200,0.350,0.100,1.000,0.100,0.200,0.040,1.000,0.500,0.800,0.300,0.400
Herb,5349,1.000,0.000,0.100,0.120,0.030,0.050,0.030,0.500,0.010,0.010,0.800,0.200,0.350,0.100,1.000,0.100,0.200,0.040,1.000,0.500,0.800,0.300,0.400
Herb,5348,1.000,0.000,0.100,0.120,0.030,0.050,0.030,0.500,0.010,0.010,0.800,0.200,0.350,0.100,1.000,0.100,0.200,0.040,1.000,0.500,0.800,0.300,0.400
Herb,5347,1.000,0.000,0.100,0.120,0.030,0.050,0.030,0.500,0.010,0.010,0.800,0.200,0.350,0.100,1.000,0.100,0.200,0.040,1.000,0.500,0.800,0.300,0.400
Herb,5346,1.000,0.000,0.100,0.120,0.030,0.050,0.030,0.500,0.010,0.010,0.800,0.200,0.350,0.100,1.000,0.100,0.200,0.040,1.000,0.500,0.800,0.300,0.400
Herb,5345,1.000,0.000,0.100,0.120,0.030,0.050,0.030,0.500,0.010,0.010,0.800,0.200,0.350,0.100,1.000,0.100,0.200,0.040,1.000,0.500,0.800,0.300,0.400
Herb,5344,1.000,0.000,0.100,0.120,0.030,0.050,0.030,0.500,0.010,0.010,0.800,0.200,0.350,0.100,1.000,0.100,0.200,0.040,1.000,0.500,0.800,0.300,0.400
Herb,5343,1.000,0.000,0.100,0.120,0.030,0.050,0.030,0.500,0.010,0.010,0.800,0.200,0.350,0.100,1.000,0.100,0.200,0.040,1.000,0.500,0.800,0.300,0.400
Herb,5342,1.000,0.000,0.100,0.120,0.030,0.050,0.030,0.500,0.010,0.010,0.800,0.200,0.350,0.100,1.000,0.100,0.200,0.040,1.000,0.500,0.800,0.300,0.400
Herb,5341,1.000,0.000,0.100,0.120,0.030,0.050,0.030,0.500,0.010,0.010,0.800,0.200,0.350,0.100,1.000,0.100,0.200,0.040,1.000,0.500,0.800,0.300,0.400
Herb,5340,1.000,0.000,0.100,0.120,0.030,0.050,0.030,0.500,0.010,0.010,0.800,0.200,0.350,0.100,1.000,0.100,0.200,0.040,1.000,0.500,0.800,0.300,0.400
Herb,5339,1.000,0.000,0.100,0.120,0.030,0.050,0.030,0.500,0.010,0.010,0.800,0.200,0.350,0.100,1.000,0.100,0.200,0.040,1.000,0.500,0.800,0.300,0.400
Herb,5338,1.000,0.000,0.100,0.120,0.030,0.050,0.030,0.500,0.010,0.010,0.800,0.200,0.350,0.100,1.000,0.100,0.200,0.040,1.000,0.500,0.800,0.300,0.400
Herb,5337,1.000,0.000,0.100,0.120,0.030,0.050,0.030,0.500,0.010,0.010,0.800,0.200,0.350,0.100,1.000,0.100,0.200,0.040,1.000,0.500,0.800,0.300,0.400
Herb,5336,1.000,0.000,0.100,0.120,0.030,0.050,0.030,0.500,0.010,0.010,0.800,0.200,0.350,0.100,1.000,0.100,0.200,0.040,1.000,0.500,0.800,0.300,0.400
Herb,5335,1.000,0.000,0.100,0.120,0.030,0.050,0.030,0.500,0.010,0.010,0.800,0.200,0.350,0.100,1.000,0.100,0.200,0.040,1.000,0.500,0.800,0.300,0.400
Herb,5334,1.000,0.000,0.100,0.120,0.030,0.050,0.030,0.500,0.010,0.010,0.800,0.200,0.350,0.100,1.000,0.100,0.200,0.040,1.000,0.500,0.800,0.300,0.400
Herb,5333,1.000,0.000,0.100,0.120,0.030,0.050,0.030,0.500,0.010,0.010,0.800,0.200,0.350,0.100,1.000,0.100,0.200,0.040,1.000,0.500,0.800,0.300,0.400
Herb,5332,1.000,0.000,0.100,0.120,0.030,0.050,0.030,0.500,0.010,0.010,0.800,0.200,0.350,0.100,1.000,0.100,0.200,0.040,1.000,0.500,0.800,0.300,0.400
Herb,5331,1.000,0.000,0.100,0.120,0.030,0.050,0.030,0.500,0.010,0.010,0.800,0.200,0.350,0.100,1.000,0.100,0.200,0.040,1.000,0.500,0.800,0.300,0.400
Herb,5354,1.000,0.000,0.100,0.120,0.030,0.050,0.030,0.500,0.010,0.010,0.800,0.200,0.350,0.100,1.000,0.100,0.200,0.040,1.000,0.500,0.800,0.300,0.400
Herb,5355,1.000,0.000,0.100,0.120,0.030,0.050,0.030,0.500,0.010,0.010,0.800,0.200,0.350,0.100,1.000,0.100,0.200,0.040,1.000,0.500,0.800,0.300,0.400
Herb,5356,1.000,0.000,0.100,0.120,0.030,0.050,0.030,0.500,0.010,0.010,0.800,0.200,0.350,0.100,1.000,0.100,0.200,0.040,1.000,0.500,0.800,0.300,0.400
Herb,5357,1.000,0.000,0.100,0.120,0.030,0.050,0.030,0.500,0.010,0.010,0.800,0.200,0.350,0.100,1.000,0.100,0.200,0.040,1.000,0.500,0.800,0.300,0.400
Herb,5381,1.000,0.000,0.100,0.120,0.030,0.050,0.030,0.500,0.010,0.010,0.800,0.200,0.350,0.100,1.000,0.100,0.200,0.040,1.000,0.500,0.800,0.300,0.400
Herb,5380,1.000,0.000,0.100,0.120,0.030,0.050,0.030,0.500,0.010,0.010,0.800,0.200,0.350,0.100,1.000,0.100,0.200,0.040,1.000,0.500,0.800,0.300,0.400
Herb,5379,1.000,0.000,0.100,0.120,0.030,0.050,0.030,0.500,0.010,0.010,0.800,0.200,0.350,0.100,1.000,0.100,0.200,0.040,1.000,0.500,0.800,0.300,0.400
Herb,5378,1.000,0.000,0.100,0.120,0.030,0.050,0.030,0.500,0.010,0.010,0.800,0.200,0.350,0.100,1.000,0.100,0.200,0.040,1.000,0.500,0.800,0.300,0.400
Herb,5377,1.000,0.000,0.100,0.120,0.030,0.050,0.030,0.500,0.010,0.010,0.800,0.200,0.350,0.100,1.000,0.100,0.200,0.040,1.000,0.500,0.800,0.300,0.400
Herb,5376,1.000,0.000,0.100,0.120,0.030,0.050,0.030,0.500,0.010,0.010,0.800,0.200,0.350,0.100,1.000,0.100,0.200,0.040,1.000,0.500,0.800,0.300,0.400
Herb,5375,1.000,0.000,0.100,0.120,0.030,0.050,0.030,0.500,0.010,0.010,0.800,0.200,0.350,0.100,1.000,0.100,0.200,0.040,1.000,0.500,0.800,0.300,0.400
Herb,5374,1.000,0.000,0.100,0.120,0.030,0.050,0.030,0.500,0.010,0.010,0.800,0.200,0.350,0.100,1.000,0.100,0.200,0.040,1.000,0.500,0.800,0.300,0.400
Herb,5373,1.000,0.000,0.100,0.120,0.030,0.050,0.030,0.500,0.010,0.010,0.800,0.200,0.350,0.100,1.000,0.100,0.200,0.040,1.000,0.500,0.800,0.300,0.400
Herb,5372,1.000,0.000,0.100,0.120,0.030,0.050,0.030,0.500,0.010,0.010,0.800,0.200,0.350,0.100,1.000,0.100,0.200,0.040,1.000,0.500,0.800,0.300,0.400
Herb,5371,1.000,0.000,0.100,0.120,0.030,0.050,0.030,0.500,0.010,0.010,0.800,0.200,0.350,0.100,1.000,0.100,0.200,0.040,1.000,0.500,0.800,0.300,0.400
Herb,5329,1.000,0.000,0.100,0.120,0.030,0.050,0.030,0.500,0.010,0.010,0.800,0.200,0.350,0.100,1.000,0.100,0.200,0.040,1.000,0.500,0.800,0.300,0.400
Herb,5370,1.000,0.000,0.100,0.120,0.030,0.050,0.030,0.500,0.010,0.010,0.800,0.200,0.350,0.100,1.000,0.100,0.200,0.040,1.000,0.500,0.800,0.300,0.400
Herb,5368,1.000,0.000,0.100,0.120,0.030,0.050,0.030,0.500,0.010,0.010,0.800,0.200,0.350,0.100,1.000,0.100,0.200,0.040,1.000,0.500,0.800,0.300,0.400
Herb,5367,1.000,0.000,0.100,0.120,0.030,0.050,0.030,0.500,0.010,0.010,0.800,0.200,0.350,0.100,1.000,0.100,0.200,0.040,1.000,0.500,0.800,0.300,0.400
Herb,5366,1.000,0.000,0.100,0.120,0.030,0.050,0.030,0.500,0.010,0.010,0.800,0.200,0.350,0.100,1.000,0.100,0.200,0.040,1.000,0.500,0.800,0.300,0.400
Herb,5365,1.000,0.000,0.100,0.120,0.030,0.050,0.030,0.500,0.010,0.010,0.800,0.200,0.350,0.100,1.000,0.100,0.200,0.040,1.000,0.500,0.800,0.300,0.400
Herb,5364,1.000,0.000,0.100,0.120,0.030,0.050,0.030,0.500,0.010,0.010,0.800,0.200,0.350,0.100,1.000,0.100,0.200,0.040,1.000,0.500,0.800,0.300,0.400
Herb,5363,1.000,0.000,0.100,0.120,0.030,0.050,0.030,0.500,0.010,0.010,0.800,0.200,0.350,0.100,1.000,0.100,0.200,0.040,1.000,0.500,0.800,0.300,0.400
Herb,5362,1.000,0.000,0.100,0.120,0.030,0.050,0.030,0.500,0.010,0.010,0.800,0.200,0.350,0.100,1.000,0.100,0.200,0.040,1.000,0.500,0.800,0.300,0.400
Herb,5361,1.000,0.000,0.100,0.120,0.030,0.050,0.030,0.500,0.010,0.010,0.800,0.200,0.350,0.100,1.000,0.100,0.200,0.040,1.000,0.500,0.800,0.300,0.400
Herb,5360,1.000,0.000,0.100,0.120,0.030,0.050,0.030,0.500,0.010,0.010,0.800,0.200,0.350,0.100,1.000,0.100,0.200,0.040,1.000,0.500,0.800,0.300,0.400
Herb,5359,1.000,0.000,0.100,0.120,0.030,0.050,0.030,0.500,0.010,0.010,0.800,0.200,0.350,0.100,1.000,0.100,0.200,0.040,1.000,0.500,0.800,0.300,0.400
Herb,5358,1.000,0.000,0.100,0.120,0.030,0.050,0.030,0.500,0.010,0.010,0.800,0.200,0.350,0.100,1.000,0.100,0.200,0.040,1.000,0.500,0.800,0.300,0.400
Herb,5369,1.000,0.000,0.100,0.120,0.030,0.050,0.030,0.500,0.010,0.010,0.800,0.200,0.350,0.100,1.000,0.100,0.200,0.040,1.000,0.500,0.800,0.300,0.400
Herb,5223,1.000,0.000,0.100,0.120,0.030,0.050,0.030,0.500,0.010,0.010,0.800,0.200,0.350,0.100,1.000,0.100,0.200,0.040,1.000,0.500,0.800,0.300,0.400
Herb,5116,1.000,0.000,0.100,0.120,0.030,0.050,0.030,0.500,0.010,0.010,0.800,0.200,0.350,0.100,1.000,0.100,0.200,0.040,1.000,0.500,0.800,0.300,0.400
Herb,5221,1.000,0.000,0.100,0.120,0.030,0.050,0.030,0.500,0.010,0.010,0.800,0.200,0.350,0.100,1.000,0.100,0.200,0.040,1.000,0.500,0.800,0.300,0.400
Herb,5083,1.000,0.000,0.100,0.120,0.030,0.050,0.030,0.500,0.010,0.010,0.800,0.200,0.350,0.100,1.000,0.100,0.200,0.040,1.000,0.500,0.800,0.300,0.400
Herb,5082,1.000,0.000,0.100,0.120,0.030,0.050,0.030,0.500,0.010,0.010,0.800,0.200,0.350,0.100,1.000,0.100,0.200,0.040,1.000,0.500,0.800,0.300,0.400
Herb,5081,1.000,0.000,0.100,0.120,0.030,0.050,0.030,0.500,0.010,0.010,0.800,0.200,0.350,0.100,1.000,0.100,0.200,0.040,1.000,0.500,0.800,0.300,0.400
Herb,5080,1.000,0.000,0.100,0.120,0.030,0.050,0.030,0.500,0.010,0.010,0.800,0.200,0.350,0.100,1.000,0.100,0.200,0.040,1.000,0.500,0.800,0.300,0.400
Herb,5079,1.000,0.000,0.100,0.120,0.030,0.050,0.030,0.500,0.010,0.010,0.800,0.200,0.350,0.100,1.000,0.100,0.200,0.040,1.000,0.500,0.800,0.300,0.400
Herb,5078,1.000,0.000,0.100,0.120,0.030,0.050,0.030,0.500,0.010,0.010,0.800,0.200,0.350,0.100,1.000,0.100,0.200,0.040,1.000,0.500,0.800,0.300,0.400
Herb,5077,1.000,0.000,0.100,0.120,0.030,0.050,0.030,0.500,0.010,0.010,0.800,0.200,0.350,0.100,1.000,0.100,0.200,0.040,1.000,0.500,0.800,0.300,0.400
Herb,5076,1.000,0.000,0.100,0.120,0.030,0.050,0.030,0.500,0.010,0.010,0.800,0.200,0.350,0.100,1.000,0.100,0.200,0.040,1.000,0.500,0.800,0.300,0.400
Herb,5075,1.000,0.000,0.100,0.120,0.030,0.050,0.030,0.500,0.010,0.010,0.800,0.200,0.350,0.100,1.000,0.100,0.200,0.040,1.000,0.500,0.800,0.300,0.400
Herb,5074,1.000,0.000,0.100,0.120,0.030,0.050,0.030,0.500,0.010,0.010,0.800,0.200,0.350,0.100,1.000,0.100,0.200,0.040,1.000,0.500,0.800,0.300,0.400
Herb,5073,1.000,0.000,0.100,0.120,0.030,0.050,0.030,0.500,0.010,0.010,0.800,0.200,0.350,0.100,1.000,0.100,0.200,0.040,1.000,0.500,0.800,0.300,0.400
Herb,5072,1.000,0.000,0.100,0.120,0.030,0.050,0.030,0.500,0.010,0.010,0.800,0.200,0.350,0.100,1.000,0.100,0.200,0.040,1.000,0.500,0.800,0.300,0.400
Herb,5071,1.000,0.000,0.100,0.120,0.030,0.050,0.030,0.500,0.010,0.010,0.800,0.200,0.350,0.100,1.000,0.100,0.200,0.040,1.000,0.500,0.800,0.300,0.400
Herb,5070,1.000,0.000,0.100,0.120,0.030,0.050,0.030,0.500,0.010,0.010,0.800,0.200,0.350,0.100,1.000,0.100,0.200,0.040,1.000,0.500,0.800,0.300,0.400
Herb,5069,1.000,0.000,0.100,0.120,0.030,0.050,0.030,0.500,0.010,0.010,0.800,0.200,0.350,0.100,1.000,0.100,0.200,0.040,1.000,0.500,0.800,0.300,0.400
Herb,5068,1.000,0.000,0.100,0.120,0.030,0.050,0.030,0.500,0.010,0.010,0.800,0.200,0.350,0.100,1.000,0.100,0.200,0.040,1.000,0.500,0.800,0.300,0.400
Herb,5067,1.000,0.000,0.100,0.120,0.030,0.050,0.030,0.500,0.010,0.010,0.800,0.200,0.350,0.100,1.000,0.100,0.200,0.040,1.000,0.500,0.800,0.300,0.400
Herb,5066,1.000,0.000,0.100,0.120,0.030,0.050,0.030,0.500,0.010,0.010,0.800,0.200,0.350,0.100,1.000,0.100,0.200,0.040,1.000,0.500,0.800,0.300,0.400
Herb,5065,1.000,0.000,0.100,0.120,0.030,0.050,0.030,0.500,0.010,0.010,0.800,0.200,0.350,0.100,1.000,0.100,0.200,0.040,1.000,0.500,0.800,0.300,0.400
Herb,5064,1.000,0.000,0.100,0.120,0.030,0.050,0.030,0.500,0.010,0.010,0.800,0.200,0.350,0.100,1.000,0.100,0.200,0.040,1.000,0.500,0.800,0.300,0.400
Herb,5063,1.000,0.000,0.100,0.120,0.030,0.050,0.030,0.500,0.010,0.010,0.800,0.200,0.350,0.100,1.000,0.100,0.200,0.040,1.000,0.500,0.800,0.300,0.400
Herb,5062,1.000,0.000,0.100,0.120,0.030,0.050,0.030,0.500,0.010,0.010,0.800,0.200,0.350,0.100,1.000,0.100,0.200,0.040,1.000,0.500,0.800,0.300,0.400
Herb,5061,1.000,0.000,0.100,0.120,0.030,0.050,0.030,0.500,0.010,0.010,0.800,0.200,0.350,0.100,1.000,0.100,0.200,0.040,1.000,0.500,0.800,0.300,0.400
Herb,5084,1.000,0.000,0.100,0.120,0.030,0.050,0.030,0.500,0.010,0.010,0.800,0.200,0.350,0.100,1.000,0.100,0.200,0.040,1.000,0.500,0.800,0.300,0.400
Herb,5060,1.000,0.000,0.100,0.120,0.030,0.050,0.030,0.500,0.010,0.010,0.800,0.200,0.350,0.100,1.000,0.100,0.200,0.040,1.000,0.500,0.800,0.300,0.400
Herb,5085,1.000,0.000,0.100,0.120,0.030,0.050,0.030,0.500,0.010,0.010,0.800,0.200,0.350,0.100,1.000,0.100,0.200,0.040,1.000,0.500,0.800,0.300,0.400
Herb,5087,1.000,0.000,0.100,0.120,0.030,0.050,0.030,0.500,0.010,0.010,0.800,0.200,0.350,0.100,1.000,0.100,0.200,0.040,1.000,0.500,0.800,0.300,0.400
Herb,5110,1.000,0.000,0.100,0.120,0.030,0.050,0.030,0.500,0.010,0.010,0.800,0.200,0.350,0.100,1.000,0.100,0.200,0.040,1.000,0.500,0.800,0.300,0.400
Herb,5109,1.000,0.000,0.100,0.120,0.030,0.050,0.030,0.500,0.010,0.010,0.800,0.200,0.350,0.100,1.000,0.100,0.200,0.040,1.000,0.500,0.800,0.300,0.400
Herb,5108,1.000,0.000,0.100,0.120,0.030,0.050,0.030,0.500,0.010,0.010,0.800,0.200,0.350,0.100,1.000,0.100,0.200,0.040,1.000,0.500,0.800,0.300,0.400
Herb,5107,1.000,0.000,0.100,0.120,0.030,0.050,0.030,0.500,0.010,0.010,0.800,0.200,0.350,0.100,1.000,0.100,0.200,0.040,1.000,0.500,0.800,0.300,0.400
Herb,5106,1.000,0.000,0.100,0.120,0.030,0.050,0.030,0.500,0.010,0.010,0.800,0.200,0.350,0.100,1.000,0.100,0.200,0.040,1.000,0.500,0.800,0.300,0.400
Herb,5105,1.000,0.000,0.100,0.120,0.030,0.050,0.030,0.500,0.010,0.010,0.800,0.200,0.350,0.100,1.000,0.100,0.200,0.040,1.000,0.500,0.800,0.300,0.400
Herb,5104,1.000,0.000,0.100,0.120,0.030,0.050,0.030,0.500,0.010,0.010,0.800,0.200,0.350,0.100,1.000,0.100,0.200,0.040,1.000,0.500,0.800,0.300,0.400
Herb,5103,1.000,0.000,0.100,0.120,0.030,0.050,0.030,0.500,0.010,0.010,0.800,0.200,0.350,0.100,1.000,0.100,0.200,0.040,1.000,0.500,0.800,0.300,0.400
Herb,5102,1.000,0.000,0.100,0.120,0.030,0.050,0.030,0.500,0.010,0.010,0.800,0.200,0.350,0.100,1.000,0.100,0.200,0.040,1.000,0.500,0.800,0.300,0.400
Herb,5101,1.000,0.000,0.100,0.120,0.030,0.050,0.030,0.500,0.010,0.010,0.800,0.200,0.350,0.100,1.000,0.100,0.200,0.040,1.000,0.500,0.800,0.300,0.400
Herb,5100,1.000,0.000,0.100,0.120,0.030,0.050,0.030,0.500,0.010,0.010,0.800,0.200,0.350,0.100,1.000,0.100,0.200,0.040,1.000,0.500,0.800,0.300,0.400
Herb,5099,1.000,0.000,0.100,0.120,0.030,0.050,0.030,0.500,0.010,0.010,0.800,0.200,0.350,0.100,1.000,0.100,0.200,0.040,1.000,0.500,0.800,0.300,0.400
Herb,5098,1.000,0.000,0.100,0.120,0.030,0.050,0.030,0.500,0.010,0.010,0.800,0.200,0.350,0.100,1.000,0.100,0.200,0.040,1.000,0.500,0.800,0.300,0.400
Herb,5097,1.000,0.000,0.100,0.120,0.030,0.050,0.030,0.500,0.010,0.010,0.800,0.200,0.350,0.100,1.000,0.100,0.200,0.040,1.000,0.500,0.800,0.300,0.400
Herb,5096,1.000,0.000,0.100,0.120,0.030,0.050,0.030,0.500,0.010,0.010,0.800,0.200,0.350,0.100,1.000,0.100,0.200,0.040,1.000,0.500,0.800,0.300,0.400
Herb,5095,1.000,0.000,0.100,0.120,0.030,0.050,0.030,0.500,0.010,0.010,0.800,0.200,0.350,0.100,1.000,0.100,0.200,0.040,1.000,0.500,0.800,0.300,0.400
Herb,5094,1.000,0.000,0.100,0.120,0.030,0.050,0.030,0.500,0.010,0.010,0.800,0.200,0.350,0.100,1.000,0.100,0.200,0.040,1.000,0.500,0.800,0.300,0.400
Herb,5093,1.000,0.000,0.100,0.120,0.030,0.050,0.030,0.500,0.010,0.010,0.800,0.200,0.350,0.100,1.000,0.100,0.200,0.040,1.000,0.500,0.800,0.300,0.400
Herb,5092,1.000,0.000,0.100,0.120,0.030,0.050,0.030,0.500,0.010,0.010,0.800,0.200,0.350,0.100,1.000,0.100,0.200,0.040,1.000,0.500,0.800,0.300,0.400
Herb,5091,1.000,0.000,0.100,0.120,0.030,0.050,0.030,0.500,0.010,0.010,0.800,0.200,0.350,0.100,1.000,0.100,0.200,0.040,1.000,0.500,0.800,0.300,0.400
Herb,5090,1.000,0.000,0.100,0.120,0.030,0.050,0.030,0.500,0.010,0.010,0.800,0.200,0.350,0.100,1.000,0.100,0.200,0.040,1.000,0.500,0.800,0.300,0.400
Herb,5089,1.000,0.000,0.100,0.120,0.030,0.050,0.030,0.500,0.010,0.010,0.800,0.200,0.350,0.100,1.000,0.100,0.200,0.040,1.000,0.500,0.800,0.300,0.400
Herb,5088,1.000,0.000,0.100,0.120,0.030,0.050,0.030,0.500,0.010,0.010,0.800,0.200,0.350,0.100,1.000,0.100,0.200,0.040,1.000,0.500,0.800,0.300,0.400
Herb,5086,1.000,0.000,0.100,0.120,0.030,0.050,0.030,0.500,0.010,0.010,0.800,0.200,0.350,0.100,1.000,0.100,0.200,0.040,1.000,0.500,0.800,0.300,0.400
Herb,5111,1.000,0.000,0.100,0.120,0.030,0.050,0.030,0.500,0.010,0.010,0.800,0.200,0.350,0.100,1.000,0.100,0.200,0.040,1.000,0.500,0.800,0.300,0.400
Herb,5059,1.000,0.000,0.100,0.120,0.030,0.050,0.030,0.500,0.010,0.010,0.800,0.200,0.350,0.100,1.000,0.100,0.200,0.040,1.000,0.500,0.800,0.300,0.400
Herb,5057,1.000,0.000,0.100,0.120,0.030,0.050,0.030,0.500,0.010,0.010,0.800,0.200,0.350,0.100,1.000,0.100,0.200,0.040,1.000,0.500,0.800,0.300,0.400
Herb,5029,1.000,0.000,0.100,0.120,0.030,0.050,0.030,0.500,0.010,0.010,0.800,0.200,0.350,0.100,1.000,0.100,0.200,0.040,1.000,0.500,0.800,0.300,0.400
Herb,5028,1.000,0.000,0.100,0.120,0.030,0.050,0.030,0.500,0.010,0.010,0.800,0.200,0.350,0.100,1.000,0.100,0.200,0.040,1.000,0.500,0.800,0.300,0.400
Herb,5027,1.000,0.000,0.100,0.120,0.030,0.050,0.030,0.500,0.010,0.010,0.800,0.200,0.350,0.100,1.000,0.100,0.200,0.040,1.000,0.500,0.800,0.300,0.400
Herb,5026,1.000,0.000,0.100,0.120,0.030,0.050,0.030,0.500,0.010,0.010,0.800,0.200,0.350,0.100,1.000,0.100,0.200,0.040,1.000,0.500,0.800,0.300,0.400
Herb,5025,1.000,0.000,0.100,0.120,0.030,0.050,0.030,0.500,0.010,0.010,0.800,0.200,0.350,0.100,1.000,0.100,0.200,0.040,1.000,0.500,0.800,0.300,0.400
Herb,5024,1.000,0.000,0.100,0.120,0.030,0.050,0.030,0.500,0.010,0.010,0.800,0.200,0.350,0.100,1.000,0.100,0.200,0.040,1.000,0.500,0.800,0.300,0.400
Herb,5023,1.000,0.000,0.100,0.120,0.030,0.050,0.030,0.500,0.010,0.010,0.800,0.200,0.350,0.100,1.000,0.100,0.200,0.040,1.000,0.500,0.800,0.300,0.400
Herb,5022,1.000,0.000,0.100,0.120,0.030,0.050,0.030,0.500,0.010,0.010,0.800,0.200,0.350,0.100,1.000,0.100,0.200,0.040,1.000,0.500,0.800,0.300,0.400
Herb,5021,1.000,0.000,0.100,0.120,0.030,0.050,0.030,0.500,0.010,0.010,0.800,0.200,0.350,0.100,1.000,0.100,0.200,0.040,1.000,0.500,0.800,0.300,0.400
Herb,5020,1.000,0.000,0.100,0.120,0.030,0.050,0.030,0.500,0.010,0.010,0.800,0.200,0.350,0.100,1.000,0.100,0.200,0.040,1.000,0.500,0.800,0.300,0.400
Herb,5019,1.000,0.000,0.100,0.120,0.030,0.050,0.030,0.500,0.010,0.010,0.800,0.200,0.350,0.100,1.000,0.100,0.200,0.040,1.000,0.500,0.800,0.300,0.400
Herb,5018,1.000,0.000,0.100,0.120,0.030,0.050,0.030,0.500,0.010,0.010,0.800,0.200,0.350,0.100,1.000,0.100,0.200,0.040,1.000,0.500,0.800,0.300,0.400
Herb,5017,1.000,0.000,0.100,0.120,0.030,0.050,0.030,0.500,0.010,0.010,0.800,0.200,0.350,0.100,1.000,0.100,0.200,0.040,1.000,0.500,0.800,0.300,0.400
Herb,5016,1.000,0.000,0.100,0.120,0.030,0.050,0.030,0.500,0.010,0.010,0.800,0.200,0.350,0.100,1.000,0.100,0.200,0.040,1.000,0.500,0.800,0.300,0.400
Herb,5015,1.000,0.000,0.100,0.120,0.030,0.050,0.030,0.500,0.010,0.010,0.800,0.200,0.350,0.100,1.000,0.100,0.200,0.040,1.000,0.500,0.800,0.300,0.400
Herb,5014,1.000,0.000,0.100,0.120,0.030,0.050,0.030,0.500,0.010,0.010,0.800,0.200,0.350,0.100,1.000,0.100,0.200,0.040,1.000,0.500,0.800,0.300,0.400
Herb,5013,1.000,0.000,0.100,0.120,0.030,0.050,0.030,0.500,0.010,0.010,0.800,0.200,0.350,0.100,1.000,0.100,0.200,0.040,1.000,0.500,0.800,0.300,0.400
Herb,5012,1.000,0.000,0.100,0.120,0.030,0.050,0.030,0.500,0.010,0.010,0.800,0.200,0.350,0.100,1.000,0.100,0.200,0.040,1.000,0.500,0.800,0.300,0.400
Herb,5011,1.000,0.000,0.100,0.120,0.030,0.050,0.030,0.500,0.010,0.010,0.800,0.200,0.350,0.100,1.000,0.100,0.200,0.040,1.000,0.500,0.800,0.300,0.400
Herb,5010,1.000,0.000,0.100,0.120,0.030,0.050,0.030,0.500,0.010,0.010,0.800,0.200,0.350,0.100,1.000,0.100,0.200,0.040,1.000,0.500,0.800,0.300,0.400
Herb,5009,1.000,0.000,0.100,0.120,0.030,0.050,0.030,0.500,0.010,0.010,0.800,0.200,0.350,0.100,1.000,0.100,0.200,0.040,1.000,0.500,0.800,0.300,0.400
Herb,5008,1.000,0.000,0.100,0.120,0.030,0.050,0.030,0.500,0.010,0.010,0.800,0.200,0.350,0.100,1.000,0.100,0.200,0.040,1.000,0.500,0.800,0.300,0.400
Herb,5436,1.000,0.000,0.100,0.120,0.030,0.050,0.030,0.500,0.010,0.010,0.800,0.200,0.350,0.100,1.000,0.100,0.200,0.040,1.000,0.500,0.800,0.300,0.400
Herb,5030,1.000,0.000,0.100,0.120,0.030,0.050,0.030,0.500,0.010,0.010,0.800,0.200,0.350,0.100,1.000,0.100,0.200,0.040,1.000,0.500,0.800,0.300,0.400
Herb,5058,1.000,0.000,0.100,0.120,0.030,0.050,0.030,0.500,0.010,0.010,0.800,0.200,0.350,0.100,1.000,0.100,0.200,0.040,1.000,0.500,0.800,0.300,0.400
Herb,5031,1.000,0.000,0.100,0.120,0.030,0.050,0.030,0.500,0.010,0.010,0.800,0.200,0.350,0.100,1.000,0.100,0.200,0.040,1.000,0.500,0.800,0.300,0.400
Herb,5033,1.000,0.000,0.100,0.120,0.030,0.050,0.030,0.500,0.010,0.010,0.800,0.200,0.350,0.100,1.000,0.100,0.200,0.040,1.000,0.500,0.800,0.300,0.400
Herb,5056,1.000,0.000,0.100,0.120,0.030,0.050,0.030,0.500,0.010,0.010,0.800,0.200,0.350,0.100,1.000,0.100,0.200,0.040,1.000,0.500,0.800,0.300,0.400
Herb,5055,1.000,0.000,0.100,0.120,0.030,0.050,0.030,0.500,0.010,0.010,0.800,0.200,0.350,0.100,1.000,0.100,0.200,0.040,1.000,0.500,0.800,0.300,0.400
Herb,5054,1.000,0.000,0.100,0.120,0.030,0.050,0.030,0.500,0.010,0.010,0.800,0.200,0.350,0.100,1.000,0.100,0.200,0.040,1.000,0.500,0.800,0.300,0.400
Herb,5053,1.000,0.000,0.100,0.120,0.030,0.050,0.030,0.500,0.010,0.010,0.800,0.200,0.350,0.100,1.000,0.100,0.200,0.040,1.000,0.500,0.800,0.300,0.400
Herb,5052,1.000,0.000,0.100,0.120,0.030,0.050,0.030,0.500,0.010,0.010,0.800,0.200,0.350,0.100,1.000,0.100,0.200,0.040,1.000,0.500,0.800,0.300,0.400
Herb,5051,1.000,0.000,0.100,0.120,0.030,0.050,0.030,0.500,0.010,0.010,0.800,0.200,0.350,0.100,1.000,0.100,0.200,0.040,1.000,0.500,0.800,0.300,0.400
Herb,5050,1.000,0.000,0.100,0.120,0.030,0.050,0.030,0.500,0.010,0.010,0.800,0.200,0.350,0.100,1.000,0.100,0.200,0.040,1.000,0.500,0.800,0.300,0.400
Herb,5049,1.000,0.000,0.100,0.120,0.030,0.050,0.030,0.500,0.010,0.010,0.800,0.200,0.350,0.100,1.000,0.100,0.200,0.040,1.000,0.500,0.800,0.300,0.400
Herb,5048,1.000,0.000,0.100,0.120,0.030,0.050,0.030,0.500,0.010,0.010,0.800,0.200,0.350,0.100,1.000,0.100,0.200,0.040,1.000,0.500,0.800,0.300,0.400
Herb,5047,1.000,0.000,0.100,0.120,0.030,0.050,0.030,0.500,0.010,0.010,0.800,0.200,0.350,0.100,1.000,0.100,0.200,0.040,1.000,0.500,0.800,0.300,0.400
Herb,5046,1.000,0.000,0.100,0.120,0.030,0.050,0.030,0.500,0.010,0.010,0.800,0.200,0.350,0.100,1.000,0.100,0.200,0.040,1.000,0.500,0.800,0.300,0.400
Herb,5045,1.000,0.000,0.100,0.120,0.030,0.050,0.030,0.500,0.010,0.010,0.800,0.200,0.350,0.100,1.000,0.100,0.200,0.040,1.000,0.500,0.800,0.300,0.400
Herb,5044,1.000,0.000,0.100,0.120,0.030,0.050,0.030,0.500,0.010,0.010,0.800,0.200,0.350,0.100,1.000,0.100,0.200,0.040,1.000,0.500,0.800,0.300,0.400
Herb,5043,1.000,0.000,0.100,0.120,0.030,0.050,0.030,0.500,0.010,0.010,0.800,0.200,0.350,0.100,1.000,0.100,0.200,0.040,1.000,0.500,0.800,0.300,0.400
Herb,5042,1.000,0.000,0.100,0.120,0.030,0.050,0.030,0.500,0.010,0.010,0.800,0.200,0.350,0.100,1.000,0.100,0.200,0.040,1.000,0.500,0.800,0.300,0.400
Herb,5041,1.000,0.000,0.100,0.120,0.030,0.050,0.030,0.500,0.010,0.010,0.800,0.200,0.350,0.100,1.000,0.100,0.200,0.040,1.000,0.500,0.800,0.300,0.400
Herb,5040,1.000,0.000,0.100,0.120,0.030,0.050,0.030,0.500,0.010,0.010,0.800,0.200,0.350,0.100,1.000,0.100,0.200,0.040,1.000,0.500,0.800,0.300,0.400
Herb,5039,1.000,0.000,0.100,0.120,0.030,0.050,0.030,0.500,0.010,0.010,0.800,0.200,0.350,0.100,1.000,0.100,0.200,0.040,1.000,0.500,0.800,0.300,0.400
Herb,5038,1.000,0.000,0.100,0.120,0.030,0.050,0.030,0.500,0.010,0.010,0.800,0.200,0.350,0.100,1.000,0.100,0.200,0.040,1.000,0.500,0.800,0.300,0.400
Herb,5037,1.000,0.000,0.100,0.120,0.030,0.050,0.030,0.500,0.010,0.010,0.800,0.200,0.350,0.100,1.000,0.100,0.200,0.040,1.000,0.500,0.800,0.300,0.400
Herb,5036,1.000,0.000,0.100,0.120,0.030,0.050,0.030,0.500,0.010,0.010,0.800,0.200,0.350,0.100,1.000,0.100,0.200,0.040,1.000,0.500,0.800,0.300,0.400
Herb,5035,1.000,0.000,0.100,0.120,0.030,0.050,0.030,0.500,0.010,0.010,0.800,0.200,0.350,0.100,1.000,0.100,0.200,0.040,1.000,0.500,0.800,0.300,0.400
Herb,5034,1.000,0.000,0.100,0.120,0.030,0.050,0.030,0.500,0.010,0.010,0.800,0.200,0.350,0.100,1.000,0.100,0.200,0.040,1.000,0.500,0.800,0.300,0.400
Herb,5032,1.000,0.000,0.100,0.120,0.030,0.050,0.030,0.500,0.010,0.010,0.800,0.200,0.350,0.100,1.000,0.100,0.200,0.040,1.000,0.500,0.800,0.300,0.400
Herb,5112,1.000,0.000,0.100,0.120,0.030,0.050,0.030,0.500,0.010,0.010,0.800,0.200,0.350,0.100,1.000,0.100,0.200,0.040,1.000,0.500,0.800,0.300,0.400
Herb,5113,1.000,0.000,0.100,0.120,0.030,0.050,0.030,0.500,0.010,0.010,0.800,0.200,0.350,0.100,1.000,0.100,0.200,0.040,1.000,0.500,0.800,0.300,0.400
Herb,5114,1.000,0.000,0.100,0.120,0.030,0.050,0.030,0.500,0.010,0.010,0.800,0.200,0.350,0.100,1.000,0.100,0.200,0.040,1.000,0.500,0.800,0.300,0.400
Herb,5193,1.000,0.000,0.100,0.120,0.030,0.050,0.030,0.500,0.010,0.010,0.800,0.200,0.350,0.100,1.000,0.100,0.200,0.040,1.000,0.500,0.800,0.300,0.400
Herb,5192,1.000,0.000,0.100,0.120,0.030,0.050,0.030,0.500,0.010,0.010,0.800,0.200,0.350,0.100,1.000,0.100,0.200,0.040,1.000,0.500,0.800,0.300,0.400
Herb,5191,1.000,0.000,0.100,0.120,0.030,0.050,0.030,0.500,0.010,0.010,0.800,0.200,0.350,0.100,1.000,0.100,0.200,0.040,1.000,0.500,0.800,0.300,0.400
Herb,5190,1.000,0.000,0.100,0.120,0.030,0.050,0.030,0.500,0.010,0.010,0.800,0.200,0.350,0.100,1.000,0.100,0.200,0.040,1.000,0.500,0.800,0.300,0.400
Herb,5189,1.000,0.000,0.100,0.120,0.030,0.050,0.030,0.500,0.010,0.010,0.800,0.200,0.350,0.100,1.000,0.100,0.200,0.040,1.000,0.500,0.800,0.300,0.400
Herb,5188,1.000,0.000,0.100,0.120,0.030,0.050,0.030,0.500,0.010,0.010,0.800,0.200,0.350,0.100,1.000,0.100,0.200,0.040,1.000,0.500,0.800,0.300,0.400
Herb,5187,1.000,0.000,0.100,0.120,0.030,0.050,0.030,0.500,0.010,0.010,0.800,0.200,0.350,0.100,1.000,0.100,0.200,0.040,1.000,0.500,0.800,0.300,0.400
Herb,5186,1.000,0.000,0.100,0.120,0.030,0.050,0.030,0.500,0.010,0.010,0.800,0.200,0.350,0.100,1.000,0.100,0.200,0.040,1.000,0.500,0.800,0.300,0.400
Herb,5185,1.000,0.000,0.100,0.120,0.030,0.050,0.030,0.500,0.010,0.010,0.800,0.200,0.350,0.100,1.000,0.100,0.200,0.040,1.000,0.500,0.800,0.300,0.400
Herb,5184,1.000,0.000,0.100,0.120,0.030,0.050,0.030,0.500,0.010,0.010,0.800,0.200,0.350,0.100,1.000,0.100,0.200,0.040,1.000,0.500,0.800,0.300,0.400
Herb,5183,1.000,0.000,0.100,0.120,0.030,0.050,0.030,0.500,0.010,0.010,0.800,0.200,0.350,0.100,1.000,0.100,0.200,0.040,1.000,0.500,0.800,0.300,0.400
Herb,5182,1.000,0.000,0.100,0.120,0.030,0.050,0.030,0.500,0.010,0.010,0.800,0.200,0.350,0.100,1.000,0.100,0.200,0.040,1.000,0.500,0.800,0.300,0.400
Herb,5181,1.000,0.000,0.100,0.120,0.030,0.050,0.030,0.500,0.010,0.010,0.800,0.200,0.350,0.100,1.000,0.100,0.200,0.040,1.000,0.500,0.800,0.300,0.400
Herb,5180,1.000,0.000,0.100,0.120,0.030,0.050,0.030,0.500,0.010,0.010,0.800,0.200,0.350,0.100,1.000,0.100,0.200,0.040,1.000,0.500,0.800,0.300,0.400
Herb,5179,1.000,0.000,0.100,0.120,0.030,0.050,0.030,0.500,0.010,0.010,0.800,0.200,0.350,0.100,1.000,0.100,0.200,0.040,1.000,0.500,0.800,0.300,0.400
Herb,5178,1.000,0.000,0.100,0.120,0.030,0.050,0.030,0.500,0.010,0.010,0.800,0.200,0.350,0.100,1.000,0.100,0.200,0.040,1.000,0.500,0.800,0.300,0.400
Herb,5177,1.000,0.000,0.100,0.120,0.030,0.050,0.030,0.500,0.010,0.010,0.800,0.200,0.350,0.100,1.000,0.100,0.200,0.040,1.000,0.500,0.800,0.300,0.400
Herb,5176,1.000,0.000,0.100,0.120,0.030,0.050,0.030,0.500,0.010,0.010,0.800,0.200,0.350,0.100,1.000,0.100,0.200,0.040,1.000,0.500,0.800,0.300,0.400
Herb,5175,1.000,0.000,0.100,0.120,0.030,0.050,0.030,0.500,0.010,0.010,0.800,0.200,0.350,0.100,1.000,0.100,0.200,0.040,1.000,0.500,0.800,0.300,0.400
Herb,5174,1.000,0.000,0.100,0.120,0.030,0.050,0.030,0.500,0.010,0.010,0.800,0.200,0.350,0.100,1.000,0.100,0.200,0.040,1.000,0.500,0.800,0.300,0.400
Herb,5173,1.000,0.000,0.100,0.120,0.030,0.050,0.030,0.500,0.010,0.010,0.800,0.200,0.350,0.100,1.000,0.100,0.200,0.040,1.000,0.500,0.800,0.300,0.400
Herb,5172,1.000,0.000,0.100,0.120,0.030,0.050,0.030,0.500,0.010,0.010,0.800,0.200,0.350,0.100,1.000,0.100,0.200,0.040,1.000,0.500,0.800,0.300,0.400
Herb,5171,1.000,0.000,0.100,0.120,0.030,0.050,0.030,0.500,0.010,0.010,0.800,0.200,0.350,0.100,1.000,0.100,0.200,0.040,1.000,0.500,0.800,0.300,0.400
Herb,5194,1.000,0.000,0.100,0.120,0.030,0.050,0.030,0.500,0.010,0.010,0.800,0.200,0.350,0.100,1.000,0.100,0.200,0.040,1.000,0.500,0.800,0.300,0.400
Herb,5170,1.000,0.000,0.100,0.120,0.030,0.050,0.030,0.500,0.010,0.010,0.800,0.200,0.350,0.100,1.000,0.100,0.200,0.040,1.000,0.500,0.800,0.300,0.400
Herb,5195,1.000,0.000,0.100,0.120,0.030,0.050,0.030,0.500,0.010,0.010,0.800,0.200,0.350,0.100,1.000,0.100,0.200,0.040,1.000,0.500,0.800,0.300,0.400
Herb,5197,1.000,0.000,0.100,0.120,0.030,0.050,0.030,0.500,0.010,0.010,0.800,0.200,0.350,0.100,1.000,0.100,0.200,0.040,1.000,0.500,0.800,0.300,0.400
Herb,5220,1.000,0.000,0.100,0.120,0.030,0.050,0.030,0.500,0.010,0.010,0.800,0.200,0.350,0.100,1.000,0.100,0.200,0.040,1.000,0.500,0.800,0.300,0.400
Herb,5219,1.000,0.000,0.100,0.120,0.030,0.050,0.030,0.500,0.010,0.010,0.800,0.200,0.350,0.100,1.000,0.100,0.200,0.040,1.000,0.500,0.800,0.300,0.400
Herb,5218,1.000,0.000,0.100,0.120,0.030,0.050,0.030,0.500,0.010,0.010,0.800,0.200,0.350,0.100,1.000,0.100,0.200,0.040,1.000,0.500,0.800,0.300,0.400
Herb,5217,1.000,0.000,0.100,0.120,0.030,0.050,0.030,0.500,0.010,0.010,0.800,0.200,0.350,0.100,1.000,0.100,0.200,0.040,1.000,0.500,0.800,0.300,0.400
Herb,5216,1.000,0.000,0.100,0.120,0.030,0.050,0.030,0.500,0.010,0.010,0.800,0.200,0.350,0.100,1.000,0.100,0.200,0.040,1.000,0.500,0.800,0.300,0.400
Herb,5215,1.000,0.000,0.100,0.120,0.030,0.050,0.030,0.500,0.010,0.010,0.800,0.200,0.350,0.100,1.000,0.100,0.200,0.040,1.000,0.500,0.800,0.300,0.400
Herb,5214,1.000,0.000,0.100,0.120,0.030,0.050,0.030,0.500,0.010,0.010,0.800,0.200,0.350,0.100,1.000,0.100,0.200,0.040,1.000,0.500,0.800,0.300,0.400
Herb,5213,1.000,0.000,0.100,0.120,0.030,0.050,0.030,0.500,0.010,0.010,0.800,0.200,0.350,0.100,1.000,0.100,0.200,0.040,1.000,0.500,0.800,0.300,0.400
Herb,5212,1.000,0.000,0.100,0.120,0.030,0.050,0.030,0.500,0.010,0.010,0.800,0.200,0.350,0.100,1.000,0.100,0.200,0.040,1.000,0.500,0.800,0.300,0.400
Herb,5211,1.000,0.000,0.100,0.120,0.030,0.050,0.030,0.500,0.010,0.010,0.800,0.200,0.350,0.100,1.000,0.100,0.200,0.040,1.000,0.500,0.800,0.300,0.400
Herb,5210,1.000,0.000,0.100,0.120,0.030,0.050,0.030,0.500,0.010,0.010,0.800,0.200,0.350,0.100,1.000,0.100,0.200,0.040,1.000,0.500,0.800,0.300,0.400
Herb,5209,1.000,0.000,0.100,0.120,0.030,0.050,0.030,0.500,0.010,0.010,0.800,0.200,0.350,0.100,1.000,0.100,0.200,0.040,1.000,0.500,0.800,0.300,0.400
Herb,5208,1.000,0.000,0.100,0.120,0.030,0.050,0.030,0.500,0.010,0.010,0.800,0.200,0.350,0.100,1.000,0.100,0.200,0.040,1.000,0.500,0.800,0.300,0.400
Herb,5207,1.000,0.000,0.100,0.120,0.030,0.050,0.030,0.500,0.010,0.010,0.800,0.200,0.350,0.100,1.000,0.100,0.200,0.040,1.000,0.500,0.800,0.300,0.400
Herb,5206,1.000,0.000,0.100,0.120,0.030,0.050,0.030,0.500,0.010,0.010,0.800,0.200,0.350,0.100,1.000,0.100,0.200,0.040,1.000,0.500,0.800,0.300,0.400
Herb,5205,1.000,0.000,0.100,0.120,0.030,0.050,0.030,0.500,0.010,0.010,0.800,0.200,0.350,0.100,1.000,0.100,0.200,0.040,1.000,0.500,0.800,0.300,0.400
Herb,5204,1.000,0.000,0.100,0.120,0.030,0.050,0.030,0.500,0.010,0.010,0.800,0.200,0.350,0.100,1.000,0.100,0.200,0.040,1.000,0.500,0.800,0.300,0.400
Herb,5203,1.000,0.000,0.100,0.120,0.030,0.050,0.030,0.500,0.010,0.010,0.800,0.200,0.350,0.100,1.000,0.100,0.200,0.040,1.000,0.500,0.800,0.300,0.400
Herb,5202,1.000,0.000,0.100,0.120,0.030,0.050,0.030,0.500,0.010,0.010,0.800,0.200,0.350,0.100,1.000,0.100,0.200,0.040,1.000,0.500,0.800,0.300,0.400
Herb,5201,1.000,0.000,0.100,0.120,0.030,0.050,0.030,0.500,0.010,0.010,0.800,0.200,0.350,0.100,1.000,0.100,0.200,0.040,1.000,0.500,0.800,0.300,0.400
Herb,5200,1.000,0.000,0.100,0.120,0.030,0.050,0.030,0.500,0.010,0.010,0.800,0.200,0.350,0.100,1.000,0.100,0.200,0.040,1.000,0.500,0.800,0.300,0.400
Herb,5199,1.000,0.000,0.100,0.120,0.030,0.050,0.030,0.500,0.010,0.010,0.800,0.200,0.350,0.100,1.000,0.100,0.200,0.040,1.000,0.500,0.800,0.300,0.400
Herb,5198,1.000,0.000,0.100,0.120,0.030,0.050,0.030,0.500,0.010,0.010,0.800,0.200,0.350,0.100,1.000,0.100,0.200,0.040,1.000,0.500,0.800,0.300,0.400
Herb,5196,1.000,0.000,0.100,0.120,0.030,0.050,0.030,0.500,0.010,0.010,0.800,0.200,0.350,0.100,1.000,0.100,0.200,0.040,1.000,0.500,0.800,0.300,0.400
Herb,5169,1.000,0.000,0.100,0.120,0.030,0.050,0.030,0.500,0.010,0.010,0.800,0.200,0.350,0.100,1.000,0.100,0.200,0.040,1.000,0.500,0.800,0.300,0.400
Herb,5168,1.000,0.000,0.100,0.120,0.030,0.050,0.030,0.500,0.010,0.010,0.800,0.200,0.350,0.100,1.000,0.100,0.200,0.040,1.000,0.500,0.800,0.300,0.400
Herb,5167,1.000,0.000,0.100,0.120,0.030,0.050,0.030,0.500,0.010,0.010,0.800,0.200,0.350,0.100,1.000,0.100,0.200,0.040,1.000,0.500,0.800,0.300,0.400
Herb,5138,1.000,0.000,0.100,0.120,0.030,0.050,0.030,0.500,0.010,0.010,0.800,0.200,0.350,0.100,1.000,0.100,0.200,0.040,1.000,0.500,0.800,0.300,0.400
Herb,5137,1.000,0.000,0.100,0.120,0.030,0.050,0.030,0.500,0.010,0.010,0.800,0.200,0.350,0.100,1.000,0.100,0.200,0.040,1.000,0.500,0.800,0.300,0.400
Herb,5136,1.000,0.000,0.100,0.120,0.030,0.050,0.030,0.500,0.010,0.010,0.800,0.200,0.350,0.100,1.000,0.100,0.200,0.040,1.000,0.500,0.800,0.300,0.400
Herb,5135,1.000,0.000,0.100,0.120,0.030,0.050,0.030,0.500,0.010,0.010,0.800,0.200,0.350,0.100,1.000,0.100,0.200,0.040,1.000,0.500,0.800,0.300,0.400
Herb,5134,1.000,0.000,0.100,0.120,0.030,0.050,0.030,0.500,0.010,0.010,0.800,0.200,0.350,0.100,1.000,0.100,0.200,0.040,1.000,0.500,0.800,0.300,0.400
Herb,5133,1.000,0.000,0.100,0.120,0.030,0.050,0.030,0.500,0.010,0.010,0.800,0.200,0.350,0.100,1.000,0.100,0.200,0.040,1.000,0.500,0.800,0.300,0.400
Herb,5132,1.000,0.000,0.100,0.120,0.030,0.050,0.030,0.500,0.010,0.010,0.800,0.200,0.350,0.100,1.000,0.100,0.200,0.040,1.000,0.500,0.800,0.300,0.400
Herb,5131,1.000,0.000,0.100,0.120,0.030,0.050,0.030,0.500,0.010,0.010,0.800,0.200,0.350,0.100,1.000,0.100,0.200,0.040,1.000,0.500,0.800,0.300,0.400
Herb,5130,1.000,0.000,0.100,0.120,0.030,0.050,0.030,0.500,0.010,0.010,0.800,0.200,0.350,0.100,1.000,0.100,0.200,0.040,1.000,0.500,0.800,0.300,0.400
Herb,5129,1.000,0.000,0.100,0.120,0.030,0.050,0.030,0.500,0.010,0.010,0.800,0.200,0.350,0.100,1.000,0.100,0.200,0.040,1.000,0.500,0.800,0.300,0.400
Herb,5128,1.000,0.000,0.100,0.120,0.030,0.050,0.030,0.500,0.010,0.010,0.800,0.200,0.350,0.100,1.000,0.100,0.200,0.040,1.000,0.500,0.800,0.300,0.400
Herb,5127,1.000,0.000,0.100,0.120,0.030,0.050,0.030,0.500,0.010,0.010,0.800,0.200,0.350,0.100,1.000,0.100,0.200,0.040,1.000,0.500,0.800,0.300,0.400
Herb,5126,1.000,0.000,0.100,0.120,0.030,0.050,0.030,0.500,0.010,0.010,0.800,0.200,0.350,0.100,1.000,0.100,0.200,0.040,1.000,0.500,0.800,0.300,0.400
Herb,5125,1.000,0.000,0.100,0.120,0.030,0.050,0.030,0.500,0.010,0.010,0.800,0.200,0.350,0.100,1.000,0.100,0.200,0.040,1.000,0.500,0.800,0.300,0.400
Herb,5124,1.000,0.000,0.100,0.120,0.030,0.050,0.030,0.500,0.010,0.010,0.800,0.200,0.350,0.100,1.000,0.100,0.200,0.040,1.000,0.500,0.800,0.300,0.400
Herb,5123,1.000,0.000,0.100,0.120,0.030,0.050,0.030,0.500,0.010,0.010,0.800,0.200,0.350,0.100,1.000,0.100,0.200,0.040,1.000,0.500,0.800,0.300,0.400
Herb,5122,1.000,0.000,0.100,0.120,0.030,0.050,0.030,0.500,0.010,0.010,0.800,0.200,0.350,0.100,1.000,0.100,0.200,0.040,1.000,0.500,0.800,0.300,0.400
Herb,5121,1.000,0.000,0.100,0.120,0.030,0.050,0.030,0.500,0.010,0.010,0.800,0.200,0.350,0.100,1.000,0.100,0.200,0.040,1.000,0.500,0.800,0.300,0.400
Herb,5120,1.000,0.000,0.100,0.120,0.030,0.050,0.030,0.500,0.010,0.010,0.800,0.200,0.350,0.100,1.000,0.100,0.200,0.040,1.000,0.500,0.800,0.300,0.400
Herb,5119,1.000,0.000,0.100,0.120,0.030,0.050,0.030,0.500,0.010,0.010,0.800,0.200,0.350,0.100,1.000,0.100,0.200,0.040,1.000,0.500,0.800,0.300,0.400
Herb,5118,1.000,0.000,0.100,0.120,0.030,0.050,0.030,0.500,0.010,0.010,0.800,0.200,0.350,0.100,1.000,0.100,0.200,0.040,1.000,0.500,0.800,0.300,0.400
Herb,5117,1.000,0.000,0.100,0.120,0.030,0.050,0.030,0.500,0.010,0.010,0.800,0.200,0.350,0.100,1.000,0.100,0.200,0.040,1.000,0.500,0.800,0.300,0.400
Herb,5115,1.000,0.000,0.100,0.120,0.030,0.050,0.030,0.500,0.010,0.010,0.800,0.200,0.350,0.100,1.000,0.100,0.200,0.040,1.000,0.500,0.800,0.300,0.400
Herb,5139,1.000,0.000,0.100,0.120,0.030,0.050,0.030,0.500,0.010,0.010,0.800,0.200,0.350,0.100,1.000,0.100,0.200,0.040,1.000,0.500,0.800,0.300,0.400
Herb,5140,1.000,0.000,0.100,0.120,0.030,0.050,0.030,0.500,0.010,0.010,0.800,0.200,0.350,0.100,1.000,0.100,0.200,0.040,1.000,0.500,0.800,0.300,0.400
Herb,5141,1.000,0.000,0.100,0.120,0.030,0.050,0.030,0.500,0.010,0.010,0.800,0.200,0.350,0.100,1.000,0.100,0.200,0.040,1.000,0.500,0.800,0.300,0.400
Herb,5142,1.000,0.000,0.100,0.120,0.030,0.050,0.030,0.500,0.010,0.010,0.800,0.200,0.350,0.100,1.000,0.100,0.200,0.040,1.000,0.500,0.800,0.300,0.400
Herb,5166,1.000,0.000,0.100,0.120,0.030,0.050,0.030,0.500,0.010,0.010,0.800,0.200,0.350,0.100,1.000,0.100,0.200,0.040,1.000,0.500,0.800,0.300,0.400
Herb,5165,1.000,0.000,0.100,0.120,0.030,0.050,0.030,0.500,0.010,0.010,0.800,0.200,0.350,0.100,1.000,0.100,0.200,0.040,1.000,0.500,0.800,0.300,0.400
Herb,5164,1.000,0.000,0.100,0.120,0.030,0.050,0.030,0.500,0.010,0.010,0.800,0.200,0.350,0.100,1.000,0.100,0.200,0.040,1.000,0.500,0.800,0.300,0.400
Herb,5163,1.000,0.000,0.100,0.120,0.030,0.050,0.030,0.500,0.010,0.010,0.800,0.200,0.350,0.100,1.000,0.100,0.200,0.040,1.000,0.500,0.800,0.300,0.400
Herb,5162,1.000,0.000,0.100,0.120,0.030,0.050,0.030,0.500,0.010,0.010,0.800,0.200,0.350,0.100,1.000,0.100,0.200,0.040,1.000,0.500,0.800,0.300,0.400
Herb,5161,1.000,0.000,0.100,0.120,0.030,0.050,0.030,0.500,0.010,0.010,0.800,0.200,0.350,0.100,1.000,0.100,0.200,0.040,1.000,0.500,0.800,0.300,0.400
Herb,5160,1.000,0.000,0.100,0.120,0.030,0.050,0.030,0.500,0.010,0.010,0.800,0.200,0.350,0.100,1.000,0.100,0.200,0.040,1.000,0.500,0.800,0.300,0.400
Herb,5159,1.000,0.000,0.100,0.120,0.030,0.050,0.030,0.500,0.010,0.010,0.800,0.200,0.350,0.100,1.000,0.100,0.200,0.040,1.000,0.500,0.800,0.300,0.400
Herb,5158,1.000,0.000,0.100,0.120,0.030,0.050,0.030,0.500,0.010,0.010,0.800,0.200,0.350,0.100,1.000,0.100,0.200,0.040,1.000,0.500,0.800,0.300,0.400
Herb,5157,1.000,0.000,0.100,0.120,0.030,0.050,0.030,0.500,0.010,0.010,0.800,0.200,0.350,0.100,1.000,0.100,0.200,0.040,1.000,0.500,0.800,0.300,0.400
Herb,5156,1.000,0.000,0.100,0.120,0.030,0.050,0.030,0.500,0.010,0.010,0.800,0.200,0.350,0.100,1.000,0.100,0.200,0.040,1.000,0.500,0.800,0.300,0.400
Herb,5222,1.000,0.000,0.100,0.120,0.030,0.050,0.030,0.500,0.010,0.010,0.800,0.200,0.350,0.100,1.000,0.100,0.200,0.040,1.000,0.500,0.800,0.300,0.400
Herb,5155,1.000,0.000,0.100,0.120,0.030,0.050,0.030,0.500,0.010,0.010,0.800,0.200,0.350,0.100,1.000,0.100,0.200,0.040,1.000,0.500,0.800,0.300,0.400
Herb,5153,1.000,0.000,0.100,0.120,0.030,0.050,0.030,0.500,0.010,0.010,0.800,0.200,0.350,0.100,1.000,0.100,0.200,0.040,1.000,0.500,0.800,0.300,0.400
Herb,5152,1.000,0.000,0.100,0.120,0.030,0.050,0.030,0.500,0.010,0.010,0.800,0.200,0.350,0.100,1.000,0.100,0.200,0.040,1.000,0.500,0.800,0.300,0.400
Herb,5151,1.000,0.000,0.100,0.120,0.030,0.050,0.030,0.500,0.010,0.010,0.800,0.200,0.350,0.100,1.000,0.100,0.200,0.040,1.000,0.500,0.800,0.300,0.400
Herb,5150,1.000,0.000,0.100,0.120,0.030,0.050,0.030,0.500,0.010,0.010,0.800,0.200,0.350,0.100,1.000,0.100,0.200,0.040,1.000,0.500,0.800,0.300,0.400
Herb,5149,1.000,0.000,0.100,0.120,0.030,0.050,0.030,0.500,0.010,0.010,0.800,0.200,0.350,0.100,1.000,0.100,0.200,0.040,1.000,0.500,0.800,0.300,0.400
Herb,5148,1.000,0.000,0.100,0.120,0.030,0.050,0.030,0.500,0.010,0.010,0.800,0.200,0.350,0.100,1.000,0.100,0.200,0.040,1.000,0.500,0.800,0.300,0.400
Herb,5147,1.000,0.000,0.100,0.120,0.030,0.050,0.030,0.500,0.010,0.010,0.800,0.200,0.350,0.100,1.000,0.100,0.200,0.040,1.000,0.500,0.800,0.300,0.400
Herb,5146,1.000,0.000,0.100,0.120,0.030,0.050,0.030,0.500,0.010,0.010,0.800,0.200,0.350,0.100,1.000,0.100,0.200,0.040,1.000,0.500,0.800,0.300,0.400
Herb,5145,1.000,0.000,0.100,0.120,0.030,0.050,0.030,0.500,0.010,0.010,0.800,0.200,0.350,0.100,1.000,0.100,0.200,0.040,1.000,0.500,0.800,0.300,0.400
Herb,5144,1.000,0.000,0.100,0.120,0.030,0.050,0.030,0.500,0.010,0.010,0.800,0.200,0.350,0.100,1.000,0.100,0.200,0.040,1.000,0.500,0.800,0.300,0.400
Herb,5143,1.000,0.000,0.100,0.120,0.030,0.050,0.030,0.500,0.010,0.010,0.800,0.200,0.350,0.100,1.000,0.100,0.200,0.040,1.000,0.500,0.800,0.300,0.400
Herb,5154,1.000,0.000,0.100,0.120,0.030,0.050,0.030,0.500,0.010,0.010,0.800,0.200,0.350,0.100,1.000,0.100,0.200,0.040,1.000,0.500,0.800,0.300,0.400
Herb,5437,1.000,0.000,0.100,0.120,0.030,0.050,0.030,0.500,0.010,0.010,0.800,0.200,0.350,0.100,1.000,0.100,0.200,0.040,1.000,0.500,0.800,0.300,0.400
Herb,5652,1.000,0.000,0.100,0.120,0.030,0.050,0.030,0.500,0.010,0.010,0.800,0.200,0.350,0.100,1.000,0.100,0.200,0.040,1.000,0.500,0.800,0.300,0.400
Herb,5439,1.000,0.000,0.100,0.120,0.030,0.050,0.030,0.500,0.010,0.010,0.800,0.200,0.350,0.100,1.000,0.100,0.200,0.040,1.000,0.500,0.800,0.300,0.400
Herb,5734,1.000,0.000,0.100,0.120,0.030,0.050,0.030,0.500,0.010,0.010,0.800,0.200,0.350,0.100,1.000,0.100,0.200,0.040,1.000,0.500,0.800,0.300,0.400
Herb,5733,1.000,0.000,0.100,0.120,0.030,0.050,0.030,0.500,0.010,0.010,0.800,0.200,0.350,0.100,1.000,0.100,0.200,0.040,1.000,0.500,0.800,0.300,0.400
Herb,5732,1.000,0.000,0.100,0.120,0.030,0.050,0.030,0.500,0.010,0.010,0.800,0.200,0.350,0.100,1.000,0.100,0.200,0.040,1.000,0.500,0.800,0.300,0.400
Herb,5731,1.000,0.000,0.100,0.120,0.030,0.050,0.030,0.500,0.010,0.010,0.800,0.200,0.350,0.100,1.000,0.100,0.200,0.040,1.000,0.500,0.800,0.300,0.400
Herb,5730,1.000,0.000,0.100,0.120,0.030,0.050,0.030,0.500,0.010,0.010,0.800,0.200,0.350,0.100,1.000,0.100,0.200,0.040,1.000,0.500,0.800,0.300,0.400
Herb,5729,1.000,0.000,0.100,0.120,0.030,0.050,0.030,0.500,0.010,0.010,0.800,0.200,0.350,0.100,1.000,0.100,0.200,0.040,1.000,0.500,0.800,0.300,0.400
Herb,5728,1.000,0.000,0.100,0.120,0.030,0.050,0.030,0.500,0.010,0.010,0.800,0.200,0.350,0.100,1.000,0.100,0.200,0.040,1.000,0.500,0.800,0.300,0.400
Herb,5727,1.000,0.000,0.100,0.120,0.030,0.050,0.030,0.500,0.010,0.010,0.800,0.200,0.350,0.100,1.000,0.100,0.200,0.040,1.000,0.500,0.800,0.300,0.400
Herb,5726,1.000,0.000,0.100,0.120,0.030,0.050,0.030,0.500,0.010,0.010,0.800,0.200,0.350,0.100,1.000,0.100,0.200,0.040,1.000,0.500,0.800,0.300,0.400
Herb,5725,1.000,0.000,0.100,0.120,0.030,0.050,0.030,0.500,0.010,0.010,0.800,0.200,0.350,0.100,1.000,0.100,0.200,0.040,1.000,0.500,0.800,0.300,0.400
Herb,5724,1.000,0.000,0.100,0.120,0.030,0.050,0.030,0.500,0.010,0.010,0.800,0.200,0.350,0.100,1.000,0.100,0.200,0.040,1.000,0.500,0.800,0.300,0.400
Herb,5723,1.000,0.000,0.100,0.120,0.030,0.050,0.030,0.500,0.010,0.010,0.800,0.200,0.350,0.100,1.000,0.100,0.200,0.040,1.000,0.500,0.800,0.300,0.400
Herb,5722,1.000,0.000,0.100,0.120,0.030,0.050,0.030,0.500,0.010,0.010,0.800,0.200,0.350,0.100,1.000,0.100,0.200,0.040,1.000,0.500,0.800,0.300,0.400
Herb,5721,1.000,0.000,0.100,0.120,0.030,0.050,0.030,0.500,0.010,0.010,0.800,0.200,0.350,0.100,1.000,0.100,0.200,0.040,1.000,0.500,0.800,0.300,0.400
Herb,5720,1.000,0.000,0.100,0.120,0.030,0.050,0.030,0.500,0.010,0.010,0.800,0.200,0.350,0.100,1.000,0.100,0.200,0.040,1.000,0.500,0.800,0.300,0.400
Herb,5719,1.000,0.000,0.100,0.120,0.030,0.050,0.030,0.500,0.010,0.010,0.800,0.200,0.350,0.100,1.000,0.100,0.200,0.040,1.000,0.500,0.800,0.300,0.400
Herb,5718,1.000,0.000,0.100,0.120,0.030,0.050,0.030,0.500,0.010,0.010,0.800,0.200,0.350,0.100,1.000,0.100,0.200,0.040,1.000,0.500,0.800,0.300,0.400
Herb,5717,1.000,0.000,0.100,0.120,0.030,0.050,0.030,0.500,0.010,0.010,0.800,0.200,0.350,0.100,1.000,0.100,0.200,0.040,1.000,0.500,0.800,0.300,0.400
Herb,5716,1.000,0.000,0.100,0.120,0.030,0.050,0.030,0.500,0.010,0.010,0.800,0.200,0.350,0.100,1.000,0.100,0.200,0.040,1.000,0.500,0.800,0.300,0.400
Herb,5715,1.000,0.000,0.100,0.120,0.030,0.050,0.030,0.500,0.010,0.010,0.800,0.200,0.350,0.100,1.000,0.100,0.200,0.040,1.000,0.500,0.800,0.300,0.400
Herb,5714,1.000,0.000,0.100,0.120,0.030,0.050,0.030,0.500,0.010,0.010,0.800,0.200,0.350,0.100,1.000,0.100,0.200,0.040,1.000,0.500,0.800,0.300,0.400
Herb,5713,1.000,0.000,0.100,0.120,0.030,0.050,0.030,0.500,0.010,0.010,0.800,0.200,0.350,0.100,1.000,0.100,0.200,0.040,1.000,0.500,0.800,0.300,0.400
Herb,5712,1.000,0.000,0.100,0.120,0.030,0.050,0.030,0.500,0.010,0.010,0.800,0.200,0.350,0.100,1.000,0.100,0.200,0.040,1.000,0.500,0.800,0.300,0.400
Herb,5735,1.000,0.000,0.100,0.120,0.030,0.050,0.030,0.500,0.010,0.010,0.800,0.200,0.350,0.100,1.000,0.100,0.200,0.040,1.000,0.500,0.800,0.300,0.400
Herb,5711,1.000,0.000,0.100,0.120,0.030,0.050,0.030,0.500,0.010,0.010,0.800,0.200,0.350,0.100,1.000,0.100,0.200,0.040,1.000,0.500,0.800,0.300,0.400
Herb,5736,1.000,0.000,0.100,0.120,0.030,0.050,0.030,0.500,0.010,0.010,0.800,0.200,0.350,0.100,1.000,0.100,0.200,0.040,1.000,0.500,0.800,0.300,0.400
Herb,5738,1.000,0.000,0.100,0.120,0.030,0.050,0.030,0.500,0.010,0.010,0.800,0.200,0.350,0.100,1.000,0.100,0.200,0.040,1.000,0.500,0.800,0.300,0.400
Herb,5761,1.000,0.000,0.100,0.120,0.030,0.050,0.030,0.500,0.010,0.010,0.800,0.200,0.350,0.100,1.000,0.100,0.200,0.040,1.000,0.500,0.800,0.300,0.400
Herb,5760,1.000,0.000,0.100,0.120,0.030,0.050,0.030,0.500,0.010,0.010,0.800,0.200,0.350,0.100,1.000,0.100,0.200,0.040,1.000,0.500,0.800,0.300,0.400
Herb,5759,1.000,0.000,0.100,0.120,0.030,0.050,0.030,0.500,0.010,0.010,0.800,0.200,0.350,0.100,1.000,0.100,0.200,0.040,1.000,0.500,0.800,0.300,0.400
Herb,5758,1.000,0.000,0.100,0.120,0.030,0.050,0.030,0.500,0.010,0.010,0.800,0.200,0.350,0.100,1.000,0.100,0.200,0.040,1.000,0.500,0.800,0.300,0.400
Herb,5757,1.000,0.000,0.100,0.120,0.030,0.050,0.030,0.500,0.010,0.010,0.800,0.200,0.350,0.100,1.000,0.100,0.200,0.040,1.000,0.500,0.800,0.300,0.400
Herb,5756,1.000,0.000,0.100,0.120,0.030,0.050,0.030,0.500,0.010,0.010,0.800,0.200,0.350,0.100,1.000,0.100,0.200,0.040,1.000,0.500,0.800,0.300,0.400
Herb,5755,1.000,0.000,0.100,0.120,0.030,0.050,0.030,0.500,0.010,0.010,0.800,0.200,0.350,0.100,1.000,0.100,0.200,0.040,1.000,0.500,0.800,0.300,0.400
Herb,5754,1.000,0.000,0.100,0.120,0.030,0.050,0.030,0.500,0.010,0.010,0.800,0.200,0.350,0.100,1.000,0.100,0.200,0.040,1.000,0.500,0.800,0.300,0.400
Herb,5753,1.000,0.000,0.100,0.120,0.030,0.050,0.030,0.500,0.010,0.010,0.800,0.200,0.350,0.100,1.000,0.100,0.200,0.040,1.000,0.500,0.800,0.300,0.400
Herb,5752,1.000,0.000,0.100,0.120,0.030,0.050,0.030,0.500,0.010,0.010,0.800,0.200,0.350,0.100,1.000,0.100,0.200,0.040,1.000,0.500,0.800,0.300,0.400
Herb,5751,1.000,0.000,0.100,0.120,0.030,0.050,0.030,0.500,0.010,0.010,0.800,0.200,0.350,0.100,1.000,0.100,0.200,0.040,1.000,0.500,0.800,0.300,0.400
Herb,5750,1.000,0.000,0.100,0.120,0.030,0.050,0.030,0.500,0.010,0.010,0.800,0.200,0.350,0.100,1.000,0.100,0.200,0.040,1.000,0.500,0.800,0.300,0.400
Herb,5749,1.000,0.000,0.100,0.120,0.030,0.050,0.030,0.500,0.010,0.010,0.800,0.200,0.350,0.100,1.000,0.100,0.200,0.040,1.000,0.500,0.800,0.300,0.400
Herb,5748,1.000,0.000,0.100,0.120,0.030,0.050,0.030,0.500,0.010,0.010,0.800,0.200,0.350,0.100,1.000,0.100,0.200,0.040,1.000,0.500,0.800,0.300,0.400
Herb,5747,1.000,0.000,0.100,0.120,0.030,0.050,0.030,0.500,0.010,0.010,0.800,0.200,0.350,0.100,1.000,0.100,0.200,0.040,1.000,0.500,0.800,0.300,0.400
Herb,5746,1.000,0.000,0.100,0.120,0.030,0.050,0.030,0.500,0.010,0.010,0.800,0.200,0.350,0.100,1.000,0.100,0.200,0.040,1.000,0.500,0.800,0.300,0.400
Herb,5745,1.000,0.000,0.100,0.120,0.030,0.050,0.030,0.500,0.010,0.010,0.800,0.200,0.350,0.100,1.000,0.100,0.200,0.040,1.000,0.500,0.800,0.300,0.400
Herb,5744,1.000,0.000,0.100,0.120,0.030,0.050,0.030,0.500,0.010,0.010,0.800,0.200,0.350,0.100,1.000,0.100,0.200,0.040,1.000,0.500,0.800,0.300,0.400
Herb,5743,1.000,0.000,0.100,0.120,0.030,0.050,0.030,0.500,0.010,0.010,0.800,0.200,0.350,0.100,1.000,0.100,0.200,0.040,1.000,0.500,0.800,0.300,0.400
Herb,5742,1.000,0.000,0.100,0.120,0.030,0.050,0.030,0.500,0.010,0.010,0.800,0.200,0.350,0.100,1.000,0.100,0.200,0.040,1.000,0.500,0.800,0.300,0.400
Herb,5741,1.000,0.000,0.100,0.120,0.030,0.050,0.030,0.500,0.010,0.010,0.800,0.200,0.350,0.100,1.000,0.100,0.200,0.040,1.000,0.500,0.800,0.300,0.400
Herb,5740,1.000,0.000,0.100,0.120,0.030,0.050,0.030,0.500,0.010,0.010,0.800,0.200,0.350,0.100,1.000,0.100,0.200,0.040,1.000,0.500,0.800,0.300,0.400
Herb,5739,1.000,0.000,0.100,0.120,0.030,0.050,0.030,0.500,0.010,0.010,0.800,0.200,0.350,0.100,1.000,0.100,0.200,0.040,1.000,0.500,0.800,0.300,0.400
Herb,5737,1.000,0.000,0.100,0.120,0.030,0.050,0.030,0.500,0.010,0.010,0.800,0.200,0.350,0.100,1.000,0.100,0.200,0.040,1.000,0.500,0.800,0.300,0.400
Herb,5762,1.000,0.000,0.100,0.120,0.030,0.050,0.030,0.500,0.010,0.010,0.800,0.200,0.350,0.100,1.000,0.100,0.200,0.040,1.000,0.500,0.800,0.300,0.400
Herb,5710,1.000,0.000,0.100,0.120,0.030,0.050,0.030,0.500,0.010,0.010,0.800,0.200,0.350,0.100,1.000,0.100,0.200,0.040,1.000,0.500,0.800,0.300,0.400
Herb,5708,1.000,0.000,0.100,0.120,0.030,0.050,0.030,0.500,0.010,0.010,0.800,0.200,0.350,0.100,1.000,0.100,0.200,0.040,1.000,0.500,0.800,0.300,0.400
Herb,5680,1.000,0.000,0.100,0.120,0.030,0.050,0.030,0.500,0.010,0.010,0.800,0.200,0.350,0.100,1.000,0.100,0.200,0.040,1.000,0.500,0.800,0.300,0.400
Herb,5679,1.000,0.000,0.100,0.120,0.030,0.050,0.030,0.500,0.010,0.010,0.800,0.200,0.350,0.100,1.000,0.100,0.200,0.040,1.000,0.500,0.800,0.300,0.400
Herb,5678,1.000,0.000,0.100,0.120,0.030,0.050,0.030,0.500,0.010,0.010,0.800,0.200,0.350,0.100,1.000,0.100,0.200,0.040,1.000,0.500,0.800,0.300,0.400
Herb,5677,1.000,0.000,0.100,0.120,0.030,0.050,0.030,0.500,0.010,0.010,0.800,0.200,0.350,0.100,1.000,0.100,0.200,0.040,1.000,0.500,0.800,0.300,0.400
Herb,5676,1.000,0.000,0.100,0.120,0.030,0.050,0.030,0.500,0.010,0.010,0.800,0.200,0.350,0.100,1.000,0.100,0.200,0.040,1.000,0.500,0.800,0.300,0.400
Herb,5675,1.000,0.000,0.100,0.120,0.030,0.050,0.030,0.500,0.010,0.010,0.800,0.200,0.350,0.100,1.000,0.100,0.200,0.040,1.000,0.500,0.800,0.300,0.400
Herb,5674,1.000,0.000,0.100,0.120,0.030,0.050,0.030,0.500,0.010,0.010,0.800,0.200,0.350,0.100,1.000,0.100,0.200,0.040,1.000,0.500,0.800,0.300,0.400
Herb,5673,1.000,0.000,0.100,0.120,0.030,0.050,0.030,0.500,0.010,0.010,0.800,0.200,0.350,0.100,1.000,0.100,0.200,0.040,1.000,0.500,0.800,0.300,0.400
Herb,5672,1.000,0.000,0.100,0.120,0.030,0.050,0.030,0.500,0.010,0.010,0.800,0.200,0.350,0.100,1.000,0.100,0.200,0.040,1.000,0.500,0.800,0.300,0.400
Herb,5671,1.000,0.000,0.100,0.120,0.030,0.050,0.030,0.500,0.010,0.010,0.800,0.200,0.350,0.100,1.000,0.100,0.200,0.040,1.000,0.500,0.800,0.300,0.400
Herb,5670,1.000,0.000,0.100,0.120,0.030,0.050,0.030,0.500,0.010,0.010,0.800,0.200,0.350,0.100,1.000,0.100,0.200,0.040,1.000,0.500,0.800,0.300,0.400
Herb,5669,1.000,0.000,0.100,0.120,0.030,0.050,0.030,0.500,0.010,0.010,0.800,0.200,0.350,0.100,1.000,0.100,0.200,0.040,1.000,0.500,0.800,0.300,0.400
Herb,5668,1.000,0.000,0.100,0.120,0.030,0.050,0.030,0.500,0.010,0.010,0.800,0.200,0.350,0.100,1.000,0.100,0.200,0.040,1.000,0.500,0.800,0.300,0.400
Herb,5667,1.000,0.000,0.100,0.120,0.030,0.050,0.030,0.500,0.010,0.010,0.800,0.200,0.350,0.100,1.000,0.100,0.200,0.040,1.000,0.500,0.800,0.300,0.400
Herb,5666,1.000,0.000,0.100,0.120,0.030,0.050,0.030,0.500,0.010,0.010,0.800,0.200,0.350,0.100,1.000,0.100,0.200,0.040,1.000,0.500,0.800,0.300,0.400
Herb,5665,1.000,0.000,0.100,0.120,0.030,0.050,0.030,0.500,0.010,0.010,0.800,0.200,0.350,0.100,1.000,0.100,0.200,0.040,1.000,0.500,0.800,0.300,0.400
Herb,5664,1.000,0.000,0.100,0.120,0.030,0.050,0.030,0.500,0.010,0.010,0.800,0.200,0.350,0.100,1.000,0.100,0.200,0.040,1.000,0.500,0.800,0.300,0.400
Herb,5663,1.000,0.000,0.100,0.120,0.030,0.050,0.030,0.500,0.010,0.010,0.800,0.200,0.350,0.100,1.000,0.100,0.200,0.040,1.000,0.500,0.800,0.300,0.400
Herb,5662,1.000,0.000,0.100,0.120,0.030,0.050,0.030,0.500,0.010,0.010,0.800,0.200,0.350,0.100,1.000,0.100,0.200,0.040,1.000,0.500,0.800,0.300,0.400
Herb,5661,1.000,0.000,0.100,0.120,0.030,0.050,0.030,0.500,0.010,0.010,0.800,0.200,0.350,0.100,1.000,0.100,0.200,0.040,1.000,0.500,0.800,0.300,0.400
Herb,5660,1.000,0.000,0.100,0.120,0.030,0.050,0.030,0.500,0.010,0.010,0.800,0.200,0.350,0.100,1.000,0.100,0.200,0.040,1.000,0.500,0.800,0.300,0.400
Herb,5659,1.000,0.000,0.100,0.120,0.030,0.050,0.030,0.500,0.010,0.010,0.800,0.200,0.350,0.100,1.000,0.100,0.200,0.040,1.000,0.500,0.800,0.300,0.400
Herb,5658,1.000,0.000,0.100,0.120,0.030,0.050,0.030,0.500,0.010,0.010,0.800,0.200,0.350,0.100,1.000,0.100,0.200,0.040,1.000,0.500,0.800,0.300,0.400
Herb,5681,1.000,0.000,0.100,0.120,0.030,0.050,0.030,0.500,0.010,0.010,0.800,0.200,0.350,0.100,1.000,0.100,0.200,0.040,1.000,0.500,0.800,0.300,0.400
Herb,5709,1.000,0.000,0.100,0.120,0.030,0.050,0.030,0.500,0.010,0.010,0.800,0.200,0.350,0.100,1.000,0.100,0.200,0.040,1.000,0.500,0.800,0.300,0.400
Herb,5682,1.000,0.000,0.100,0.120,0.030,0.050,0.030,0.500,0.010,0.010,0.800,0.200,0.350,0.100,1.000,0.100,0.200,0.040,1.000,0.500,0.800,0.300,0.400
Herb,5684,1.000,0.000,0.100,0.120,0.030,0.050,0.030,0.500,0.010,0.010,0.800,0.200,0.350,0.100,1.000,0.100,0.200,0.040,1.000,0.500,0.800,0.300,0.400
Herb,5707,1.000,0.000,0.100,0.120,0.030,0.050,0.030,0.500,0.010,0.010,0.800,0.200,0.350,0.100,1.000,0.100,0.200,0.040,1.000,0.500,0.800,0.300,0.400
Herb,5706,1.000,0.000,0.100,0.120,0.030,0.050,0.030,0.500,0.010,0.010,0.800,0.200,0.350,0.100,1.000,0.100,0.200,0.040,1.000,0.500,0.800,0.300,0.400
Herb,5705,1.000,0.000,0.100,0.120,0.030,0.050,0.030,0.500,0.010,0.010,0.800,0.200,0.350,0.100,1.000,0.100,0.200,0.040,1.000,0.500,0.800,0.300,0.400
Herb,5704,1.000,0.000,0.100,0.120,0.030,0.050,0.030,0.500,0.010,0.010,0.800,0.200,0.350,0.100,1.000,0.100,0.200,0.040,1.000,0.500,0.800,0.300,0.400
Herb,5703,1.000,0.000,0.100,0.120,0.030,0.050,0.030,0.500,0.010,0.010,0.800,0.200,0.350,0.100,1.000,0.100,0.200,0.040,1.000,0.500,0.800,0.300,0.400
Herb,5702,1.000,0.000,0.100,0.120,0.030,0.050,0.030,0.500,0.010,0.010,0.800,0.200,0.350,0.100,1.000,0.100,0.200,0.040,1.000,0.500,0.800,0.300,0.400
Herb,5701,1.000,0.000,0.100,0.120,0.030,0.050,0.030,0.500,0.010,0.010,0.800,0.200,0.350,0.100,1.000,0.100,0.200,0.040,1.000,0.500,0.800,0.300,0.400
Herb,5700,1.000,0.000,0.100,0.120,0.030,0.050,0.030,0.500,0.010,0.010,0.800,0.200,0.350,0.100,1.000,0.100,0.200,0.040,1.000,0.500,0.800,0.300,0.400
Herb,5699,1.000,0.000,0.100,0.120,0.030,0.050,0.030,0.500,0.010,0.010,0.800,0.200,0.350,0.100,1.000,0.100,0.200,0.040,1.000,0.500,0.800,0.300,0.400
Herb,5698,1.000,0.000,0.100,0.120,0.030,0.050,0.030,0.500,0.010,0.010,0.800,0.200,0.350,0.100,1.000,0.100,0.200,0.040,1.000,0.500,0.800,0.300,0.400
Herb,5697,1.000,0.000,0.100,0.120,0.030,0.050,0.030,0.500,0.010,0.010,0.800,0.200,0.350,0.100,1.000,0.100,0.200,0.040,1.000,0.500,0.800,0.300,0.400
Herb,5696,1.000,0.000,0.100,0.120,0.030,0.050,0.030,0.500,0.010,0.010,0.800,0.200,0.350,0.100,1.000,0.100,0.200,0.040,1.000,0.500,0.800,0.300,0.400
Herb,5695,1.000,0.000,0.100,0.120,0.030,0.050,0.030,0.500,0.010,0.010,0.800,0.200,0.350,0.100,1.000,0.100,0.200,0.040,1.000,0.500,0.800,0.300,0.400
Herb,5694,1.000,0.000,0.100,0.120,0.030,0.050,0.030,0.500,0.010,0.010,0.800,0.200,0.350,0.100,1.000,0.100,0.200,0.040,1.000,0.500,0.800,0.300,0.400
Herb,5693,1.000,0.000,0.100,0.120,0.030,0.050,0.030,0.500,0.010,0.010,0.800,0.200,0.350,0.100,1.000,0.100,0.200,0.040,1.000,0.500,0.800,0.300,0.400
Herb,5692,1.000,0.000,0.100,0.120,0.030,0.050,0.030,0.500,0.010,0.010,0.800,0.200,0.350,0.100,1.000,0.100,0.200,0.040,1.000,0.500,0.800,0.300,0.400
Herb,5691,1.000,0.000,0.100,0.120,0.030,0.050,0.030,0.500,0.010,0.010,0.800,0.200,0.350,0.100,1.000,0.100,0.200,0.040,1.000,0.500,0.800,0.300,0.400
Herb,5690,1.000,0.000,0.100,0.120,0.030,0.050,0.030,0.500,0.010,0.010,0.800,0.200,0.350,0.100,1.000,0.100,0.200,0.040,1.000,0.500,0.800,0.300,0.400
Herb,5689,1.000,0.000,0.100,0.120,0.030,0.050,0.030,0.500,0.010,0.010,0.800,0.200,0.350,0.100,1.000,0.100,0.200,0.040,1.000,0.500,0.800,0.300,0.400
Herb,5688,1.000,0.000,0.100,0.120,0.030,0.050,0.030,0.500,0.010,0.010,0.800,0.200,0.350,0.100,1.000,0.100,0.200,0.040,1.000,0.500,0.800,0.300,0.400
Herb,5687,1.000,0.000,0.100,0.120,0.030,0.050,0.030,0.500,0.010,0.010,0.800,0.200,0.350,0.100,1.000,0.100,0.200,0.040,1.000,0.500,0.800,0.300,0.400
Herb,5686,1.000,0.000,0.100,0.120,0.030,0.050,0.030,0.500,0.010,0.010,0.800,0.200,0.350,0.100,1.000,0.100,0.200,0.040,1.000,0.500,0.800,0.300,0.400
Herb,5685,1.000,0.000,0.100,0.120,0.030,0.050,0.030,0.500,0.010,0.010,0.800,0.200,0.350,0.100,1.000,0.100,0.200,0.040,1.000,0.500,0.800,0.300,0.400
Herb,5683,1.000,0.000,0.100,0.120,0.030,0.050,0.030,0.500,0.010,0.010,0.800,0.200,0.350,0.100,1.000,0.100,0.200,0.040,1.000,0.500,0.800,0.300,0.400
Herb,5657,1.000,0.000,0.100,0.120,0.030,0.050,0.030,0.500,0.010,0.010,0.800,0.200,0.350,0.100,1.000,0.100,0.200,0.040,1.000,0.500,0.800,0.300,0.400
Herb,5764,1.000,0.000,0.100,0.120,0.030,0.050,0.030,0.500,0.010,0.010,0.800,0.200,0.350,0.100,1.000,0.100,0.200,0.040,1.000,0.500,0.800,0.300,0.400
Herb,5766,1.000,0.000,0.100,0.120,0.030,0.050,0.030,0.500,0.010,0.010,0.800,0.200,0.350,0.100,1.000,0.100,0.200,0.040,1.000,0.500,0.800,0.300,0.400
Herb,5843,1.000,0.000,0.100,0.120,0.030,0.050,0.030,0.500,0.010,0.010,0.800,0.200,0.350,0.100,1.000,0.100,0.200,0.040,1.000,0.500,0.800,0.300,0.400
Herb,5842,1.000,0.000,0.100,0.120,0.030,0.050,0.030,0.500,0.010,0.010,0.800,0.200,0.350,0.100,1.000,0.100,0.200,0.040,1.000,0.500,0.800,0.300,0.400
Herb,5841,1.000,0.000,0.100,0.120,0.030,0.050,0.030,0.500,0.010,0.010,0.800,0.200,0.350,0.100,1.000,0.100,0.200,0.040,1.000,0.500,0.800,0.300,0.400
Herb,5840,1.000,0.000,0.100,0.120,0.030,0.050,0.030,0.500,0.010,0.010,0.800,0.200,0.350,0.100,1.000,0.100,0.200,0.040,1.000,0.500,0.800,0.300,0.400
Herb,5839,1.000,0.000,0.100,0.120,0.030,0.050,0.030,0.500,0.010,0.010,0.800,0.200,0.350,0.100,1.000,0.100,0.200,0.040,1.000,0.500,0.800,0.300,0.400
Herb,5838,1.000,0.000,0.100,0.120,0.030,0.050,0.030,0.500,0.010,0.010,0.800,0.200,0.350,0.100,1.000,0.100,0.200,0.040,1.000,0.500,0.800,0.300,0.400
Herb,5837,1.000,0.000,0.100,0.120,0.030,0.050,0.030,0.500,0.010,0.010,0.800,0.200,0.350,0.100,1.000,0.100,0.200,0.040,1.000,0.500,0.800,0.300,0.400
Herb,5836,1.000,0.000,0.100,0.120,0.030,0.050,0.030,0.500,0.010,0.010,0.800,0.200,0.350,0.100,1.000,0.100,0.200,0.040,1.000,0.500,0.800,0.300,0.400
Herb,5835,1.000,0.000,0.100,0.120,0.030,0.050,0.030,0.500,0.010,0.010,0.800,0.200,0.350,0.100,1.000,0.100,0.200,0.040,1.000,0.500,0.800,0.300,0.400
Herb,5834,1.000,0.000,0.100,0.120,0.030,0.050,0.030,0.500,0.010,0.010,0.800,0.200,0.350,0.100,1.000,0.100,0.200,0.040,1.000,0.500,0.800,0.300,0.400
Herb,5833,1.000,0.000,0.100,0.120,0.030,0.050,0.030,0.500,0.010,0.010,0.800,0.200,0.350,0.100,1.000,0.100,0.200,0.040,1.000,0.500,0.800,0.300,0.400
Herb,5832,1.000,0.000,0.100,0.120,0.030,0.050,0.030,0.500,0.010,0.010,0.800,0.200,0.350,0.100,1.000,0.100,0.200,0.040,1.000,0.500,0.800,0.300,0.400
Herb,5831,1.000,0.000,0.100,0.120,0.030,0.050,0.030,0.500,0.010,0.010,0.800,0.200,0.350,0.100,1.000,0.100,0.200,0.040,1.000,0.500,0.800,0.300,0.400
Herb,5830,1.000,0.000,0.100,0.120,0.030,0.050,0.030,0.500,0.010,0.010,0.800,0.200,0.350,0.100,1.000,0.100,0.200,0.040,1.000,0.500,0.800,0.300,0.400
Herb,5829,1.000,0.000,0.100,0.120,0.030,0.050,0.030,0.500,0.010,0.010,0.800,0.200,0.350,0.100,1.000,0.100,0.200,0.040,1.000,0.500,0.800,0.300,0.400
Herb,5828,1.000,0.000,0.100,0.120,0.030,0.050,0.030,0.500,0.010,0.010,0.800,0.200,0.350,0.100,1.000,0.100,0.200,0.040,1.000,0.500,0.800,0.300,0.400
Herb,5827,1.000,0.000,0.100,0.120,0.030,0.050,0.030,0.500,0.010,0.010,0.800,0.200,0.350,0.100,1.000,0.100,0.200,0.040,1.000,0.500,0.800,0.300,0.400
Herb,5826,1.000,0.000,0.100,0.120,0.030,0.050,0.030,0.500,0.010,0.010,0.800,0.200,0.350,0.100,1.000,0.100,0.200,0.040,1.000,0.500,0.800,0.300,0.400
Herb,5825,1.000,0.000,0.100,0.120,0.030,0.050,0.030,0.500,0.010,0.010,0.800,0.200,0.350,0.100,1.000,0.100,0.200,0.040,1.000,0.500,0.800,0.300,0.400
Herb,5824,1.000,0.000,0.100,0.120,0.030,0.050,0.030,0.500,0.010,0.010,0.800,0.200,0.350,0.100,1.000,0.100,0.200,0.040,1.000,0.500,0.800,0.300,0.400
Herb,5823,1.000,0.000,0.100,0.120,0.030,0.050,0.030,0.500,0.010,0.010,0.800,0.200,0.350,0.100,1.000,0.100,0.200,0.040,1.000,0.500,0.800,0.300,0.400
Herb,5822,1.000,0.000,0.100,0.120,0.030,0.050,0.030,0.500,0.010,0.010,0.800,0.200,0.350,0.100,1.000,0.100,0.200,0.040,1.000,0.500,0.800,0.300,0.400
Herb,5821,1.000,0.000,0.100,0.120,0.030,0.050,0.030,0.500,0.010,0.010,0.800,0.200,0.350,0.100,1.000,0.100,0.200,0.040,1.000,0.500,0.800,0.300,0.400
Herb,5844,1.000,0.000,0.100,0.120,0.030,0.050,0.030,0.500,0.010,0.010,0.800,0.200,0.350,0.100,1.000,0.100,0.200,0.040,1.000,0.500,0.800,0.300,0.400
Herb,5820,1.000,0.000,0.100,0.120,0.030,0.050,0.030,0.500,0.010,0.010,0.800,0.200,0.350,0.100,1.000,0.100,0.200,0.040,1.000,0.500,0.800,0.300,0.400
Herb,5845,1.000,0.000,0.100,0.120,0.030,0.050,0.030,0.500,0.010,0.010,0.800,0.200,0.350,0.100,1.000,0.100,0.200,0.040,1.000,0.500,0.800,0.300,0.400
Herb,5847,1.000,0.000,0.100,0.120,0.030,0.050,0.030,0.500,0.010,0.010,0.800,0.200,0.350,0.100,1.000,0.100,0.200,0.040,1.000,0.500,0.800,0.300,0.400
Herb,5006,1.000,0.000,0.100,0.120,0.030,0.050,0.030,0.500,0.010,0.010,0.800,0.200,0.350,0.100,1.000,0.100,0.200,0.040,1.000,0.500,0.800,0.300,0.400
Herb,5869,1.000,0.000,0.100,0.120,0.030,0.050,0.030,0.500,0.010,0.010,0.800,0.200,0.350,0.100,1.000,0.100,0.200,0.040,1.000,0.500,0.800,0.300,0.400
Herb,5868,1.000,0.000,0.100,0.120,0.030,0.050,0.030,0.500,0.010,0.010,0.800,0.200,0.350,0.100,1.000,0.100,0.200,0.040,1.000,0.500,0.800,0.300,0.400
Herb,5867,1.000,0.000,0.100,0.120,0.030,0.050,0.030,0.500,0.010,0.010,0.800,0.200,0.350,0.100,1.000,0.100,0.200,0.040,1.000,0.500,0.800,0.300,0.400
Herb,5866,1.000,0.000,0.100,0.120,0.030,0.050,0.030,0.500,0.010,0.010,0.800,0.200,0.350,0.100,1.000,0.100,0.200,0.040,1.000,0.500,0.800,0.300,0.400
Herb,5865,1.000,0.000,0.100,0.120,0.030,0.050,0.030,0.500,0.010,0.010,0.800,0.200,0.350,0.100,1.000,0.100,0.200,0.040,1.000,0.500,0.800,0.300,0.400
Herb,5864,1.000,0.000,0.100,0.120,0.030,0.050,0.030,0.500,0.010,0.010,0.800,0.200,0.350,0.100,1.000,0.100,0.200,0.040,1.000,0.500,0.800,0.300,0.400
Herb,5863,1.000,0.000,0.100,0.120,0.030,0.050,0.030,0.500,0.010,0.010,0.800,0.200,0.350,0.100,1.000,0.100,0.200,0.040,1.000,0.500,0.800,0.300,0.400
Herb,5862,1.000,0.000,0.100,0.120,0.030,0.050,0.030,0.500,0.010,0.010,0.800,0.200,0.350,0.100,1.000,0.100,0.200,0.040,1.000,0.500,0.800,0.300,0.400
Herb,5861,1.000,0.000,0.100,0.120,0.030,0.050,0.030,0.500,0.010,0.010,0.800,0.200,0.350,0.100,1.000,0.100,0.200,0.040,1.000,0.500,0.800,0.300,0.400
Herb,5860,1.000,0.000,0.100,0.120,0.030,0.050,0.030,0.500,0.010,0.010,0.800,0.200,0.350,0.100,1.000,0.100,0.200,0.040,1.000,0.500,0.800,0.300,0.400
Herb,5859,1.000,0.000,0.100,0.120,0.030,0.050,0.030,0.500,0.010,0.010,0.800,0.200,0.350,0.100,1.000,0.100,0.200,0.040,1.000,0.500,0.800,0.300,0.400
Herb,5858,1.000,0.000,0.100,0.120,0.030,0.050,0.030,0.500,0.010,0.010,0.800,0.200,0.350,0.100,1.000,0.100,0.200,0.040,1.000,0.500,0.800,0.300,0.400
Herb,5857,1.000,0.000,0.100,0.120,0.030,0.050,0.030,0.500,0.010,0.010,0.800,0.200,0.350,0.100,1.000,0.100,0.200,0.040,1.000,0.500,0.800,0.300,0.400
Herb,5856,1.000,0.000,0.100,0.120,0.030,0.050,0.030,0.500,0.010,0.010,0.800,0.200,0.350,0.100,1.000,0.100,0.200,0.040,1.000,0.500,0.800,0.300,0.400
Herb,5855,1.000,0.000,0.100,0.120,0.030,0.050,0.030,0.500,0.010,0.010,0.800,0.200,0.350,0.100,1.000,0.100,0.200,0.040,1.000,0.500,0.800,0.300,0.400
Herb,5854,1.000,0.000,0.100,0.120,0.030,0.050,0.030,0.500,0.010,0.010,0.800,0.200,0.350,0.100,1.000,0.100,0.200,0.040,1.000,0.500,0.800,0.300,0.400
Herb,5853,1.000,0.000,0.100,0.120,0.030,0.050,0.030,0.500,0.010,0.010,0.800,0.200,0.350,0.100,1.000,0.100,0.200,0.040,1.000,0.500,0.800,0.300,0.400
Herb,5852,1.000,0.000,0.100,0.120,0.030,0.050,0.030,0.500,0.010,0.010,0.800,0.200,0.350,0.100,1.000,0.100,0.200,0.040,1.000,0.500,0.800,0.300,0.400
Herb,5851,1.000,0.000,0.100,0.120,0.030,0.050,0.030,0.500,0.010,0.010,0.800,0.200,0.350,0.100,1.000,0.100,0.200,0.040,1.000,0.500,0.800,0.300,0.400
Herb,5850,1.000,0.000,0.100,0.120,0.030,0.050,0.030,0.500,0.010,0.010,0.800,0.200,0.350,0.100,1.000,0.100,0.200,0.040,1.000,0.500,0.800,0.300,0.400
Herb,5849,1.000,0.000,0.100,0.120,0.030,0.050,0.030,0.500,0.010,0.010,0.800,0.200,0.350,0.100,1.000,0.100,0.200,0.040,1.000,0.500,0.800,0.300,0.400
Herb,5848,1.000,0.000,0.100,0.120,0.030,0.050,0.030,0.500,0.010,0.010,0.800,0.200,0.350,0.100,1.000,0.100,0.200,0.040,1.000,0.500,0.800,0.300,0.400
Herb,5846,1.000,0.000,0.100,0.120,0.030,0.050,0.030,0.500,0.010,0.010,0.800,0.200,0.350,0.100,1.000,0.100,0.200,0.040,1.000,0.500,0.800,0.300,0.400
Herb,5765,1.000,0.000,0.100,0.120,0.030,0.050,0.030,0.500,0.010,0.010,0.800,0.200,0.350,0.100,1.000,0.100,0.200,0.040,1.000,0.500,0.800,0.300,0.400
Herb,5819,1.000,0.000,0.100,0.120,0.030,0.050,0.030,0.500,0.010,0.010,0.800,0.200,0.350,0.100,1.000,0.100,0.200,0.040,1.000,0.500,0.800,0.300,0.400
Herb,5817,1.000,0.000,0.100,0.120,0.030,0.050,0.030,0.500,0.010,0.010,0.800,0.200,0.350,0.100,1.000,0.100,0.200,0.040,1.000,0.500,0.800,0.300,0.400
Herb,5789,1.000,0.000,0.100,0.120,0.030,0.050,0.030,0.500,0.010,0.010,0.800,0.200,0.350,0.100,1.000,0.100,0.200,0.040,1.000,0.500,0.800,0.300,0.400
Herb,5788,1.000,0.000,0.100,0.120,0.030,0.050,0.030,0.500,0.010,0.010,0.800,0.200,0.350,0.100,1.000,0.100,0.200,0.040,1.000,0.500,0.800,0.300,0.400
Herb,5787,1.000,0.000,0.100,0.120,0.030,0.050,0.030,0.500,0.010,0.010,0.800,0.200,0.350,0.100,1.000,0.100,0.200,0.040,1.000,0.500,0.800,0.300,0.400
Herb,5786,1.000,0.000,0.100,0.120,0.030,0.050,0.030,0.500,0.010,0.010,0.800,0.200,0.350,0.100,1.000,0.100,0.200,0.040,1.000,0.500,0.800,0.300,0.400
Herb,5785,1.000,0.000,0.100,0.120,0.030,0.050,0.030,0.500,0.010,0.010,0.800,0.200,0.350,0.100,1.000,0.100,0.200,0.040,1.000,0.500,0.800,0.300,0.400
Herb,5784,1.000,0.000,0.100,0.120,0.030,0.050,0.030,0.500,0.010,0.010,0.800,0.200,0.350,0.100,1.000,0.100,0.200,0.040,1.000,0.500,0.800,0.300,0.400
Herb,5783,1.000,0.000,0.100,0.120,0.030,0.050,0.030,0.500,0.010,0.010,0.800,0.200,0.350,0.100,1.000,0.100,0.200,0.040,1.000,0.500,0.800,0.300,0.400
Herb,5782,1.000,0.000,0.100,0.120,0.030,0.050,0.030,0.500,0.010,0.010,0.800,0.200,0.350,0.100,1.000,0.100,0.200,0.040,1.000,0.500,0.800,0.300,0.400
Herb,5781,1.000,0.000,0.100,0.120,0.030,0.050,0.030,0.500,0.010,0.010,0.800,0.200,0.350,0.100,1.000,0.100,0.200,0.040,1.000,0.500,0.800,0.300,0.400
Herb,5780,1.000,0.000,0.100,0.120,0.030,0.050,0.030,0.500,0.010,0.010,0.800,0.200,0.350,0.100,1.000,0.100,0.200,0.040,1.000,0.500,0.800,0.300,0.400
Herb,5779,1.000,0.000,0.100,0.120,0.030,0.050,0.030,0.500,0.010,0.010,0.800,0.200,0.350,0.100,1.000,0.100,0.200,0.040,1.000,0.500,0.800,0.300,0.400
Herb,5778,1.000,0.000,0.100,0.120,0.030,0.050,0.030,0.500,0.010,0.010,0.800,0.200,0.350,0.100,1.000,0.100,0.200,0.040,1.000,0.500,0.800,0.300,0.400
Herb,5777,1.000,0.000,0.100,0.120,0.030,0.050,0.030,0.500,0.010,0.010,0.800,0.200,0.350,0.100,1.000,0.100,0.200,0.040,1.000,0.500,0.800,0.300,0.400
Herb,5776,1.000,0.000,0.100,0.120,0.030,0.050,0.030,0.500,0.010,0.010,0.800,0.200,0.350,0.100,1.000,0.100,0.200,0.040,1.000,0.500,0.800,0.300,0.400
Herb,5775,1.000,0.000,0.100,0.120,0.030,0.050,0.030,0.500,0.010,0.010,0.800,0.200,0.350,0.100,1.000,0.100,0.200,0.040,1.000,0.500,0.800,0.300,0.400
Herb,5774,1.000,0.000,0.100,0.120,0.030,0.050,0.030,0.500,0.010,0.010,0.800,0.200,0.350,0.100,1.000,0.100,0.200,0.040,1.000,0.500,0.800,0.300,0.400
Herb,5773,1.000,0.000,0.100,0.120,0.030,0.050,0.030,0.500,0.010,0.010,0.800,0.200,0.350,0.100,1.000,0.100,0.200,0.040,1.000,0.500,0.800,0.300,0.400
Herb,5772,1.000,0.000,0.100,0.120,0.030,0.050,0.030,0.500,0.010,0.010,0.800,0.200,0.350,0.100,1.000,0.100,0.200,0.040,1.000,0.500,0.800,0.300,0.400
Herb,5771,1.000,0.000,0.100,0.120,0.030,0.050,0.030,0.500,0.010,0.010,0.800,0.200,0.350,0.100,1.000,0.100,0.200,0.040,1.000,0.500,0.800,0.300,0.400
Herb,5770,1.000,0.000,0.100,0.120,0.030,0.050,0.030,0.500,0.010,0.010,0.800,0.200,0.350,0.100,1.000,0.100,0.200,0.040,1.000,0.500,0.800,0.300,0.400
Herb,5769,1.000,0.000,0.100,0.120,0.030,0.050,0.030,0.500,0.010,0.010,0.800,0.200,0.350,0.100,1.000,0.100,0.200,0.040,1.000,0.500,0.800,0.300,0.400
Herb,5768,1.000,0.000,0.100,0.120,0.030,0.050,0.030,0.500,0.010,0.010,0.800,0.200,0.350,0.100,1.000,0.100,0.200,0.040,1.000,0.500,0.800,0.300,0.400
Herb,5767,1.000,0.000,0.100,0.120,0.030,0.050,0.030,0.500,0.010,0.010,0.800,0.200,0.350,0.100,1.000,0.100,0.200,0.040,1.000,0.500,0.800,0.300,0.400
Herb,5790,1.000,0.000,0.100,0.120,0.030,0.050,0.030,0.500,0.010,0.010,0.800,0.200,0.350,0.100,1.000,0.100,0.200,0.040,1.000,0.500,0.800,0.300,0.400
Herb,5818,1.000,0.000,0.100,0.120,0.030,0.050,0.030,0.500,0.010,0.010,0.800,0.200,0.350,0.100,1.000,0.100,0.200,0.040,1.000,0.500,0.800,0.300,0.400
Herb,5791,1.000,0.000,0.100,0.120,0.030,0.050,0.030,0.500,0.010,0.010,0.800,0.200,0.350,0.100,1.000,0.100,0.200,0.040,1.000,0.500,0.800,0.300,0.400
Herb,5793,1.000,0.000,0.100,0.120,0.030,0.050,0.030,0.500,0.010,0.010,0.800,0.200,0.350,0.100,1.000,0.100,0.200,0.040,1.000,0.500,0.800,0.300,0.400
Herb,5816,1.000,0.000,0.100,0.120,0.030,0.050,0.030,0.500,0.010,0.010,0.800,0.200,0.350,0.100,1.000,0.100,0.200,0.040,1.000,0.500,0.800,0.300,0.400
Herb,5815,1.000,0.000,0.100,0.120,0.030,0.050,0.030,0.500,0.010,0.010,0.800,0.200,0.350,0.100,1.000,0.100,0.200,0.040,1.000,0.500,0.800,0.300,0.400
Herb,5814,1.000,0.000,0.100,0.120,0.030,0.050,0.030,0.500,0.010,0.010,0.800,0.200,0.350,0.100,1.000,0.100,0.200,0.040,1.000,0.500,0.800,0.300,0.400
Herb,5813,1.000,0.000,0.100,0.120,0.030,0.050,0.030,0.500,0.010,0.010,0.800,0.200,0.350,0.100,1.000,0.100,0.200,0.040,1.000,0.500,0.800,0.300,0.400
Herb,5812,1.000,0.000,0.100,0.120,0.030,0.050,0.030,0.500,0.010,0.010,0.800,0.200,0.350,0.100,1.000,0.100,0.200,0.040,1.000,0.500,0.800,0.300,0.400
Herb,5811,1.000,0.000,0.100,0.120,0.030,0.050,0.030,0.500,0.010,0.010,0.800,0.200,0.350,0.100,1.000,0.100,0.200,0.040,1.000,0.500,0.800,0.300,0.400
Herb,5810,1.000,0.000,0.100,0.120,0.030,0.050,0.030,0.500,0.010,0.010,0.800,0.200,0.350,0.100,1.000,0.100,0.200,0.040,1.000,0.500,0.800,0.300,0.400
Herb,5809,1.000,0.000,0.100,0.120,0.030,0.050,0.030,0.500,0.010,0.010,0.800,0.200,0.350,0.100,1.000,0.100,0.200,0.040,1.000,0.500,0.800,0.300,0.400
Herb,5808,1.000,0.000,0.100,0.120,0.030,0.050,0.030,0.500,0.010,0.010,0.800,0.200,0.350,0.100,1.000,0.100,0.200,0.040,1.000,0.500,0.800,0.300,0.400
Herb,5807,1.000,0.000,0.100,0.120,0.030,0.050,0.030,0.500,0.010,0.010,0.800,0.200,0.350,0.100,1.000,0.100,0.200,0.040,1.000,0.500,0.800,0.300,0.400
Herb,5806,1.000,0.000,0.100,0.120,0.030,0.050,0.030,0.500,0.010,0.010,0.800,0.200,0.350,0.100,1.000,0.100,0.200,0.040,1.000,0.500,0.800,0.300,0.400
Herb,5805,1.000,0.000,0.100,0.120,0.030,0.050,0.030,0.500,0.010,0.010,0.800,0.200,0.350,0.100,1.000,0.100,0.200,0.040,1.000,0.500,0.800,0.300,0.400
Herb,5804,1.000,0.000,0.100,0.120,0.030,0.050,0.030,0.500,0.010,0.010,0.800,0.200,0.350,0.100,1.000,0.100,0.200,0.040,1.000,0.500,0.800,0.300,0.400
Herb,5803,1.000,0.000,0.100,0.120,0.030,0.050,0.030,0.500,0.010,0.010,0.800,0.200,0.350,0.100,1.000,0.100,0.200,0.040,1.000,0.500,0.800,0.300,0.400
Herb,5802,1.000,0.000,0.100,0.120,0.030,0.050,0.030,0.500,0.010,0.010,0.800,0.200,0.350,0.100,1.000,0.100,0.200,0.040,1.000,0.500,0.800,0.300,0.400
Herb,5801,1.000,0.000,0.100,0.120,0.030,0.050,0.030,0.500,0.010,0.010,0.800,0.200,0.350,0.100,1.000,0.100,0.200,0.040,1.000,0.500,0.800,0.300,0.400
Herb,5800,1.000,0.000,0.100,0.120,0.030,0.050,0.030,0.500,0.010,0.010,0.800,0.200,0.350,0.100,1.000,0.100,0.200,0.040,1.000,0.500,0.800,0.300,0.400
Herb,5799,1.000,0.000,0.100,0.120,0.030,0.050,0.030,0.500,0.010,0.010,0.800,0.200,0.350,0.100,1.000,0.100,0.200,0.040,1.000,0.500,0.800,0.300,0.400
Herb,5798,1.000,0.000,0.100,0.120,0.030,0.050,0.030,0.500,0.010,0.010,0.800,0.200,0.350,0.100,1.000,0.100,0.200,0.040,1.000,0.500,0.800,0.300,0.400
Herb,5797,1.000,0.000,0.100,0.120,0.030,0.050,0.030,0.500,0.010,0.010,0.800,0.200,0.350,0.100,1.000,0.100,0.200,0.040,1.000,0.500,0.800,0.300,0.400
Herb,5796,1.000,0.000,0.100,0.120,0.030,0.050,0.030,0.500,0.010,0.010,0.800,0.200,0.350,0.100,1.000,0.100,0.200,0.040,1.000,0.500,0.800,0.300,0.400
Herb,5795,1.000,0.000,0.100,0.120,0.030,0.050,0.030,0.500,0.010,0.010,0.800,0.200,0.350,0.100,1.000,0.100,0.200,0.040,1.000,0.500,0.800,0.300,0.400
Herb,5794,1.000,0.000,0.100,0.120,0.030,0.050,0.030,0.500,0.010,0.010,0.800,0.200,0.350,0.100,1.000,0.100,0.200,0.040,1.000,0.500,0.800,0.300,0.400
Herb,5792,1.000,0.000,0.100,0.120,0.030,0.050,0.030,0.500,0.010,0.010,0.800,0.200,0.350,0.100,1.000,0.100,0.200,0.040,1.000,0.500,0.800,0.300,0.400
Herb,5656,1.000,0.000,0.100,0.120,0.030,0.050,0.030,0.500,0.010,0.010,0.800,0.200,0.350,0.100,1.000,0.100,0.200,0.040,1.000,0.500,0.800,0.300,0.400
Herb,5655,1.000,0.000,0.100,0.120,0.030,0.050,0.030,0.500,0.010,0.010,0.800,0.200,0.350,0.100,1.000,0.100,0.200,0.040,1.000,0.500,0.800,0.300,0.400
Herb,5654,1.000,0.000,0.100,0.120,0.030,0.050,0.030,0.500,0.010,0.010,0.800,0.200,0.350,0.100,1.000,0.100,0.200,0.040,1.000,0.500,0.800,0.300,0.400
Herb,5516,1.000,0.000,0.100,0.120,0.030,0.050,0.030,0.500,0.010,0.010,0.800,0.200,0.350,0.100,1.000,0.100,0.200,0.040,1.000,0.500,0.800,0.300,0.400
Herb,5515,1.000,0.000,0.100,0.120,0.030,0.050,0.030,0.500,0.010,0.010,0.800,0.200,0.350,0.100,1.000,0.100,0.200,0.040,1.000,0.500,0.800,0.300,0.400
Herb,5514,1.000,0.000,0.100,0.120,0.030,0.050,0.030,0.500,0.010,0.010,0.800,0.200,0.350,0.100,1.000,0.100,0.200,0.040,1.000,0.500,0.800,0.300,0.400
Herb,5513,1.000,0.000,0.100,0.120,0.030,0.050,0.030,0.500,0.010,0.010,0.800,0.200,0.350,0.100,1.000,0.100,0.200,0.040,1.000,0.500,0.800,0.300,0.400
Herb,5512,1.000,0.000,0.100,0.120,0.030,0.050,0.030,0.500,0.010,0.010,0.800,0.200,0.350,0.100,1.000,0.100,0.200,0.040,1.000,0.500,0.800,0.300,0.400
Herb,5511,1.000,0.000,0.100,0.120,0.030,0.050,0.030,0.500,0.010,0.010,0.800,0.200,0.350,0.100,1.000,0.100,0.200,0.040,1.000,0.500,0.800,0.300,0.400
Herb,5510,1.000,0.000,0.100,0.120,0.030,0.050,0.030,0.500,0.010,0.010,0.800,0.200,0.350,0.100,1.000,0.100,0.200,0.040,1.000,0.500,0.800,0.300,0.400
Herb,5509,1.000,0.000,0.100,0.120,0.030,0.050,0.030,0.500,0.010,0.010,0.800,0.200,0.350,0.100,1.000,0.100,0.200,0.040,1.000,0.500,0.800,0.300,0.400
Herb,5508,1.000,0.000,0.100,0.120,0.030,0.050,0.030,0.500,0.010,0.010,0.800,0.200,0.350,0.100,1.000,0.100,0.200,0.040,1.000,0.500,0.800,0.300,0.400
Herb,5507,1.000,0.000,0.100,0.120,0.030,0.050,0.030,0.500,0.010,0.010,0.800,0.200,0.350,0.100,1.000,0.100,0.200,0.040,1.000,0.500,0.800,0.300,0.400
Herb,5506,1.000,0.000,0.100,0.120,0.030,0.050,0.030,0.500,0.010,0.010,0.800,0.200,0.350,0.100,1.000,0.100,0.200,0.040,1.000,0.500,0.800,0.300,0.400
Herb,5505,1.000,0.000,0.100,0.120,0.030,0.050,0.030,0.500,0.010,0.010,0.800,0.200,0.350,0.100,1.000,0.100,0.200,0.040,1.000,0.500,0.800,0.300,0.400
Herb,5504,1.000,0.000,0.100,0.120,0.030,0.050,0.030,0.500,0.010,0.010,0.800,0.200,0.350,0.100,1.000,0.100,0.200,0.040,1.000,0.500,0.800,0.300,0.400
Herb,5503,1.000,0.000,0.100,0.120,0.030,0.050,0.030,0.500,0.010,0.010,0.800,0.200,0.350,0.100,1.000,0.100,0.200,0.040,1.000,0.500,0.800,0.300,0.400
Herb,5502,1.000,0.000,0.100,0.120,0.030,0.050,0.030,0.500,0.010,0.010,0.800,0.200,0.350,0.100,1.000,0.100,0.200,0.040,1.000,0.500,0.800,0.300,0.400
Herb,5501,1.000,0.000,0.100,0.120,0.030,0.050,0.030,0.500,0.010,0.010,0.800,0.200,0.350,0.100,1.000,0.100,0.200,0.040,1.000,0.500,0.800,0.300,0.400
Herb,5500,1.000,0.000,0.100,0.120,0.030,0.050,0.030,0.500,0.010,0.010,0.800,0.200,0.350,0.100,1.000,0.100,0.200,0.040,1.000,0.500,0.800,0.300,0.400
Herb,5499,1.000,0.000,0.100,0.120,0.030,0.050,0.030,0.500,0.010,0.010,0.800,0.200,0.350,0.100,1.000,0.100,0.200,0.040,1.000,0.500,0.800,0.300,0.400
Herb,5498,1.000,0.000,0.100,0.120,0.030,0.050,0.030,0.500,0.010,0.010,0.800,0.200,0.350,0.100,1.000,0.100,0.200,0.040,1.000,0.500,0.800,0.300,0.400
Herb,5497,1.000,0.000,0.100,0.120,0.030,0.050,0.030,0.500,0.010,0.010,0.800,0.200,0.350,0.100,1.000,0.100,0.200,0.040,1.000,0.500,0.800,0.300,0.400
Herb,5496,1.000,0.000,0.100,0.120,0.030,0.050,0.030,0.500,0.010,0.010,0.800,0.200,0.350,0.100,1.000,0.100,0.200,0.040,1.000,0.500,0.800,0.300,0.400
Herb,5495,1.000,0.000,0.100,0.120,0.030,0.050,0.030,0.500,0.010,0.010,0.800,0.200,0.350,0.100,1.000,0.100,0.200,0.040,1.000,0.500,0.800,0.300,0.400
Herb,5494,1.000,0.000,0.100,0.120,0.030,0.050,0.030,0.500,0.010,0.010,0.800,0.200,0.350,0.100,1.000,0.100,0.200,0.040,1.000,0.500,0.800,0.300,0.400
Herb,5517,1.000,0.000,0.100,0.120,0.030,0.050,0.030,0.500,0.010,0.010,0.800,0.200,0.350,0.100,1.000,0.100,0.200,0.040,1.000,0.500,0.800,0.300,0.400
Herb,5493,1.000,0.000,0.100,0.120,0.030,0.050,0.030,0.500,0.010,0.010,0.800,0.200,0.350,0.100,1.000,0.100,0.200,0.040,1.000,0.500,0.800,0.300,0.400
Herb,5518,1.000,0.000,0.100,0.120,0.030,0.050,0.030,0.500,0.010,0.010,0.800,0.200,0.350,0.100,1.000,0.100,0.200,0.040,1.000,0.500,0.800,0.300,0.400
Herb,5520,1.000,0.000,0.100,0.120,0.030,0.050,0.030,0.500,0.010,0.010,0.800,0.200,0.350,0.100,1.000,0.100,0.200,0.040,1.000,0.500,0.800,0.300,0.400
Herb,5543,1.000,0.000,0.100,0.120,0.030,0.050,0.030,0.500,0.010,0.010,0.800,0.200,0.350,0.100,1.000,0.100,0.200,0.040,1.000,0.500,0.800,0.300,0.400
Herb,5542,1.000,0.000,0.100,0.120,0.030,0.050,0.030,0.500,0.010,0.010,0.800,0.200,0.350,0.100,1.000,0.100,0.200,0.040,1.000,0.500,0.800,0.300,0.400
Herb,5541,1.000,0.000,0.100,0.120,0.030,0.050,0.030,0.500,0.010,0.010,0.800,0.200,0.350,0.100,1.000,0.100,0.200,0.040,1.000,0.500,0.800,0.300,0.400
Herb,5540,1.000,0.000,0.100,0.120,0.030,0.050,0.030,0.500,0.010,0.010,0.800,0.200,0.350,0.100,1.000,0.100,0.200,0.040,1.000,0.500,0.800,0.300,0.400
Herb,5539,1.000,0.000,0.100,0.120,0.030,0.050,0.030,0.500,0.010,0.010,0.800,0.200,0.350,0.100,1.000,0.100,0.200,0.040,1.000,0.500,0.800,0.300,0.400
Herb,5538,1.000,0.000,0.100,0.120,0.030,0.050,0.030,0.500,0.010,0.010,0.800,0.200,0.350,0.100,1.000,0.100,0.200,0.040,1.000,0.500,0.800,0.300,0.400
Herb,5537,1.000,0.000,0.100,0.120,0.030,0.050,0.030,0.500,0.010,0.010,0.800,0.200,0.350,0.100,1.000,0.100,0.200,0.040,1.000,0.500,0.800,0.300,0.400
Herb,5536,1.000,0.000,0.100,0.120,0.030,0.050,0.030,0.500,0.010,0.010,0.800,0.200,0.350,0.100,1.000,0.100,0.200,0.040,1.000,0.500,0.800,0.300,0.400
Herb,5535,1.000,0.000,0.100,0.120,0.030,0.050,0.030,0.500,0.010,0.010,0.800,0.200,0.350,0.100,1.000,0.100,0.200,0.040,1.000,0.500,0.800,0.300,0.400
Herb,5534,1.000,0.000,0.100,0.120,0.030,0.050,0.030,0.500,0.010,0.010,0.800,0.200,0.350,0.100,1.000,0.100,0.200,0.040,1.000,0.500,0.800,0.300,0.400
Herb,5533,1.000,0.000,0.100,0.120,0.030,0.050,0.030,0.500,0.010,0.010,0.800,0.200,0.350,0.100,1.000,0.100,0.200,0.040,1.000,0.500,0.800,0.300,0.400
Herb,5532,1.000,0.000,0.100,0.120,0.030,0.050,0.030,0.500,0.010,0.010,0.800,0.200,0.350,0.100,1.000,0.100,0.200,0.040,1.000,0.500,0.800,0.300,0.400
Herb,5531,1.000,0.000,0.100,0.120,0.030,0.050,0.030,0.500,0.010,0.010,0.800,0.200,0.350,0.100,1.000,0.100,0.200,0.040,1.000,0.500,0.800,0.300,0.400
Herb,5530,1.000,0.000,0.100,0.120,0.030,0.050,0.030,0.500,0.010,0.010,0.800,0.200,0.350,0.100,1.000,0.100,0.200,0.040,1.000,0.500,0.800,0.300,0.400
Herb,5529,1.000,0.000,0.100,0.120,0.030,0.050,0.030,0.500,0.010,0.010,0.800,0.200,0.350,0.100,1.000,0.100,0.200,0.040,1.000,0.500,0.800,0.300,0.400
Herb,5528,1.000,0.000,0.100,0.120,0.030,0.050,0.030,0.500,0.010,0.010,0.800,0.200,0.350,0.100,1.000,0.100,0.200,0.040,1.000,0.500,0.800,0.300,0.400
Herb,5527,1.000,0.000,0.100,0.120,0.030,0.050,0.030,0.500,0.010,0.010,0.800,0.200,0.350,0.100,1.000,0.100,0.200,0.040,1.000,0.500,0.800,0.300,0.400
Herb,5526,1.000,0.000,0.100,0.120,0.030,0.050,0.030,0.500,0.010,0.010,0.800,0.200,0.350,0.100,1.000,0.100,0.200,0.040,1.000,0.500,0.800,0.300,0.400
Herb,5525,1.000,0.000,0.100,0.120,0.030,0.050,0.030,0.500,0.010,0.010,0.800,0.200,0.350,0.100,1.000,0.100,0.200,0.040,1.000,0.500,0.800,0.300,0.400
Herb,5524,1.000,0.000,0.100,0.120,0.030,0.050,0.030,0.500,0.010,0.010,0.800,0.200,0.350,0.100,1.000,0.100,0.200,0.040,1.000,0.500,0.800,0.300,0.400
Herb,5523,1.000,0.000,0.100,0.120,0.030,0.050,0.030,0.500,0.010,0.010,0.800,0.200,0.350,0.100,1.000,0.100,0.200,0.040,1.000,0.500,0.800,0.300,0.400
Herb,5522,1.000,0.000,0.100,0.120,0.030,0.050,0.030,0.500,0.010,0.010,0.800,0.200,0.350,0.100,1.000,0.100,0.200,0.040,1.000,0.500,0.800,0.300,0.400
Herb,5521,1.000,0.000,0.100,0.120,0.030,0.050,0.030,0.500,0.010,0.010,0.800,0.200,0.350,0.100,1.000,0.100,0.200,0.040,1.000,0.500,0.800,0.300,0.400
Herb,5519,1.000,0.000,0.100,0.120,0.030,0.050,0.030,0.500,0.010,0.010,0.800,0.200,0.350,0.100,1.000,0.100,0.200,0.040,1.000,0.500,0.800,0.300,0.400
Herb,5544,1.000,0.000,0.100,0.120,0.030,0.050,0.030,0.500,0.010,0.010,0.800,0.200,0.350,0.100,1.000,0.100,0.200,0.040,1.000,0.500,0.800,0.300,0.400
Herb,5492,1.000,0.000,0.100,0.120,0.030,0.050,0.030,0.500,0.010,0.010,0.800,0.200,0.350,0.100,1.000,0.100,0.200,0.040,1.000,0.500,0.800,0.300,0.400
Herb,5490,1.000,0.000,0.100,0.120,0.030,0.050,0.030,0.500,0.010,0.010,0.800,0.200,0.350,0.100,1.000,0.100,0.200,0.040,1.000,0.500,0.800,0.300,0.400
Herb,5462,1.000,0.000,0.100,0.120,0.030,0.050,0.030,0.500,0.010,0.010,0.800,0.200,0.350,0.100,1.000,0.100,0.200,0.040,1.000,0.500,0.800,0.300,0.400
Herb,5461,1.000,0.000,0.100,0.120,0.030,0.050,0.030,0.500,0.010,0.010,0.800,0.200,0.350,0.100,1.000,0.100,0.200,0.040,1.000,0.500,0.800,0.300,0.400
Herb,5460,1.000,0.000,0.100,0.120,0.030,0.050,0.030,0.500,0.010,0.010,0.800,0.200,0.350,0.100,1.000,0.100,0.200,0.040,1.000,0.500,0.800,0.300,0.400
Herb,5459,1.000,0.000,0.100,0.120,0.030,0.050,0.030,0.500,0.010,0.010,0.800,0.200,0.350,0.100,1.000,0.100,0.200,0.040,1.000,0.500,0.800,0.300,0.400
Herb,5458,1.000,0.000,0.100,0.120,0.030,0.050,0.030,0.500,0.010,0.010,0.800,0.200,0.350,0.100,1.000,0.100,0.200,0.040,1.000,0.500,0.800,0.300,0.400
Herb,5457,1.000,0.000,0.100,0.120,0.030,0.050,0.030,0.500,0.010,0.010,0.800,0.200,0.350,0.100,1.000,0.100,0.200,0.040,1.000,0.500,0.800,0.300,0.400
Herb,5456,1.000,0.000,0.100,0.120,0.030,0.050,0.030,0.500,0.010,0.010,0.800,0.200,0.350,0.100,1.000,0.100,0.200,0.040,1.000,0.500,0.800,0.300,0.400
Herb,5455,1.000,0.000,0.100,0.120,0.030,0.050,0.030,0.500,0.010,0.010,0.800,0.200,0.350,0.100,1.000,0.100,0.200,0.040,1.000,0.500,0.800,0.300,0.400
Herb,5454,1.000,0.000,0.100,0.120,0.030,0.050,0.030,0.500,0.010,0.010,0.800,0.200,0.350,0.100,1.000,0.100,0.200,0.040,1.000,0.500,0.800,0.300,0.400
Herb,5453,1.000,0.000,0.100,0.120,0.030,0.050,0.030,0.500,0.010,0.010,0.800,0.200,0.350,0.100,1.000,0.100,0.200,0.040,1.000,0.500,0.800,0.300,0.400
Herb,5452,1.000,0.000,0.100,0.120,0.030,0.050,0.030,0.500,0.010,0.010,0.800,0.200,0.350,0.100,1.000,0.100,0.200,0.040,1.000,0.500,0.800,0.300,0.400
Herb,5451,1.000,0.000,0.100,0.120,0.030,0.050,0.030,0.500,0.010,0.010,0.800,0.200,0.350,0.100,1.000,0.100,0.200,0.040,1.000,0.500,0.800,0.300,0.400
Herb,5450,1.000,0.000,0.100,0.120,0.030,0.050,0.030,0.500,0.010,0.010,0.800,0.200,0.350,0.100,1.000,0.100,0.200,0.040,1.000,0.500,0.800,0.300,0.400
Herb,5449,1.000,0.000,0.100,0.120,0.030,0.050,0.030,0.500,0.010,0.010,0.800,0.200,0.350,0.100,1.000,0.100,0.200,0.040,1.000,0.500,0.800,0.300,0.400
Herb,5448,1.000,0.000,0.100,0.120,0.030,0.050,0.030,0.500,0.010,0.010,0.800,0.200,0.350,0.100,1.000,0.100,0.200,0.040,1.000,0.500,0.800,0.300,0.400
Herb,5447,1.000,0.000,0.100,0.120,0.030,0.050,0.030,0.500,0.010,0.010,0.800,0.200,0.350,0.100,1.000,0.100,0.200,0.040,1.000,0.500,0.800,0.300,0.400
Herb,5446,1.000,0.000,0.100,0.120,0.030,0.050,0.030,0.500,0.010,0.010,0.800,0.200,0.350,0.100,1.000,0.100,0.200,0.040,1.000,0.500,0.800,0.300,0.400
Herb,5445,1.000,0.000,0.100,0.120,0.030,0.050,0.030,0.500,0.010,0.010,0.800,0.200,0.350,0.100,1.000,0.100,0.200,0.040,1.000,0.500,0.800,0.300,0.400
Herb,5444,1.000,0.000,0.100,0.120,0.030,0.050,0.030,0.500,0.010,0.010,0.800,0.200,0.350,0.100,1.000,0.100,0.200,0.040,1.000,0.500,0.800,0.300,0.400
Herb,5443,1.000,0.000,0.100,0.120,0.030,0.050,0.030,0.500,0.010,0.010,0.800,0.200,0.350,0.100,1.000,0.100,0.200,0.040,1.000,0.500,0.800,0.300,0.400
Herb,5442,1.000,0.000,0.100,0.120,0.030,0.050,0.030,0.500,0.010,0.010,0.800,0.200,0.350,0.100,1.000,0.100,0.200,0.040,1.000,0.500,0.800,0.300,0.400
Herb,5441,1.000,0.000,0.100,0.120,0.030,0.050,0.030,0.500,0.010,0.010,0.800,0.200,0.350,0.100,1.000,0.100,0.200,0.040,1.000,0.500,0.800,0.300,0.400
Herb,5440,1.000,0.000,0.100,0.120,0.030,0.050,0.030,0.500,0.010,0.010,0.800,0.200,0.350,0.100,1.000,0.100,0.200,0.040,1.000,0.500,0.800,0.300,0.400
Herb,5463,1.000,0.000,0.100,0.120,0.030,0.050,0.030,0.500,0.010,0.010,0.800,0.200,0.350,0.100,1.000,0.100,0.200,0.040,1.000,0.500,0.800,0.300,0.400
Herb,5491,1.000,0.000,0.100,0.120,0.030,0.050,0.030,0.500,0.010,0.010,0.800,0.200,0.350,0.100,1.000,0.100,0.200,0.040,1.000,0.500,0.800,0.300,0.400
Herb,5464,1.000,0.000,0.100,0.120,0.030,0.050,0.030,0.500,0.010,0.010,0.800,0.200,0.350,0.100,1.000,0.100,0.200,0.040,1.000,0.500,0.800,0.300,0.400
Herb,5466,1.000,0.000,0.100,0.120,0.030,0.050,0.030,0.500,0.010,0.010,0.800,0.200,0.350,0.100,1.000,0.100,0.200,0.040,1.000,0.500,0.800,0.300,0.400
Herb,5489,1.000,0.000,0.100,0.120,0.030,0.050,0.030,0.500,0.010,0.010,0.800,0.200,0.350,0.100,1.000,0.100,0.200,0.040,1.000,0.500,0.800,0.300,0.400
Herb,5488,1.000,0.000,0.100,0.120,0.030,0.050,0.030,0.500,0.010,0.010,0.800,0.200,0.350,0.100,1.000,0.100,0.200,0.040,1.000,0.500,0.800,0.300,0.400
Herb,5487,1.000,0.000,0.100,0.120,0.030,0.050,0.030,0.500,0.010,0.010,0.800,0.200,0.350,0.100,1.000,0.100,0.200,0.040,1.000,0.500,0.800,0.300,0.400
Herb,5486,1.000,0.000,0.100,0.120,0.030,0.050,0.030,0.500,0.010,0.010,0.800,0.200,0.350,0.100,1.000,0.100,0.200,0.040,1.000,0.500,0.800,0.300,0.400
Herb,5485,1.000,0.000,0.100,0.120,0.030,0.050,0.030,0.500,0.010,0.010,0.800,0.200,0.350,0.100,1.000,0.100,0.200,0.040,1.000,0.500,0.800,0.300,0.400
Herb,5484,1.000,0.000,0.100,0.120,0.030,0.050,0.030,0.500,0.010,0.010,0.800,0.200,0.350,0.100,1.000,0.100,0.200,0.040,1.000,0.500,0.800,0.300,0.400
Herb,5483,1.000,0.000,0.100,0.120,0.030,0.050,0.030,0.500,0.010,0.010,0.800,0.200,0.350,0.100,1.000,0.100,0.200,0.040,1.000,0.500,0.800,0.300,0.400
Herb,5482,1.000,0.000,0.100,0.120,0.030,0.050,0.030,0.500,0.010,0.010,0.800,0.200,0.350,0.100,1.000,0.100,0.200,0.040,1.000,0.500,0.800,0.300,0.400
Herb,5481,1.000,0.000,0.100,0.120,0.030,0.050,0.030,0.500,0.010,0.010,0.800,0.200,0.350,0.100,1.000,0.100,0.200,0.040,1.000,0.500,0.800,0.300,0.400
Herb,5480,1.000,0.000,0.100,0.120,0.030,0.050,0.030,0.500,0.010,0.010,0.800,0.200,0.350,0.100,1.000,0.100,0.200,0.040,1.000,0.500,0.800,0.300,0.400
Herb,5479,1.000,0.000,0.100,0.120,0.030,0.050,0.030,0.500,0.010,0.010,0.800,0.200,0.350,0.100,1.000,0.100,0.200,0.040,1.000,0.500,0.800,0.300,0.400
Herb,5478,1.000,0.000,0.100,0.120,0.030,0.050,0.030,0.500,0.010,0.010,0.800,0.200,0.350,0.100,1.000,0.100,0.200,0.040,1.000,0.500,0.800,0.300,0.400
Herb,5477,1.000,0.000,0.100,0.120,0.030,0.050,0.030,0.500,0.010,0.010,0.800,0.200,0.350,0.100,1.000,0.100,0.200,0.040,1.000,0.500,0.800,0.300,0.400
Herb,5476,1.000,0.000,0.100,0.120,0.030,0.050,0.030,0.500,0.010,0.010,0.800,0.200,0.350,0.100,1.000,0.100,0.200,0.040,1.000,0.500,0.800,0.300,0.400
Herb,5475,1.000,0.000,0.100,0.120,0.030,0.050,0.030,0.500,0.010,0.010,0.800,0.200,0.350,0.100,1.000,0.100,0.200,0.040,1.000,0.500,0.800,0.300,0.400
Herb,5474,1.000,0.000,0.100,0.120,0.030,0.050,0.030,0.500,0.010,0.010,0.800,0.200,0.350,0.100,1.000,0.100,0.200,0.040,1.000,0.500,0.800,0.300,0.400
Herb,5473,1.000,0.000,0.100,0.120,0.030,0.050,0.030,0.500,0.010,0.010,0.800,0.200,0.350,0.100,1.000,0.100,0.200,0.040,1.000,0.500,0.800,0.300,0.400
Herb,5472,1.000,0.000,0.100,0.120,0.030,0.050,0.030,0.500,0.010,0.010,0.800,0.200,0.350,0.100,1.000,0.100,0.200,0.040,1.000,0.500,0.800,0.300,0.400
Herb,5471,1.000,0.000,0.100,0.120,0.030,0.050,0.030,0.500,0.010,0.010,0.800,0.200,0.350,0.100,1.000,0.100,0.200,0.040,1.000,0.500,0.800,0.300,0.400
Herb,5470,1.000,0.000,0.100,0.120,0.030,0.050,0.030,0.500,0.010,0.010,0.800,0.200,0.350,0.100,1.000,0.100,0.200,0.040,1.000,0.500,0.800,0.300,0.400
Herb,5469,1.000,0.000,0.100,0.120,0.030,0.050,0.030,0.500,0.010,0.010,0.800,0.200,0.350,0.100,1.000,0.100,0.200,0.040,1.000,0.500,0.800,0.300,0.400
Herb,5468,1.000,0.000,0.100,0.120,0.030,0.050,0.030,0.500,0.010,0.010,0.800,0.200,0.350,0.100,1.000,0.100,0.200,0.040,1.000,0.500,0.800,0.300,0.400
Herb,5467,1.000,0.000,0.100,0.120,0.030,0.050,0.030,0.500,0.010,0.010,0.800,0.200,0.350,0.100,1.000,0.100,0.200,0.040,1.000,0.500,0.800,0.300,0.400
Herb,5465,1.000,0.000,0.100,0.120,0.030,0.050,0.030,0.500,0.010,0.010,0.800,0.200,0.350,0.100,1.000,0.100,0.200,0.040,1.000,0.500,0.800,0.300,0.400
Herb,5545,1.000,0.000,0.100,0.120,0.030,0.050,0.030,0.500,0.010,0.010,0.800,0.200,0.350,0.100,1.000,0.100,0.200,0.040,1.000,0.500,0.800,0.300,0.400
Herb,5546,1.000,0.000,0.100,0.120,0.030,0.050,0.030,0.500,0.010,0.010,0.800,0.200,0.350,0.100,1.000,0.100,0.200,0.040,1.000,0.500,0.800,0.300,0.400
Herb,5547,1.000,0.000,0.100,0.120,0.030,0.050,0.030,0.500,0.010,0.010,0.800,0.200,0.350,0.100,1.000,0.100,0.200,0.040,1.000,0.500,0.800,0.300,0.400
Herb,5625,1.000,0.000,0.100,0.120,0.030,0.050,0.030,0.500,0.010,0.010,0.800,0.200,0.350,0.100,1.000,0.100,0.200,0.040,1.000,0.500,0.800,0.300,0.400
Herb,5624,1.000,0.000,0.100,0.120,0.030,0.050,0.030,0.500,0.010,0.010,0.800,0.200,0.350,0.100,1.000,0.100,0.200,0.040,1.000,0.500,0.800,0.300,0.400
Herb,5623,1.000,0.000,0.100,0.120,0.030,0.050,0.030,0.500,0.010,0.010,0.800,0.200,0.350,0.100,1.000,0.100,0.200,0.040,1.000,0.500,0.800,0.300,0.400
Herb,5622,1.000,0.000,0.100,0.120,0.030,0.050,0.030,0.500,0.010,0.010,0.800,0.200,0.350,0.100,1.000,0.100,0.200,0.040,1.000,0.500,0.800,0.300,0.400
Herb,5621,1.000,0.000,0.100,0.120,0.030,0.050,0.030,0.500,0.010,0.010,0.800,0.200,0.350,0.100,1.000,0.100,0.200,0.040,1.000,0.500,0.800,0.300,0.400
Herb,5620,1.000,0.000,0.100,0.120,0.030,0.050,0.030,0.500,0.010,0.010,0.800,0.200,0.350,0.100,1.000,0.100,0.200,0.040,1.000,0.500,0.800,0.300,0.400
Herb,5619,1.000,0.000,0.100,0.120,0.030,0.050,0.030,0.500,0.010,0.010,0.800,0.200,0.350,0.100,1.000,0.100,0.200,0.040,1.000,0.500,0.800,0.300,0.400
Herb,5618,1.000,0.000,0.100,0.120,0.030,0.050,0.030,0.500,0.010,0.010,0.800,0.200,0.350,0.100,1.000,0.100,0.200,0.040,1.000,0.500,0.800,0.300,0.400
Herb,5617,1.000,0.000,0.100,0.120,0.030,0.050,0.030,0.500,0.010,0.010,0.800,0.200,0.350,0.100,1.000,0.100,0.200,0.040,1.000,0.500,0.800,0.300,0.400
Herb,5616,1.000,0.000,0.100,0.120,0.030,0.050,0.030,0.500,0.010,0.010,0.800,0.200,0.350,0.100,1.000,0.100,0.200,0.040,1.000,0.500,0.800,0.300,0.400
Herb,5615,1.000,0.000,0.100,0.120,0.030,0.050,0.030,0.500,0.010,0.010,0.800,0.200,0.350,0.100,1.000,0.100,0.200,0.040,1.000,0.500,0.800,0.300,0.400
Herb,5614,1.000,0.000,0.100,0.120,0.030,0.050,0.030,0.500,0.010,0.010,0.800,0.200,0.350,0.100,1.000,0.100,0.200,0.040,1.000,0.500,0.800,0.300,0.400
Herb,5613,1.000,0.000,0.100,0.120,0.030,0.050,0.030,0.500,0.010,0.010,0.800,0.200,0.350,0.100,1.000,0.100,0.200,0.040,1.000,0.500,0.800,0.300,0.400
Herb,5612,1.000,0.000,0.100,0.120,0.030,0.050,0.030,0.500,0.010,0.010,0.800,0.200,0.350,0.100,1.000,0.100,0.200,0.040,1.000,0.500,0.800,0.300,0.400
Herb,5611,1.000,0.000,0.100,0.120,0.030,0.050,0.030,0.500,0.010,0.010,0.800,0.200,0.350,0.100,1.000,0.100,0.200,0.040,1.000,0.500,0.800,0.300,0.400
Herb,5610,1.000,0.000,0.100,0.120,0.030,0.050,0.030,0.500,0.010,0.010,0.800,0.200,0.350,0.100,1.000,0.100,0.200,0.040,1.000,0.500,0.800,0.300,0.400
Herb,5609,1.000,0.000,0.100,0.120,0.030,0.050,0.030,0.500,0.010,0.010,0.800,0.200,0.350,0.100,1.000,0.100,0.200,0.040,1.000,0.500,0.800,0.300,0.400
Herb,5608,1.000,0.000,0.100,0.120,0.030,0.050,0.030,0.500,0.010,0.010,0.800,0.200,0.350,0.100,1.000,0.100,0.200,0.040,1.000,0.500,0.800,0.300,0.400
Herb,5607,1.000,0.000,0.100,0.120,0.030,0.050,0.030,0.500,0.010,0.010,0.800,0.200,0.350,0.100,1.000,0.100,0.200,0.040,1.000,0.500,0.800,0.300,0.400
Herb,5606,1.000,0.000,0.100,0.120,0.030,0.050,0.030,0.500,0.010,0.010,0.800,0.200,0.350,0.100,1.000,0.100,0.200,0.040,1.000,0.500,0.800,0.300,0.400
Herb,5605,1.000,0.000,0.100,0.120,0.030,0.050,0.030,0.500,0.010,0.010,0.800,0.200,0.350,0.100,1.000,0.100,0.200,0.040,1.000,0.500,0.800,0.300,0.400
Herb,5604,1.000,0.000,0.100,0.120,0.030,0.050,0.030,0.500,0.010,0.010,0.800,0.200,0.350,0.100,1.000,0.100,0.200,0.040,1.000,0.500,0.800,0.300,0.400
Herb,5603,1.000,0.000,0.100,0.120,0.030,0.050,0.030,0.500,0.010,0.010,0.800,0.200,0.350,0.100,1.000,0.100,0.200,0.040,1.000,0.500,0.800,0.300,0.400
Herb,5626,1.000,0.000,0.100,0.120,0.030,0.050,0.030,0.500,0.010,0.010,0.800,0.200,0.350,0.100,1.000,0.100,0.200,0.040,1.000,0.500,0.800,0.300,0.400
Herb,5602,1.000,0.000,0.100,0.120,0.030,0.050,0.030,0.500,0.010,0.010,0.800,0.200,0.350,0.100,1.000,0.100,0.200,0.040,1.000,0.500,0.800,0.300,0.400
Herb,5627,1.000,0.000,0.100,0.120,0.030,0.050,0.030,0.500,0.010,0.010,0.800,0.200,0.350,0.100,1.000,0.100,0.200,0.040,1.000,0.500,0.800,0.300,0.400
Herb,5629,1.000,0.000,0.100,0.120,0.030,0.050,0.030,0.500,0.010,0.010,0.800,0.200,0.350,0.100,1.000,0.100,0.200,0.040,1.000,0.500,0.800,0.300,0.400
Herb,5653,1.000,0.000,0.100,0.120,0.030,0.050,0.030,0.500,0.010,0.010,0.800,0.200,0.350,0.100,1.000,0.100,0.200,0.040,1.000,0.500,0.800,0.300,0.400
Herb,5651,1.000,0.000,0.100,0.120,0.030,0.050,0.030,0.500,0.010,0.010,0.800,0.200,0.350,0.100,1.000,0.100,0.200,0.040,1.000,0.500,0.800,0.300,0.400
Herb,5650,1.000,0.000,0.100,0.120,0.030,0.050,0.030,0.500,0.010,0.010,0.800,0.200,0.350,0.100,1.000,0.100,0.200,0.040,1.000,0.500,0.800,0.300,0.400
Herb,5649,1.000,0.000,0.100,0.120,0.030,0.050,0.030,0.500,0.010,0.010,0.800,0.200,0.350,0.100,1.000,0.100,0.200,0.040,1.000,0.500,0.800,0.300,0.400
Herb,5648,1.000,0.000,0.100,0.120,0.030,0.050,0.030,0.500,0.010,0.010,0.800,0.200,0.350,0.100,1.000,0.100,0.200,0.040,1.000,0.500,0.800,0.300,0.400
Herb,5647,1.000,0.000,0.100,0.120,0.030,0.050,0.030,0.500,0.010,0.010,0.800,0.200,0.350,0.100,1.000,0.100,0.200,0.040,1.000,0.500,0.800,0.300,0.400
Herb,5646,1.000,0.000,0.100,0.120,0.030,0.050,0.030,0.500,0.010,0.010,0.800,0.200,0.350,0.100,1.000,0.100,0.200,0.040,1.000,0.500,0.800,0.300,0.400
Herb,5645,1.000,0.000,0.100,0.120,0.030,0.050,0.030,0.500,0.010,0.010,0.800,0.200,0.350,0.100,1.000,0.100,0.200,0.040,1.000,0.500,0.800,0.300,0.400
Herb,5644,1.000,0.000,0.100,0.120,0.030,0.050,0.030,0.500,0.010,0.010,0.800,0.200,0.350,0.100,1.000,0.100,0.200,0.040,1.000,0.500,0.800,0.300,0.400
Herb,5643,1.000,0.000,0.100,0.120,0.030,0.050,0.030,0.500,0.010,0.010,0.800,0.200,0.350,0.100,1.000,0.100,0.200,0.040,1.000,0.500,0.800,0.300,0.400
Herb,5642,1.000,0.000,0.100,0.120,0.030,0.050,0.030,0.500,0.010,0.010,0.800,0.200,0.350,0.100,1.000,0.100,0.200,0.040,1.000,0.500,0.800,0.300,0.400
Herb,5641,1.000,0.000,0.100,0.120,0.030,0.050,0.030,0.500,0.010,0.010,0.800,0.200,0.350,0.100,1.000,0.100,0.200,0.040,1.000,0.500,0.800,0.300,0.400
Herb,5640,1.000,0.000,0.100,0.120,0.030,0.050,0.030,0.500,0.010,0.010,0.800,0.200,0.350,0.100,1.000,0.100,0.200,0.040,1.000,0.500,0.800,0.300,0.400
Herb,5639,1.000,0.000,0.100,0.120,0.030,0.050,0.030,0.500,0.010,0.010,0.800,0.200,0.350,0.100,1.000,0.100,0.200,0.040,1.000,0.500,0.800,0.300,0.400
Herb,5638,1.000,0.000,0.100,0.120,0.030,0.050,0.030,0.500,0.010,0.010,0.800,0.200,0.350,0.100,1.000,0.100,0.200,0.040,1.000,0.500,0.800,0.300,0.400
Herb,5637,1.000,0.000,0.100,0.120,0.030,0.050,0.030,0.500,0.010,0.010,0.800,0.200,0.350,0.100,1.000,0.100,0.200,0.040,1.000,0.500,0.800,0.300,0.400
Herb,5636,1.000,0.000,0.100,0.120,0.030,0.050,0.030,0.500,0.010,0.010,0.800,0.200,0.350,0.100,1.000,0.100,0.200,0.040,1.000,0.500,0.800,0.300,0.400
Herb,5635,1.000,0.000,0.100,0.120,0.030,0.050,0.030,0.500,0.010,0.010,0.800,0.200,0.350,0.100,1.000,0.100,0.200,0.040,1.000,0.500,0.800,0.300,0.400
Herb,5634,1.000,0.000,0.100,0.120,0.030,0.050,0.030,0.500,0.010,0.010,0.800,0.200,0.350,0.100,1.000,0.100,0.200,0.040,1.000,0.500,0.800,0.300,0.400
Herb,5633,1.000,0.000,0.100,0.120,0.030,0.050,0.030,0.500,0.010,0.010,0.800,0.200,0.350,0.100,1.000,0.100,0.200,0.040,1.000,0.500,0.800,0.300,0.400
Herb,5632,1.000,0.000,0.100,0.120,0.030,0.050,0.030,0.500,0.010,0.010,0.800,0.200,0.350,0.100,1.000,0.100,0.200,0.040,1.000,0.500,0.800,0.300,0.400
Herb,5631,1.000,0.000,0.100,0.120,0.030,0.050,0.030,0.500,0.010,0.010,0.800,0.200,0.350,0.100,1.000,0.100,0.200,0.040,1.000,0.500,0.800,0.300,0.400
Herb,5630,1.000,0.000,0.100,0.120,0.030,0.050,0.030,0.500,0.010,0.010,0.800,0.200,0.350,0.100,1.000,0.100,0.200,0.040,1.000,0.500,0.800,0.300,0.400
Herb,5628,1.000,0.000,0.100,0.120,0.030,0.050,0.030,0.500,0.010,0.010,0.800,0.200,0.350,0.100,1.000,0.100,0.200,0.040,1.000,0.500,0.800,0.300,0.400
Herb,5601,1.000,0.000,0.100,0.120,0.030,0.050,0.030,0.500,0.010,0.010,0.800,0.200,0.350,0.100,1.000,0.100,0.200,0.040,1.000,0.500,0.800,0.300,0.400
Herb,5600,1.000,0.000,0.100,0.120,0.030,0.050,0.030,0.500,0.010,0.010,0.800,0.200,0.350,0.100,1.000,0.100,0.200,0.040,1.000,0.500,0.800,0.300,0.400
Herb,5599,1.000,0.000,0.100,0.120,0.030,0.050,0.030,0.500,0.010,0.010,0.800,0.200,0.350,0.100,1.000,0.100,0.200,0.040,1.000,0.500,0.800,0.300,0.400
Herb,5570,1.000,0.000,0.100,0.120,0.030,0.050,0.030,0.500,0.010,0.010,0.800,0.200,0.350,0.100,1.000,0.100,0.200,0.040,1.000,0.500,0.800,0.300,0.400
Herb,5569,1.000,0.000,0.100,0.120,0.030,0.050,0.030,0.500,0.010,0.010,0.800,0.200,0.350,0.100,1.000,0.100,0.200,0.040,1.000,0.500,0.800,0.300,0.400
Herb,5568,1.000,0.000,0.100,0.120,0.030,0.050,0.030,0.500,0.010,0.010,0.800,0.200,0.350,0.100,1.000,0.100,0.200,0.040,1.000,0.500,0.800,0.300,0.400
Herb,5567,1.000,0.000,0.100,0.120,0.030,0.050,0.030,0.500,0.010,0.010,0.800,0.200,0.350,0.100,1.000,0.100,0.200,0.040,1.000,0.500,0.800,0.300,0.400
Herb,5566,1.000,0.000,0.100,0.120,0.030,0.050,0.030,0.500,0.010,0.010,0.800,0.200,0.350,0.100,1.000,0.100,0.200,0.040,1.000,0.500,0.800,0.300,0.400
Herb,5565,1.000,0.000,0.100,0.120,0.030,0.050,0.030,0.500,0.010,0.010,0.800,0.200,0.350,0.100,1.000,0.100,0.200,0.040,1.000,0.500,0.800,0.300,0.400
Herb,5564,1.000,0.000,0.100,0.120,0.030,0.050,0.030,0.500,0.010,0.010,0.800,0.200,0.350,0.100,1.000,0.100,0.200,0.040,1.000,0.500,0.800,0.300,0.400
Herb,5563,1.000,0.000,0.100,0.120,0.030,0.050,0.030,0.500,0.010,0.010,0.800,0.200,0.350,0.100,1.000,0.100,0.200,0.040,1.000,0.500,0.800,0.300,0.400
Herb,5562,1.000,0.000,0.100,0.120,0.030,0.050,0.030,0.500,0.010,0.010,0.800,0.200,0.350,0.100,1.000,0.100,0.200,0.040,1.000,0.500,0.800,0.300,0.400
Herb,5561,1.000,0.000,0.100,0.120,0.030,0.050,0.030,0.500,0.010,0.010,0.800,0.200,0.350,0.100,1.000,0.100,0.200,0.040,1.000,0.500,0.800,0.300,0.400
Herb,5560,1.000,0.000,0.100,0.120,0.030,0.050,0.030,0.500,0.010,0.010,0.800,0.200,0.350,0.100,1.000,0.100,0.200,0.040,1.000,0.500,0.800,0.300,0.400
Herb,5559,1.000,0.000,0.100,0.120,0.030,0.050,0.030,0.500,0.010,0.010,0.800,0.200,0.350,0.100,1.000,0.100,0.200,0.040,1.000,0.500,0.800,0.300,0.400
Herb,5558,1.000,0.000,0.100,0.120,0.030,0.050,0.030,0.500,0.010,0.010,0.800,0.200,0.350,0.100,1.000,0.100,0.200,0.040,1.000,0.500,0.800,0.300,0.400
Herb,5557,1.000,0.000,0.100,0.120,0.030,0.050,0.030,0.500,0.010,0.010,0.800,0.200,0.350,0.100,1.000,0.100,0.200,0.040,1.000,0.500,0.800,0.300,0.400
Herb,5556,1.000,0.000,0.100,0.120,0.030,0.050,0.030,0.500,0.010,0.010,0.800,0.200,0.350,0.100,1.000,0.100,0.200,0.040,1.000,0.500,0.800,0.300,0.400
Herb,5555,1.000,0.000,0.100,0.120,0.030,0.050,0.030,0.500,0.010,0.010,0.800,0.200,0.350,0.100,1.000,0.100,0.200,0.040,1.000,0.500,0.800,0.300,0.400
Herb,5554,1.000,0.000,0.100,0.120,0.030,0.050,0.030,0.500,0.010,0.010,0.800,0.200,0.350,0.100,1.000,0.100,0.200,0.040,1.000,0.500,0.800,0.300,0.400
Herb,5553,1.000,0.000,0.100,0.120,0.030,0.050,0.030,0.500,0.010,0.010,0.800,0.200,0.350,0.100,1.000,0.100,0.200,0.040,1.000,0.500,0.800,0.300,0.400
Herb,5552,1.000,0.000,0.100,0.120,0.030,0.050,0.030,0.500,0.010,0.010,0.800,0.200,0.350,0.100,1.000,0.100,0.200,0.040,1.000,0.500,0.800,0.300,0.400
Herb,5551,1.000,0.000,0.100,0.120,0.030,0.050,0.030,0.500,0.010,0.010,0.800,0.200,0.350,0.100,1.000,0.100,0.200,0.040,1.000,0.500,0.800,0.300,0.400
Herb,5550,1.000,0.000,0.100,0.120,0.030,0.050,0.030,0.500,0.010,0.010,0.800,0.200,0.350,0.100,1.000,0.100,0.200,0.040,1.000,0.500,0.800,0.300,0.400
Herb,5549,1.000,0.000,0.100,0.120,0.030,0.050,0.030,0.500,0.010,0.010,0.800,0.200,0.350,0.100,1.000,0.100,0.200,0.040,1.000,0.500,0.800,0.300,0.400
Herb,5548,1.000,0.000,0.100,0.120,0.030,0.050,0.030,0.500,0.010,0.010,0.800,0.200,0.350,0.100,1.000,0.100,0.200,0.040,1.000,0.500,0.800,0.300,0.400
Herb,5571,1.000,0.000,0.100,0.120,0.030,0.050,0.030,0.500,0.010,0.010,0.800,0.200,0.350,0.100,1.000,0.100,0.200,0.040,1.000,0.500,0.800,0.300,0.400
Herb,5572,1.000,0.000,0.100,0.120,0.030,0.050,0.030,0.500,0.010,0.010,0.800,0.200,0.350,0.100,1.000,0.100,0.200,0.040,1.000,0.500,0.800,0.300,0.400
Herb,5573,1.000,0.000,0.100,0.120,0.030,0.050,0.030,0.500,0.010,0.010,0.800,0.200,0.350,0.100,1.000,0.100,0.200,0.040,1.000,0.500,0.800,0.300,0.400
Herb,5574,1.000,0.000,0.100,0.120,0.030,0.050,0.030,0.500,0.010,0.010,0.800,0.200,0.350,0.100,1.000,0.100,0.200,0.040,1.000,0.500,0.800,0.300,0.400
Herb,5598,1.000,0.000,0.100,0.120,0.030,0.050,0.030,0.500,0.010,0.010,0.800,0.200,0.350,0.100,1.000,0.100,0.200,0.040,1.000,0.500,0.800,0.300,0.400
Herb,5597,1.000,0.000,0.100,0.120,0.030,0.050,0.030,0.500,0.010,0.010,0.800,0.200,0.350,0.100,1.000,0.100,0.200,0.040,1.000,0.500,0.800,0.300,0.400
Herb,5596,1.000,0.000,0.100,0.120,0.030,0.050,0.030,0.500,0.010,0.010,0.800,0.200,0.350,0.100,1.000,0.100,0.200,0.040,1.000,0.500,0.800,0.300,0.400
Herb,5595,1.000,0.000,0.100,0.120,0.030,0.050,0.030,0.500,0.010,0.010,0.800,0.200,0.350,0.100,1.000,0.100,0.200,0.040,1.000,0.500,0.800,0.300,0.400
Herb,5594,1.000,0.000,0.100,0.120,0.030,0.050,0.030,0.500,0.010,0.010,0.800,0.200,0.350,0.100,1.000,0.100,0.200,0.040,1.000,0.500,0.800,0.300,0.400
Herb,5593,1.000,0.000,0.100,0.120,0.030,0.050,0.030,0.500,0.010,0.010,0.800,0.200,0.350,0.100,1.000,0.100,0.200,0.040,1.000,0.500,0.800,0.300,0.400
Herb,5592,1.000,0.000,0.100,0.120,0.030,0.050,0.030,0.500,0.010,0.010,0.800,0.200,0.350,0.100,1.000,0.100,0.200,0.040,1.000,0.500,0.800,0.300,0.400
Herb,5591,1.000,0.000,0.100,0.120,0.030,0.050,0.030,0.500,0.010,0.010,0.800,0.200,0.350,0.100,1.000,0.100,0.200,0.040,1.000,0.500,0.800,0.300,0.400
Herb,5590,1.000,0.000,0.100,0.120,0.030,0.050,0.030,0.500,0.010,0.010,0.800,0.200,0.350,0.100,1.000,0.100,0.200,0.040,1.000,0.500,0.800,0.300,0.400
Herb,5589,1.000,0.000,0.100,0.120,0.030,0.050,0.030,0.500,0.010,0.010,0.800,0.200,0.350,0.100,1.000,0.100,0.200,0.040,1.000,0.500,0.800,0.300,0.400
Herb,5588,1.000,0.000,0.100,0.120,0.030,0.050,0.030,0.500,0.010,0.010,0.800,0.200,0.350,0.100,1.000,0.100,0.200,0.040,1.000,0.500,0.800,0.300,0.400
Herb,5438,1.000,0.000,0.100,0.120,0.030,0.050,0.030,0.500,0.010,0.010,0.800,0.200,0.350,0.100,1.000,0.100,0.200,0.040,1.000,0.500,0.800,0.300,0.400
Herb,5587,1.000,0.000,0.100,0.120,0.030,0.050,0.030,0.500,0.010,0.010,0.800,0.200,0.350,0.100,1.000,0.100,0.200,0.040,1.000,0.500,0.800,0.300,0.400
Herb,5585,1.000,0.000,0.100,0.120,0.030,0.050,0.030,0.500,0.010,0.010,0.800,0.200,0.350,0.100,1.000,0.100,0.200,0.040,1.000,0.500,0.800,0.300,0.400
Herb,5584,1.000,0.000,0.100,0.120,0.030,0.050,0.030,0.500,0.010,0.010,0.800,0.200,0.350,0.100,1.000,0.100,0.200,0.040,1.000,0.500,0.800,0.300,0.400
Herb,5583,1.000,0.000,0.100,0.120,0.030,0.050,0.030,0.500,0.010,0.010,0.800,0.200,0.350,0.100,1.000,0.100,0.200,0.040,1.000,0.500,0.800,0.300,0.400
Herb,5582,1.000,0.000,0.100,0.120,0.030,0.050,0.030,0.500,0.010,0.010,0.800,0.200,0.350,0.100,1.000,0.100,0.200,0.040,1.000,0.500,0.800,0.300,0.400
Herb,5581,1.000,0.000,0.100,0.120,0.030,0.050,0.030,0.500,0.010,0.010,0.800,0.200,0.350,0.100,1.000,0.100,0.200,0.040,1.000,0.500,0.800,0.300,0.400
Herb,5580,1.000,0.000,0.100,0.120,0.030,0.050,0.030,0.500,0.010,0.010,0.800,0.200,0.350,0.100,1.000,0.100,0.200,0.040,1.000,0.500,0.800,0.300,0.400
Herb,5579,1.000,0.000,0.100,0.120,0.030,0.050,0.030,0.500,0.010,0.010,0.800,0.200,0.350,0.100,1.000,0.100,0.200,0.040,1.000,0.500,0.800,0.300,0.400
Herb,5578,1.000,0.000,0.100,0.120,0.030,0.050,0.030,0.500,0.010,0.010,0.800,0.200,0.350,0.100,1.000,0.100,0.200,0.040,1.000,0.500,0.800,0.300,0.400
Herb,5577,1.000,0.000,0.100,0.120,0.030,0.050,0.030,0.500,0.010,0.010,0.800,0.200,0.350,0.100,1.000,0.100,0.200,0.040,1.000,0.500,0.800,0.300,0.400
Herb,5576,1.000,0.000,0.100,0.120,0.030,0.050,0.030,0.500,0.010,0.010,0.800,0.200,0.350,0.100,1.000,0.100,0.200,0.040,1.000,0.500,0.800,0.300,0.400
Herb,5575,1.000,0.000,0.100,0.120,0.030,0.050,0.030,0.500,0.010,0.010,0.800,0.200,0.350,0.100,1.000,0.100,0.200,0.040,1.000,0.500,0.800,0.300,0.400
Herb,5586,1.000,0.000,0.100,0.120,0.030,0.050,0.030,0.500,0.010,0.010,0.800,0.200,0.350,0.100,1.000,0.100,0.200,0.040,1.000,0.500,0.800,0.300,0.400
Herb,5005,1.000,0.000,0.100,0.120,0.030,0.050,0.030,0.500,0.010,0.010,0.800,0.200,0.350,0.100,1.000,0.100,0.200,0.040,1.000,0.500,0.800,0.300,0.400
Herb,5763,1.000,0.000,0.100,0.120,0.030,0.050,0.030,0.500,0.010,0.010,0.800,0.200,0.350,0.100,1.000,0.100,0.200,0.040,1.000,0.500,0.800,0.300,0.400
Herb,5003,1.000,0.000,0.100,0.120,0.030,0.050,0.030,0.500,0.010,0.010,0.800,0.200,0.350,0.100,1.000,0.100,0.200,0.040,1.000,0.500,0.800,0.300,0.400
Herb,3300,1.000,0.000,0.100,0.120,0.030,0.050,0.030,0.500,0.010,0.010,0.800,0.200,0.350,0.100,1.000,0.100,0.200,0.040,1.000,0.500,0.800,0.300,0.400
Herb,3299,1.000,0.000,0.100,0.120,0.030,0.050,0.030,0.500,0.010,0.010,0.800,0.200,0.350,0.100,1.000,0.100,0.200,0.040,1.000,0.500,0.800,0.300,0.400
Herb,3298,1.000,0.000,0.100,0.120,0.030,0.050,0.030,0.500,0.010,0.010,0.800,0.200,0.350,0.100,1.000,0.100,0.200,0.040,1.000,0.500,0.800,0.300,0.400
Herb,3297,1.000,0.000,0.100,0.120,0.030,0.050,0.030,0.500,0.010,0.010,0.800,0.200,0.350,0.100,1.000,0.100,0.200,0.040,1.000,0.500,0.800,0.300,0.400
Herb,3296,1.000,0.000,0.100,0.120,0.030,0.050,0.030,0.500,0.010,0.010,0.800,0.200,0.350,0.100,1.000,0.100,0.200,0.040,1.000,0.500,0.800,0.300,0.400
Herb,3295,1.000,0.000,0.100,0.120,0.030,0.050,0.030,0.500,0.010,0.010,0.800,0.200,0.350,0.100,1.000,0.100,0.200,0.040,1.000,0.500,0.800,0.300,0.400
Herb,3294,1.000,0.000,0.100,0.120,0.030,0.050,0.030,0.500,0.010,0.010,0.800,0.200,0.350,0.100,1.000,0.100,0.200,0.040,1.000,0.500,0.800,0.300,0.400
Herb,3293,1.000,0.000,0.100,0.120,0.030,0.050,0.030,0.500,0.010,0.010,0.800,0.200,0.350,0.100,1.000,0.100,0.200,0.040,1.000,0.500,0.800,0.300,0.400
Herb,3292,1.000,0.000,0.100,0.120,0.030,0.050,0.030,0.500,0.010,0.010,0.800,0.200,0.350,0.100,1.000,0.100,0.200,0.040,1.000,0.500,0.800,0.300,0.400
Herb,3291,1.000,0.000,0.100,0.120,0.030,0.050,0.030,0.500,0.010,0.010,0.800,0.200,0.350,0.100,1.000,0.100,0.200,0.040,1.000,0.500,0.800,0.300,0.400
Herb,3290,1.000,0.000,0.100,0.120,0.030,0.050,0.030,0.500,0.010,0.010,0.800,0.200,0.350,0.100,1.000,0.100,0.200,0.040,1.000,0.500,0.800,0.300,0.400
Herb,3289,1.000,0.000,0.100,0.120,0.030,0.050,0.030,0.500,0.010,0.010,0.800,0.200,0.350,0.100,1.000,0.100,0.200,0.040,1.000,0.500,0.800,0.300,0.400
Herb,3288,1.000,0.000,0.100,0.120,0.030,0.050,0.030,0.500,0.010,0.010,0.800,0.200,0.350,0.100,1.000,0.100,0.200,0.040,1.000,0.500,0.800,0.300,0.400
Herb,3287,1.000,0.000,0.100,0.120,0.030,0.050,0.030,0.500,0.010,0.010,0.800,0.200,0.350,0.100,1.000,0.100,0.200,0.040,1.000,0.500,0.800,0.300,0.400
Herb,3286,1.000,0.000,0.100,0.120,0.030,0.050,0.030,0.500,0.010,0.010,0.800,0.200,0.350,0.100,1.000,0.100,0.200,0.040,1.000,0.500,0.800,0.300,0.400
Herb,3285,1.000,0.000,0.100,0.120,0.030,0.050,0.030,0.500,0.010,0.010,0.800,0.200,0.350,0.100,1.000,0.100,0.200,0.040,1.000,0.500,0.800,0.300,0.400
Herb,3284,1.000,0.000,0.100,0.120,0.030,0.050,0.030,0.500,0.010,0.010,0.800,0.200,0.350,0.100,1.000,0.100,0.200,0.040,1.000,0.500,0.800,0.300,0.400
Herb,3283,1.000,0.000,0.100,0.120,0.030,0.050,0.030,0.500,0.010,0.010,0.800,0.200,0.350,0.100,1.000,0.100,0.200,0.040,1.000,0.500,0.800,0.300,0.400
Herb,3282,1.000,0.000,0.100,0.120,0.030,0.050,0.030,0.500,0.010,0.010,0.800,0.200,0.350,0.100,1.000,0.100,0.200,0.040,1.000,0.500,0.800,0.300,0.400
Herb,3281,1.000,0.000,0.100,0.120,0.030,0.050,0.030,0.500,0.010,0.010,0.800,0.200,0.350,0.100,1.000,0.100,0.200,0.040,1.000,0.500,0.800,0.300,0.400
Herb,3280,1.000,0.000,0.100,0.120,0.030,0.050,0.030,0.500,0.010,0.010,0.800,0.200,0.350,0.100,1.000,0.100,0.200,0.040,1.000,0.500,0.800,0.300,0.400
Herb,3279,1.000,0.000,0.100,0.120,0.030,0.050,0.030,0.500,0.010,0.010,0.800,0.200,0.350,0.100,1.000,0.100,0.200,0.040,1.000,0.500,0.800,0.300,0.400
Herb,3278,1.000,0.000,0.100,0.120,0.030,0.050,0.030,0.500,0.010,0.010,0.800,0.200,0.350,0.100,1.000,0.100,0.200,0.040,1.000,0.500,0.800,0.300,0.400
Herb,3301,1.000,0.000,0.100,0.120,0.030,0.050,0.030,0.500,0.010,0.010,0.800,0.200,0.350,0.100,1.000,0.100,0.200,0.040,1.000,0.500,0.800,0.300,0.400
Herb,3277,1.000,0.000,0.100,0.120,0.030,0.050,0.030,0.500,0.010,0.010,0.800,0.200,0.350,0.100,1.000,0.100,0.200,0.040,1.000,0.500,0.800,0.300,0.400
Herb,3302,1.000,0.000,0.100,0.120,0.030,0.050,0.030,0.500,0.010,0.010,0.800,0.200,0.350,0.100,1.000,0.100,0.200,0.040,1.000,0.500,0.800,0.300,0.400
Herb,3304,1.000,0.000,0.100,0.120,0.030,0.050,0.030,0.500,0.010,0.010,0.800,0.200,0.350,0.100,1.000,0.100,0.200,0.040,1.000,0.500,0.800,0.300,0.400
Herb,3327,1.000,0.000,0.100,0.120,0.030,0.050,0.030,0.500,0.010,0.010,0.800,0.200,0.350,0.100,1.000,0.100,0.200,0.040,1.000,0.500,0.800,0.300,0.400
Herb,3326,1.000,0.000,0.100,0.120,0.030,0.050,0.030,0.500,0.010,0.010,0.800,0.200,0.350,0.100,1.000,0.100,0.200,0.040,1.000,0.500,0.800,0.300,0.400
Herb,3325,1.000,0.000,0.100,0.120,0.030,0.050,0.030,0.500,0.010,0.010,0.800,0.200,0.350,0.100,1.000,0.100,0.200,0.040,1.000,0.500,0.800,0.300,0.400
Herb,3324,1.000,0.000,0.100,0.120,0.030,0.050,0.030,0.500,0.010,0.010,0.800,0.200,0.350,0.100,1.000,0.100,0.200,0.040,1.000,0.500,0.800,0.300,0.400
Herb,3323,1.000,0.000,0.100,0.120,0.030,0.050,0.030,0.500,0.010,0.010,0.800,0.200,0.350,0.100,1.000,0.100,0.200,0.040,1.000,0.500,0.800,0.300,0.400
Herb,3322,1.000,0.000,0.100,0.120,0.030,0.050,0.030,0.500,0.010,0.010,0.800,0.200,0.350,0.100,1.000,0.100,0.200,0.040,1.000,0.500,0.800,0.300,0.400
Herb,3321,1.000,0.000,0.100,0.120,0.030,0.050,0.030,0.500,0.010,0.010,0.800,0.200,0.350,0.100,1.000,0.100,0.200,0.040,1.000,0.500,0.800,0.300,0.400
Herb,3320,1.000,0.000,0.100,0.120,0.030,0.050,0.030,0.500,0.010,0.010,0.800,0.200,0.350,0.100,1.000,0.100,0.200,0.040,1.000,0.500,0.800,0.300,0.400
Herb,3319,1.000,0.000,0.100,0.120,0.030,0.050,0.030,0.500,0.010,0.010,0.800,0.200,0.350,0.100,1.000,0.100,0.200,0.040,1.000,0.500,0.800,0.300,0.400
Herb,3318,1.000,0.000,0.100,0.120,0.030,0.050,0.030,0.500,0.010,0.010,0.800,0.200,0.350,0.100,1.000,0.100,0.200,0.040,1.000,0.500,0.800,0.300,0.400
Herb,3317,1.000,0.000,0.100,0.120,0.030,0.050,0.030,0.500,0.010,0.010,0.800,0.200,0.350,0.100,1.000,0.100,0.200,0.040,1.000,0.500,0.800,0.300,0.400
Herb,3316,1.000,0.000,0.100,0.120,0.030,0.050,0.030,0.500,0.010,0.010,0.800,0.200,0.350,0.100,1.000,0.100,0.200,0.040,1.000,0.500,0.800,0.300,0.400
Herb,3315,1.000,0.000,0.100,0.120,0.030,0.050,0.030,0.500,0.010,0.010,0.800,0.200,0.350,0.100,1.000,0.100,0.200,0.040,1.000,0.500,0.800,0.300,0.400
Herb,3314,1.000,0.000,0.100,0.120,0.030,0.050,0.030,0.500,0.010,0.010,0.800,0.200,0.350,0.100,1.000,0.100,0.200,0.040,1.000,0.500,0.800,0.300,0.400
Herb,3313,1.000,0.000,0.100,0.120,0.030,0.050,0.030,0.500,0.010,0.010,0.800,0.200,0.350,0.100,1.000,0.100,0.200,0.040,1.000,0.500,0.800,0.300,0.400
Herb,3312,1.000,0.000,0.100,0.120,0.030,0.050,0.030,0.500,0.010,0.010,0.800,0.200,0.350,0.100,1.000,0.100,0.200,0.040,1.000,0.500,0.800,0.300,0.400
Herb,3311,1.000,0.000,0.100,0.120,0.030,0.050,0.030,0.500,0.010,0.010,0.800,0.200,0.350,0.100,1.000,0.100,0.200,0.040,1.000,0.500,0.800,0.300,0.400
Herb,3310,1.000,0.000,0.100,0.120,0.030,0.050,0.030,0.500,0.010,0.010,0.800,0.200,0.350,0.100,1.000,0.100,0.200,0.040,1.000,0.500,0.800,0.300,0.400
Herb,3309,1.000,0.000,0.100,0.120,0.030,0.050,0.030,0.500,0.010,0.010,0.800,0.200,0.350,0.100,1.000,0.100,0.200,0.040,1.000,0.500,0.800,0.300,0.400
Herb,3308,1.000,0.000,0.100,0.120,0.030,0.050,0.030,0.500,0.010,0.010,0.800,0.200,0.350,0.100,1.000,0.100,0.200,0.040,1.000,0.500,0.800,0.300,0.400
Herb,3307,1.000,0.000,0.100,0.120,0.030,0.050,0.030,0.500,0.010,0.010,0.800,0.200,0.350,0.100,1.000,0.100,0.200,0.040,1.000,0.500,0.800,0.300,0.400
Herb,3306,1.000,0.000,0.100,0.120,0.030,0.050,0.030,0.500,0.010,0.010,0.800,0.200,0.350,0.100,1.000,0.100,0.200,0.040,1.000,0.500,0.800,0.300,0.400
Herb,3305,1.000,0.000,0.100,0.120,0.030,0.050,0.030,0.500,0.010,0.010,0.800,0.200,0.350,0.100,1.000,0.100,0.200,0.040,1.000,0.500,0.800,0.300,0.400
Herb,3303,1.000,0.000,0.100,0.120,0.030,0.050,0.030,0.500,0.010,0.010,0.800,0.200,0.350,0.100,1.000,0.100,0.200,0.040,1.000,0.500,0.800,0.300,0.400
Herb,3328,1.000,0.000,0.100,0.120,0.030,0.050,0.030,0.500,0.010,0.010,0.800,0.200,0.350,0.100,1.000,0.100,0.200,0.040,1.000,0.500,0.800,0.300,0.400
Herb,3276,1.000,0.000,0.100,0.120,0.030,0.050,0.030,0.500,0.010,0.010,0.800,0.200,0.350,0.100,1.000,0.100,0.200,0.040,1.000,0.500,0.800,0.300,0.400
Herb,3274,1.000,0.000,0.100,0.120,0.030,0.050,0.030,0.500,0.010,0.010,0.800,0.200,0.350,0.100,1.000,0.100,0.200,0.040,1.000,0.500,0.800,0.300,0.400
Herb,3245,1.000,0.000,0.100,0.120,0.030,0.050,0.030,0.500,0.010,0.010,0.800,0.200,0.350,0.100,1.000,0.100,0.200,0.040,1.000,0.500,0.800,0.300,0.400
Herb,3244,1.000,0.000,0.100,0.120,0.030,0.050,0.030,0.500,0.010,0.010,0.800,0.200,0.350,0.100,1.000,0.100,0.200,0.040,1.000,0.500,0.800,0.300,0.400
Herb,3243,1.000,0.000,0.100,0.120,0.030,0.050,0.030,0.500,0.010,0.010,0.800,0.200,0.350,0.100,1.000,0.100,0.200,0.040,1.000,0.500,0.800,0.300,0.400
Herb,3242,1.000,0.000,0.100,0.120,0.030,0.050,0.030,0.500,0.010,0.010,0.800,0.200,0.350,0.100,1.000,0.100,0.200,0.040,1.000,0.500,0.800,0.300,0.400
Herb,3241,1.000,0.000,0.100,0.120,0.030,0.050,0.030,0.500,0.010,0.010,0.800,0.200,0.350,0.100,1.000,0.100,0.200,0.040,1.000,0.500,0.800,0.300,0.400
Herb,3240,1.000,0.000,0.100,0.120,0.030,0.050,0.030,0.500,0.010,0.010,0.800,0.200,0.350,0.100,1.000,0.100,0.200,0.040,1.000,0.500,0.800,0.300,0.400
Herb,3239,1.000,0.000,0.100,0.120,0.030,0.050,0.030,0.500,0.010,0.010,0.800,0.200,0.350,0.100,1.000,0.100,0.200,0.040,1.000,0.500,0.800,0.300,0.400
Herb,3238,1.000,0.000,0.100,0.120,0.030,0.050,0.030,0.500,0.010,0.010,0.800,0.200,0.350,0.100,1.000,0.100,0.200,0.040,1.000,0.500,0.800,0.300,0.400
Herb,3237,1.000,0.000,0.100,0.120,0.030,0.050,0.030,0.500,0.010,0.010,0.800,0.200,0.350,0.100,1.000,0.100,0.200,0.040,1.000,0.500,0.800,0.300,0.400
Herb,3236,1.000,0.000,0.100,0.120,0.030,0.050,0.030,0.500,0.010,0.010,0.800,0.200,0.350,0.100,1.000,0.100,0.200,0.040,1.000,0.500,0.800,0.300,0.400
Herb,3235,1.000,0.000,0.100,0.120,0.030,0.050,0.030,0.500,0.010,0.010,0.800,0.200,0.350,0.100,1.000,0.100,0.200,0.040,1.000,0.500,0.800,0.300,0.400
Herb,3234,1.000,0.000,0.100,0.120,0.030,0.050,0.030,0.500,0.010,0.010,0.800,0.200,0.350,0.100,1.000,0.100,0.200,0.040,1.000,0.500,0.800,0.300,0.400
Herb,3233,1.000,0.000,0.100,0.120,0.030,0.050,0.030,0.500,0.010,0.010,0.800,0.200,0.350,0.100,1.000,0.100,0.200,0.040,1.000,0.500,0.800,0.300,0.400
Herb,3232,1.000,0.000,0.100,0.120,0.030,0.050,0.030,0.500,0.010,0.010,0.800,0.200,0.350,0.100,1.000,0.100,0.200,0.040,1.000,0.500,0.800,0.300,0.400
Herb,3231,1.000,0.000,0.100,0.120,0.030,0.050,0.030,0.500,0.010,0.010,0.800,0.200,0.350,0.100,1.000,0.100,0.200,0.040,1.000,0.500,0.800,0.300,0.400
Herb,3230,1.000,0.000,0.100,0.120,0.030,0.050,0.030,0.500,0.010,0.010,0.800,0.200,0.350,0.100,1.000,0.100,0.200,0.040,1.000,0.500,0.800,0.300,0.400
Herb,3229,1.000,0.000,0.100,0.120,0.030,0.050,0.030,0.500,0.010,0.010,0.800,0.200,0.350,0.100,1.000,0.100,0.200,0.040,1.000,0.500,0.800,0.300,0.400
Herb,3228,1.000,0.000,0.100,0.120,0.030,0.050,0.030,0.500,0.010,0.010,0.800,0.200,0.350,0.100,1.000,0.100,0.200,0.040,1.000,0.500,0.800,0.300,0.400
Herb,3227,1.000,0.000,0.100,0.120,0.030,0.050,0.030,0.500,0.010,0.010,0.800,0.200,0.350,0.100,1.000,0.100,0.200,0.040,1.000,0.500,0.800,0.300,0.400
Herb,3223,1.000,0.000,0.100,0.120,0.030,0.050,0.030,0.500,0.010,0.010,0.800,0.200,0.350,0.100,1.000,0.100,0.200,0.040,1.000,0.500,0.800,0.300,0.400
Herb,3222,1.000,0.000,0.100,0.120,0.030,0.050,0.030,0.500,0.010,0.010,0.800,0.200,0.350,0.100,1.000,0.100,0.200,0.040,1.000,0.500,0.800,0.300,0.400
Herb,3221,1.000,0.000,0.100,0.120,0.030,0.050,0.030,0.500,0.010,0.010,0.800,0.200,0.350,0.100,1.000,0.100,0.200,0.040,1.000,0.500,0.800,0.300,0.400
Herb,3220,1.000,0.000,0.100,0.120,0.030,0.050,0.030,0.500,0.010,0.010,0.800,0.200,0.350,0.100,1.000,0.100,0.200,0.040,1.000,0.500,0.800,0.300,0.400
Herb,3247,1.000,0.000,0.100,0.120,0.030,0.050,0.030,0.500,0.010,0.010,0.800,0.200,0.350,0.100,1.000,0.100,0.200,0.040,1.000,0.500,0.800,0.300,0.400
Herb,3275,1.000,0.000,0.100,0.120,0.030,0.050,0.030,0.500,0.010,0.010,0.800,0.200,0.350,0.100,1.000,0.100,0.200,0.040,1.000,0.500,0.800,0.300,0.400
Herb,3248,1.000,0.000,0.100,0.120,0.030,0.050,0.030,0.500,0.010,0.010,0.800,0.200,0.350,0.100,1.000,0.100,0.200,0.040,1.000,0.500,0.800,0.300,0.400
Herb,3250,1.000,0.000,0.100,0.120,0.030,0.050,0.030,0.500,0.010,0.010,0.800,0.200,0.350,0.100,1.000,0.100,0.200,0.040,1.000,0.500,0.800,0.300,0.400
Herb,3273,1.000,0.000,0.100,0.120,0.030,0.050,0.030,0.500,0.010,0.010,0.800,0.200,0.350,0.100,1.000,0.100,0.200,0.040,1.000,0.500,0.800,0.300,0.400
Herb,3272,1.000,0.000,0.100,0.120,0.030,0.050,0.030,0.500,0.010,0.010,0.800,0.200,0.350,0.100,1.000,0.100,0.200,0.040,1.000,0.500,0.800,0.300,0.400
Herb,3271,1.000,0.000,0.100,0.120,0.030,0.050,0.030,0.500,0.010,0.010,0.800,0.200,0.350,0.100,1.000,0.100,0.200,0.040,1.000,0.500,0.800,0.300,0.400
Herb,3270,1.000,0.000,0.100,0.120,0.030,0.050,0.030,0.500,0.010,0.010,0.800,0.200,0.350,0.100,1.000,0.100,0.200,0.040,1.000,0.500,0.800,0.300,0.400
Herb,3269,1.000,0.000,0.100,0.120,0.030,0.050,0.030,0.500,0.010,0.010,0.800,0.200,0.350,0.100,1.000,0.100,0.200,0.040,1.000,0.500,0.800,0.300,0.400
Herb,3268,1.000,0.000,0.100,0.120,0.030,0.050,0.030,0.500,0.010,0.010,0.800,0.200,0.350,0.100,1.000,0.100,0.200,0.040,1.000,0.500,0.800,0.300,0.400
Herb,3267,1.000,0.000,0.100,0.120,0.030,0.050,0.030,0.500,0.010,0.010,0.800,0.200,0.350,0.100,1.000,0.100,0.200,0.040,1.000,0.500,0.800,0.300,0.400
Herb,3266,1.000,0.000,0.100,0.120,0.030,0.050,0.030,0.500,0.010,0.010,0.800,0.200,0.350,0.100,1.000,0.100,0.200,0.040,1.000,0.500,0.800,0.300,0.400
Herb,3265,1.000,0.000,0.100,0.120,0.030,0.050,0.030,0.500,0.010,0.010,0.800,0.200,0.350,0.100,1.000,0.100,0.200,0.040,1.000,0.500,0.800,0.300,0.400
Herb,3264,1.000,0.000,0.100,0.120,0.030,0.050,0.030,0.500,0.010,0.010,0.800,0.200,0.350,0.100,1.000,0.100,0.200,0.040,1.000,0.500,0.800,0.300,0.400
Herb,3263,1.000,0.000,0.100,0.120,0.030,0.050,0.030,0.500,0.010,0.010,0.800,0.200,0.350,0.100,1.000,0.100,0.200,0.040,1.000,0.500,0.800,0.300,0.400
Herb,3262,1.000,0.000,0.100,0.120,0.030,0.050,0.030,0.500,0.010,0.010,0.800,0.200,0.350,0.100,1.000,0.100,0.200,0.040,1.000,0.500,0.800,0.300,0.400
Herb,3261,1.000,0.000,0.100,0.120,0.030,0.050,0.030,0.500,0.010,0.010,0.800,0.200,0.350,0.100,1.000,0.100,0.200,0.040,1.000,0.500,0.800,0.300,0.400
Herb,3260,1.000,0.000,0.100,0.120,0.030,0.050,0.030,0.500,0.010,0.010,0.800,0.200,0.350,0.100,1.000,0.100,0.200,0.040,1.000,0.500,0.800,0.300,0.400
Herb,3259,1.000,0.000,0.100,0.120,0.030,0.050,0.030,0.500,0.010,0.010,0.800,0.200,0.350,0.100,1.000,0.100,0.200,0.040,1.000,0.500,0.800,0.300,0.400
Herb,3258,1.000,0.000,0.100,0.120,0.030,0.050,0.030,0.500,0.010,0.010,0.800,0.200,0.350,0.100,1.000,0.100,0.200,0.040,1.000,0.500,0.800,0.300,0.400
Herb,3257,1.000,0.000,0.100,0.120,0.030,0.050,0.030,0.500,0.010,0.010,0.800,0.200,0.350,0.100,1.000,0.100,0.200,0.040,1.000,0.500,0.800,0.300,0.400
Herb,3256,1.000,0.000,0.100,0.120,0.030,0.050,0.030,0.500,0.010,0.010,0.800,0.200,0.350,0.100,1.000,0.100,0.200,0.040,1.000,0.500,0.800,0.300,0.400
Herb,3255,1.000,0.000,0.100,0.120,0.030,0.050,0.030,0.500,0.010,0.010,0.800,0.200,0.350,0.100,1.000,0.100,0.200,0.040,1.000,0.500,0.800,0.300,0.400
Herb,3254,1.000,0.000,0.100,0.120,0.030,0.050,0.030,0.500,0.010,0.010,0.800,0.200,0.350,0.100,1.000,0.100,0.200,0.040,1.000,0.500,0.800,0.300,0.400
Herb,3253,1.000,0.000,0.100,0.120,0.030,0.050,0.030,0.500,0.010,0.010,0.800,0.200,0.350,0.100,1.000,0.100,0.200,0.040,1.000,0.500,0.800,0.300,0.400
Herb,3252,1.000,0.000,0.100,0.120,0.030,0.050,0.030,0.500,0.010,0.010,0.800,0.200,0.350,0.100,1.000,0.100,0.200,0.040,1.000,0.500,0.800,0.300,0.400
Herb,3251,1.000,0.000,0.100,0.120,0.030,0.050,0.030,0.500,0.010,0.010,0.800,0.200,0.350,0.100,1.000,0.100,0.200,0.040,1.000,0.500,0.800,0.300,0.400
Herb,3249,1.000,0.000,0.100,0.120,0.030,0.050,0.030,0.500,0.010,0.010,0.800,0.200,0.350,0.100,1.000,0.100,0.200,0.040,1.000,0.500,0.800,0.300,0.400
Herb,3219,1.000,0.000,0.100,0.120,0.030,0.050,0.030,0.500,0.010,0.010,0.800,0.200,0.350,0.100,1.000,0.100,0.200,0.040,1.000,0.500,0.800,0.300,0.400
Herb,3329,1.000,0.000,0.100,0.120,0.030,0.050,0.030,0.500,0.010,0.010,0.800,0.200,0.350,0.100,1.000,0.100,0.200,0.040,1.000,0.500,0.800,0.300,0.400
Herb,3331,1.000,0.000,0.100,0.120,0.030,0.050,0.030,0.500,0.010,0.010,0.800,0.200,0.350,0.100,1.000,0.100,0.200,0.040,1.000,0.500,0.800,0.300,0.400
Herb,3413,1.000,0.000,0.100,0.120,0.030,0.050,0.030,0.500,0.010,0.010,0.800,0.200,0.350,0.100,1.000,0.100,0.200,0.040,1.000,0.500,0.800,0.300,0.400
Herb,3412,1.000,0.000,0.100,0.120,0.030,0.050,0.030,0.500,0.010,0.010,0.800,0.200,0.350,0.100,1.000,0.100,0.200,0.040,1.000,0.500,0.800,0.300,0.400
Herb,3411,1.000,0.000,0.100,0.120,0.030,0.050,0.030,0.500,0.010,0.010,0.800,0.200,0.350,0.100,1.000,0.100,0.200,0.040,1.000,0.500,0.800,0.300,0.400
Herb,3410,1.000,0.000,0.100,0.120,0.030,0.050,0.030,0.500,0.010,0.010,0.800,0.200,0.350,0.100,1.000,0.100,0.200,0.040,1.000,0.500,0.800,0.300,0.400
Herb,3409,1.000,0.000,0.100,0.120,0.030,0.050,0.030,0.500,0.010,0.010,0.800,0.200,0.350,0.100,1.000,0.100,0.200,0.040,1.000,0.500,0.800,0.300,0.400
Herb,3408,1.000,0.000,0.100,0.120,0.030,0.050,0.030,0.500,0.010,0.010,0.800,0.200,0.350,0.100,1.000,0.100,0.200,0.040,1.000,0.500,0.800,0.300,0.400
Herb,3407,1.000,0.000,0.100,0.120,0.030,0.050,0.030,0.500,0.010,0.010,0.800,0.200,0.350,0.100,1.000,0.100,0.200,0.040,1.000,0.500,0.800,0.300,0.400
Herb,3406,1.000,0.000,0.100,0.120,0.030,0.050,0.030,0.500,0.010,0.010,0.800,0.200,0.350,0.100,1.000,0.100,0.200,0.040,1.000,0.500,0.800,0.300,0.400
Herb,3405,1.000,0.000,0.100,0.120,0.030,0.050,0.030,0.500,0.010,0.010,0.800,0.200,0.350,0.100,1.000,0.100,0.200,0.040,1.000,0.500,0.800,0.300,0.400
Herb,3403,1.000,0.000,0.100,0.120,0.030,0.050,0.030,0.500,0.010,0.010,0.800,0.200,0.350,0.100,1.000,0.100,0.200,0.040,1.000,0.500,0.800,0.300,0.400
Herb,3402,1.000,0.000,0.100,0.120,0.030,0.050,0.030,0.500,0.010,0.010,0.800,0.200,0.350,0.100,1.000,0.100,0.200,0.040,1.000,0.500,0.800,0.300,0.400
Herb,3401,1.000,0.000,0.100,0.120,0.030,0.050,0.030,0.500,0.010,0.010,0.800,0.200,0.350,0.100,1.000,0.100,0.200,0.040,1.000,0.500,0.800,0.300,0.400
Herb,3400,1.000,0.000,0.100,0.120,0.030,0.050,0.030,0.500,0.010,0.010,0.800,0.200,0.350,0.100,1.000,0.100,0.200,0.040,1.000,0.500,0.800,0.300,0.400
Herb,3399,1.000,0.000,0.100,0.120,0.030,0.050,0.030,0.500,0.010,0.010,0.800,0.200,0.350,0.100,1.000,0.100,0.200,0.040,1.000,0.500,0.800,0.300,0.400
Herb,3398,1.000,0.000,0.100,0.120,0.030,0.050,0.030,0.500,0.010,0.010,0.800,0.200,0.350,0.100,1.000,0.100,0.200,0.040,1.000,0.500,0.800,0.300,0.400
Herb,3397,1.000,0.000,0.100,0.120,0.030,0.050,0.030,0.500,0.010,0.010,0.800,0.200,0.350,0.100,1.000,0.100,0.200,0.040,1.000,0.500,0.800,0.300,0.400
Herb,3396,1.000,0.000,0.100,0.120,0.030,0.050,0.030,0.500,0.010,0.010,0.800,0.200,0.350,0.100,1.000,0.100,0.200,0.040,1.000,0.500,0.800,0.300,0.400
Herb,3395,1.000,0.000,0.100,0.120,0.030,0.050,0.030,0.500,0.010,0.010,0.800,0.200,0.350,0.100,1.000,0.100,0.200,0.040,1.000,0.500,0.800,0.300,0.400
Herb,3394,1.000,0.000,0.100,0.120,0.030,0.050,0.030,0.500,0.010,0.010,0.800,0.200,0.350,0.100,1.000,0.100,0.200,0.040,1.000,0.500,0.800,0.300,0.400
Herb,3393,1.000,0.000,0.100,0.120,0.030,0.050,0.030,0.500,0.010,0.010,0.800,0.200,0.350,0.100,1.000,0.100,0.200,0.040,1.000,0.500,0.800,0.300,0.400
Herb,3392,1.000,0.000,0.100,0.120,0.030,0.050,0.030,0.500,0.010,0.010,0.800,0.200,0.350,0.100,1.000,0.100,0.200,0.040,1.000,0.500,0.800,0.300,0.400
Herb,3391,1.000,0.000,0.100,0.120,0.030,0.050,0.030,0.500,0.010,0.010,0.800,0.200,0.350,0.100,1.000,0.100,0.200,0.040,1.000,0.500,0.800,0.300,0.400
Herb,3390,1.000,0.000,0.100,0.120,0.030,0.050,0.030,0.500,0.010,0.010,0.800,0.200,0.350,0.100,1.000,0.100,0.200,0.040,1.000,0.500,0.800,0.300,0.400
Herb,3414,1.000,0.000,0.100,0.120,0.030,0.050,0.030,0.500,0.010,0.010,0.800,0.200,0.350,0.100,1.000,0.100,0.200,0.040,1.000,0.500,0.800,0.300,0.400
Herb,3389,1.000,0.000,0.100,0.120,0.030,0.050,0.030,0.500,0.010,0.010,0.800,0.200,0.350,0.100,1.000,0.100,0.200,0.040,1.000,0.500,0.800,0.300,0.400
Herb,3415,1.000,0.000,0.100,0.120,0.030,0.050,0.030,0.500,0.010,0.010,0.800,0.200,0.350,0.100,1.000,0.100,0.200,0.040,1.000,0.500,0.800,0.300,0.400
Herb,3417,1.000,0.000,0.100,0.120,0.030,0.050,0.030,0.500,0.010,0.010,0.800,0.200,0.350,0.100,1.000,0.100,0.200,0.040,1.000,0.500,0.800,0.300,0.400
Herb,3446,1.000,0.000,0.100,0.120,0.030,0.050,0.030,0.500,0.010,0.010,0.800,0.200,0.350,0.100,1.000,0.100,0.200,0.040,1.000,0.500,0.800,0.300,0.400
Herb,3444,1.000,0.000,0.100,0.120,0.030,0.050,0.030,0.500,0.010,0.010,0.800,0.200,0.350,0.100,1.000,0.100,0.200,0.040,1.000,0.500,0.800,0.300,0.400
Herb,3443,1.000,0.000,0.100,0.120,0.030,0.050,0.030,0.500,0.010,0.010,0.800,0.200,0.350,0.100,1.000,0.100,0.200,0.040,1.000,0.500,0.800,0.300,0.400
Herb,3442,1.000,0.000,0.100,0.120,0.030,0.050,0.030,0.500,0.010,0.010,0.800,0.200,0.350,0.100,1.000,0.100,0.200,0.040,1.000,0.500,0.800,0.300,0.400
Herb,3440,1.000,0.000,0.100,0.120,0.030,0.050,0.030,0.500,0.010,0.010,0.800,0.200,0.350,0.100,1.000,0.100,0.200,0.040,1.000,0.500,0.800,0.300,0.400
Herb,3439,1.000,0.000,0.100,0.120,0.030,0.050,0.030,0.500,0.010,0.010,0.800,0.200,0.350,0.100,1.000,0.100,0.200,0.040,1.000,0.500,0.800,0.300,0.400
Herb,3438,1.000,0.000,0.100,0.120,0.030,0.050,0.030,0.500,0.010,0.010,0.800,0.200,0.350,0.100,1.000,0.100,0.200,0.040,1.000,0.500,0.800,0.300,0.400
Herb,3437,1.000,0.000,0.100,0.120,0.030,0.050,0.030,0.500,0.010,0.010,0.800,0.200,0.350,0.100,1.000,0.100,0.200,0.040,1.000,0.500,0.800,0.300,0.400
Herb,3436,1.000,0.000,0.100,0.120,0.030,0.050,0.030,0.500,0.010,0.010,0.800,0.200,0.350,0.100,1.000,0.100,0.200,0.040,1.000,0.500,0.800,0.300,0.400
Herb,3435,1.000,0.000,0.100,0.120,0.030,0.050,0.030,0.500,0.010,0.010,0.800,0.200,0.350,0.100,1.000,0.100,0.200,0.040,1.000,0.500,0.800,0.300,0.400
Herb,3434,1.000,0.000,0.100,0.120,0.030,0.050,0.030,0.500,0.010,0.010,0.800,0.200,0.350,0.100,1.000,0.100,0.200,0.040,1.000,0.500,0.800,0.300,0.400
Herb,3433,1.000,0.000,0.100,0.120,0.030,0.050,0.030,0.500,0.010,0.010,0.800,0.200,0.350,0.100,1.000,0.100,0.200,0.040,1.000,0.500,0.800,0.300,0.400
Herb,3430,1.000,0.000,0.100,0.120,0.030,0.050,0.030,0.500,0.010,0.010,0.800,0.200,0.350,0.100,1.000,0.100,0.200,0.040,1.000,0.500,0.800,0.300,0.400
Herb,3429,1.000,0.000,0.100,0.120,0.030,0.050,0.030,0.500,0.010,0.010,0.800,0.200,0.350,0.100,1.000,0.100,0.200,0.040,1.000,0.500,0.800,0.300,0.400
Herb,3428,1.000,0.000,0.100,0.120,0.030,0.050,0.030,0.500,0.010,0.010,0.800,0.200,0.350,0.100,1.000,0.100,0.200,0.040,1.000,0.500,0.800,0.300,0.400
Herb,3426,1.000,0.000,0.100,0.120,0.030,0.050,0.030,0.500,0.010,0.010,0.800,0.200,0.350,0.100,1.000,0.100,0.200,0.040,1.000,0.500,0.800,0.300,0.400
Herb,3425,1.000,0.000,0.100,0.120,0.030,0.050,0.030,0.500,0.010,0.010,0.800,0.200,0.350,0.100,1.000,0.100,0.200,0.040,1.000,0.500,0.800,0.300,0.400
Herb,3423,1.000,0.000,0.100,0.120,0.030,0.050,0.030,0.500,0.010,0.010,0.800,0.200,0.350,0.100,1.000,0.100,0.200,0.040,1.000,0.500,0.800,0.300,0.400
Herb,3422,1.000,0.000,0.100,0.120,0.030,0.050,0.030,0.500,0.010,0.010,0.800,0.200,0.350,0.100,1.000,0.100,0.200,0.040,1.000,0.500,0.800,0.300,0.400
Herb,3421,1.000,0.000,0.100,0.120,0.030,0.050,0.030,0.500,0.010,0.010,0.800,0.200,0.350,0.100,1.000,0.100,0.200,0.040,1.000,0.500,0.800,0.300,0.400
Herb,3420,1.000,0.000,0.100,0.120,0.030,0.050,0.030,0.500,0.010,0.010,0.800,0.200,0.350,0.100,1.000,0.100,0.200,0.040,1.000,0.500,0.800,0.300,0.400
Herb,3419,1.000,0.000,0.100,0.120,0.030,0.050,0.030,0.500,0.010,0.010,0.800,0.200,0.350,0.100,1.000,0.100,0.200,0.040,1.000,0.500,0.800,0.300,0.400
Herb,3418,1.000,0.000,0.100,0.120,0.030,0.050,0.030,0.500,0.010,0.010,0.800,0.200,0.350,0.100,1.000,0.100,0.200,0.040,1.000,0.500,0.800,0.300,0.400
Herb,3416,1.000,0.000,0.100,0.120,0.030,0.050,0.030,0.500,0.010,0.010,0.800,0.200,0.350,0.100,1.000,0.100,0.200,0.040,1.000,0.500,0.800,0.300,0.400
Herb,3330,1.000,0.000,0.100,0.120,0.030,0.050,0.030,0.500,0.010,0.010,0.800,0.200,0.350,0.100,1.000,0.100,0.200,0.040,1.000,0.500,0.800,0.300,0.400
Herb,3387,1.000,0.000,0.100,0.120,0.030,0.050,0.030,0.500,0.010,0.010,0.800,0.200,0.350,0.100,1.000,0.100,0.200,0.040,1.000,0.500,0.800,0.300,0.400
Herb,3385,1.000,0.000,0.100,0.120,0.030,0.050,0.030,0.500,0.010,0.010,0.800,0.200,0.350,0.100,1.000,0.100,0.200,0.040,1.000,0.500,0.800,0.300,0.400
Herb,3356,1.000,0.000,0.100,0.120,0.030,0.050,0.030,0.500,0.010,0.010,0.800,0.200,0.350,0.100,1.000,0.100,0.200,0.040,1.000,0.500,0.800,0.300,0.400
Herb,3355,1.000,0.000,0.100,0.120,0.030,0.050,0.030,0.500,0.010,0.010,0.800,0.200,0.350,0.100,1.000,0.100,0.200,0.040,1.000,0.500,0.800,0.300,0.400
Herb,3354,1.000,0.000,0.100,0.120,0.030,0.050,0.030,0.500,0.010,0.010,0.800,0.200,0.350,0.100,1.000,0.100,0.200,0.040,1.000,0.500,0.800,0.300,0.400
Herb,3353,1.000,0.000,0.100,0.120,0.030,0.050,0.030,0.500,0.010,0.010,0.800,0.200,0.350,0.100,1.000,0.100,0.200,0.040,1.000,0.500,0.800,0.300,0.400
Herb,3352,1.000,0.000,0.100,0.120,0.030,0.050,0.030,0.500,0.010,0.010,0.800,0.200,0.350,0.100,1.000,0.100,0.200,0.040,1.000,0.500,0.800,0.300,0.400
Herb,3351,1.000,0.000,0.100,0.120,0.030,0.050,0.030,0.500,0.010,0.010,0.800,0.200,0.350,0.100,1.000,0.100,0.200,0.040,1.000,0.500,0.800,0.300,0.400
Herb,3350,1.000,0.000,0.100,0.120,0.030,0.050,0.030,0.500,0.010,0.010,0.800,0.200,0.350,0.100,1.000,0.100,0.200,0.040,1.000,0.500,0.800,0.300,0.400
Herb,3349,1.000,0.000,0.100,0.120,0.030,0.050,0.030,0.500,0.010,0.010,0.800,0.200,0.350,0.100,1.000,0.100,0.200,0.040,1.000,0.500,0.800,0.300,0.400
Herb,3348,1.000,0.000,0.100,0.120,0.030,0.050,0.030,0.500,0.010,0.010,0.800,0.200,0.350,0.100,1.000,0.100,0.200,0.040,1.000,0.500,0.800,0.300,0.400
Herb,3347,1.000,0.000,0.100,0.120,0.030,0.050,0.030,0.500,0.010,0.010,0.800,0.200,0.350,0.100,1.000,0.100,0.200,0.040,1.000,0.500,0.800,0.300,0.400
Herb,3346,1.000,0.000,0.100,0.120,0.030,0.050,0.030,0.500,0.010,0.010,0.800,0.200,0.350,0.100,1.000,0.100,0.200,0.040,1.000,0.500,0.800,0.300,0.400
Herb,3344,1.000,0.000,0.100,0.120,0.030,0.050,0.030,0.500,0.010,0.010,0.800,0.200,0.350,0.100,1.000,0.100,0.200,0.040,1.000,0.500,0.800,0.300,0.400
Herb,3343,1.000,0.000,0.100,0.120,0.030,0.050,0.030,0.500,0.010,0.010,0.800,0.200,0.350,0.100,1.000,0.100,0.200,0.040,1.000,0.500,0.800,0.300,0.400
Herb,3342,1.000,0.000,0.100,0.120,0.030,0.050,0.030,0.500,0.010,0.010,0.800,0.200,0.350,0.100,1.000,0.100,0.200,0.040,1.000,0.500,0.800,0.300,0.400
Herb,3340,1.000,0.000,0.100,0.120,0.030,0.050,0.030,0.500,0.010,0.010,0.800,0.200,0.350,0.100,1.000,0.100,0.200,0.040,1.000,0.500,0.800,0.300,0.400
Herb,3339,1.000,0.000,0.100,0.120,0.030,0.050,0.030,0.500,0.010,0.010,0.800,0.200,0.350,0.100,1.000,0.100,0.200,0.040,1.000,0.500,0.800,0.300,0.400
Herb,3338,1.000,0.000,0.100,0.120,0.030,0.050,0.030,0.500,0.010,0.010,0.800,0.200,0.350,0.100,1.000,0.100,0.200,0.040,1.000,0.500,0.800,0.300,0.400
Herb,3337,1.000,0.000,0.100,0.120,0.030,0.050,0.030,0.500,0.010,0.010,0.800,0.200,0.350,0.100,1.000,0.100,0.200,0.040,1.000,0.500,0.800,0.300,0.400
Herb,3336,1.000,0.000,0.100,0.120,0.030,0.050,0.030,0.500,0.010,0.010,0.800,0.200,0.350,0.100,1.000,0.100,0.200,0.040,1.000,0.500,0.800,0.300,0.400
Herb,3335,1.000,0.000,0.100,0.120,0.030,0.050,0.030,0.500,0.010,0.010,0.800,0.200,0.350,0.100,1.000,0.100,0.200,0.040,1.000,0.500,0.800,0.300,0.400
Herb,3334,1.000,0.000,0.100,0.120,0.030,0.050,0.030,0.500,0.010,0.010,0.800,0.200,0.350,0.100,1.000,0.100,0.200,0.040,1.000,0.500,0.800,0.300,0.400
Herb,3333,1.000,0.000,0.100,0.120,0.030,0.050,0.030,0.500,0.010,0.010,0.800,0.200,0.350,0.100,1.000,0.100,0.200,0.040,1.000,0.500,0.800,0.300,0.400
Herb,3332,1.000,0.000,0.100,0.120,0.030,0.050,0.030,0.500,0.010,0.010,0.800,0.200,0.350,0.100,1.000,0.100,0.200,0.040,1.000,0.500,0.800,0.300,0.400
Herb,3357,1.000,0.000,0.100,0.120,0.030,0.050,0.030,0.500,0.010,0.010,0.800,0.200,0.350,0.100,1.000,0.100,0.200,0.040,1.000,0.500,0.800,0.300,0.400
Herb,3386,1.000,0.000,0.100,0.120,0.030,0.050,0.030,0.500,0.010,0.010,0.800,0.200,0.350,0.100,1.000,0.100,0.200,0.040,1.000,0.500,0.800,0.300,0.400
Herb,3358,1.000,0.000,0.100,0.120,0.030,0.050,0.030,0.500,0.010,0.010,0.800,0.200,0.350,0.100,1.000,0.100,0.200,0.040,1.000,0.500,0.800,0.300,0.400
Herb,3361,1.000,0.000,0.100,0.120,0.030,0.050,0.030,0.500,0.010,0.010,0.800,0.200,0.350,0.100,1.000,0.100,0.200,0.040,1.000,0.500,0.800,0.300,0.400
Herb,3384,1.000,0.000,0.100,0.120,0.030,0.050,0.030,0.500,0.010,0.010,0.800,0.200,0.350,0.100,1.000,0.100,0.200,0.040,1.000,0.500,0.800,0.300,0.400
Herb,3383,1.000,0.000,0.100,0.120,0.030,0.050,0.030,0.500,0.010,0.010,0.800,0.200,0.350,0.100,1.000,0.100,0.200,0.040,1.000,0.500,0.800,0.300,0.400
Herb,3382,1.000,0.000,0.100,0.120,0.030,0.050,0.030,0.500,0.010,0.010,0.800,0.200,0.350,0.100,1.000,0.100,0.200,0.040,1.000,0.500,0.800,0.300,0.400
Herb,3381,1.000,0.000,0.100,0.120,0.030,0.050,0.030,0.500,0.010,0.010,0.800,0.200,0.350,0.100,1.000,0.100,0.200,0.040,1.000,0.500,0.800,0.300,0.400
Herb,3380,1.000,0.000,0.100,0.120,0.030,0.050,0.030,0.500,0.010,0.010,0.800,0.200,0.350,0.100,1.000,0.100,0.200,0.040,1.000,0.500,0.800,0.300,0.400
Herb,3379,1.000,0.000,0.100,0.120,0.030,0.050,0.030,0.500,0.010,0.010,0.800,0.200,0.350,0.100,1.000,0.100,0.200,0.040,1.000,0.500,0.800,0.300,0.400
Herb,3378,1.000,0.000,0.100,0.120,0.030,0.050,0.030,0.500,0.010,0.010,0.800,0.200,0.350,0.100,1.000,0.100,0.200,0.040,1.000,0.500,0.800,0.300,0.400
Herb,3377,1.000,0.000,0.100,0.120,0.030,0.050,0.030,0.500,0.010,0.010,0.800,0.200,0.350,0.100,1.000,0.100,0.200,0.040,1.000,0.500,0.800,0.300,0.400
Herb,3376,1.000,0.000,0.100,0.120,0.030,0.050,0.030,0.500,0.010,0.010,0.800,0.200,0.350,0.100,1.000,0.100,0.200,0.040,1.000,0.500,0.800,0.300,0.400
Herb,3375,1.000,0.000,0.100,0.120,0.030,0.050,0.030,0.500,0.010,0.010,0.800,0.200,0.350,0.100,1.000,0.100,0.200,0.040,1.000,0.500,0.800,0.300,0.400
Herb,3374,1.000,0.000,0.100,0.120,0.030,0.050,0.030,0.500,0.010,0.010,0.800,0.200,0.350,0.100,1.000,0.100,0.200,0.040,1.000,0.500,0.800,0.300,0.400
Herb,3373,1.000,0.000,0.100,0.120,0.030,0.050,0.030,0.500,0.010,0.010,0.800,0.200,0.350,0.100,1.000,0.100,0.200,0.040,1.000,0.500,0.800,0.300,0.400
Herb,3372,1.000,0.000,0.100,0.120,0.030,0.050,0.030,0.500,0.010,0.010,0.800,0.200,0.350,0.100,1.000,0.100,0.200,0.040,1.000,0.500,0.800,0.300,0.400
Herb,3371,1.000,0.000,0.100,0.120,0.030,0.050,0.030,0.500,0.010,0.010,0.800,0.200,0.350,0.100,1.000,0.100,0.200,0.040,1.000,0.500,0.800,0.300,0.400
Herb,3370,1.000,0.000,0.100,0.120,0.030,0.050,0.030,0.500,0.010,0.010,0.800,0.200,0.350,0.100,1.000,0.100,0.200,0.040,1.000,0.500,0.800,0.300,0.400
Herb,3369,1.000,0.000,0.100,0.120,0.030,0.050,0.030,0.500,0.010,0.010,0.800,0.200,0.350,0.100,1.000,0.100,0.200,0.040,1.000,0.500,0.800,0.300,0.400
Herb,3368,1.000,0.000,0.100,0.120,0.030,0.050,0.030,0.500,0.010,0.010,0.800,0.200,0.350,0.100,1.000,0.100,0.200,0.040,1.000,0.500,0.800,0.300,0.400
Herb,3367,1.000,0.000,0.100,0.120,0.030,0.050,0.030,0.500,0.010,0.010,0.800,0.200,0.350,0.100,1.000,0.100,0.200,0.040,1.000,0.500,0.800,0.300,0.400
Herb,3366,1.000,0.000,0.100,0.120,0.030,0.050,0.030,0.500,0.010,0.010,0.800,0.200,0.350,0.100,1.000,0.100,0.200,0.040,1.000,0.500,0.800,0.300,0.400
Herb,3365,1.000,0.000,0.100,0.120,0.030,0.050,0.030,0.500,0.010,0.010,0.800,0.200,0.350,0.100,1.000,0.100,0.200,0.040,1.000,0.500,0.800,0.300,0.400
Herb,3364,1.000,0.000,0.100,0.120,0.030,0.050,0.030,0.500,0.010,0.010,0.800,0.200,0.350,0.100,1.000,0.100,0.200,0.040,1.000,0.500,0.800,0.300,0.400
Herb,3363,1.000,0.000,0.100,0.120,0.030,0.050,0.030,0.500,0.010,0.010,0.800,0.200,0.350,0.100,1.000,0.100,0.200,0.040,1.000,0.500,0.800,0.300,0.400
Herb,3362,1.000,0.000,0.100,0.120,0.030,0.050,0.030,0.500,0.010,0.010,0.800,0.200,0.350,0.100,1.000,0.100,0.200,0.040,1.000,0.500,0.800,0.300,0.400
Herb,3359,1.000,0.000,0.100,0.120,0.030,0.050,0.030,0.500,0.010,0.010,0.800,0.200,0.350,0.100,1.000,0.100,0.200,0.040,1.000,0.500,0.800,0.300,0.400
Herb,3218,1.000,0.000,0.100,0.120,0.030,0.050,0.030,0.500,0.010,0.010,0.800,0.200,0.350,0.100,1.000,0.100,0.200,0.040,1.000,0.500,0.800,0.300,0.400
Herb,3217,1.000,0.000,0.100,0.120,0.030,0.050,0.030,0.500,0.010,0.010,0.800,0.200,0.350,0.100,1.000,0.100,0.200,0.040,1.000,0.500,0.800,0.300,0.400
Herb,3216,1.000,0.000,0.100,0.120,0.030,0.050,0.030,0.500,0.010,0.010,0.800,0.200,0.350,0.100,1.000,0.100,0.200,0.040,1.000,0.500,0.800,0.300,0.400
Herb,3068,1.000,0.000,0.100,0.120,0.030,0.050,0.030,0.500,0.010,0.010,0.800,0.200,0.350,0.100,1.000,0.100,0.200,0.040,1.000,0.500,0.800,0.300,0.400
Herb,3067,1.000,0.000,0.100,0.120,0.030,0.050,0.030,0.500,0.010,0.010,0.800,0.200,0.350,0.100,1.000,0.100,0.200,0.040,1.000,0.500,0.800,0.300,0.400
Herb,3066,1.000,0.000,0.100,0.120,0.030,0.050,0.030,0.500,0.010,0.010,0.800,0.200,0.350,0.100,1.000,0.100,0.200,0.040,1.000,0.500,0.800,0.300,0.400
Herb,3065,1.000,0.000,0.100,0.120,0.030,0.050,0.030,0.500,0.010,0.010,0.800,0.200,0.350,0.100,1.000,0.100,0.200,0.040,1.000,0.500,0.800,0.300,0.400
Herb,3064,1.000,0.000,0.100,0.120,0.030,0.050,0.030,0.500,0.010,0.010,0.800,0.200,0.350,0.100,1.000,0.100,0.200,0.040,1.000,0.500,0.800,0.300,0.400
Herb,3063,1.000,0.000,0.100,0.120,0.030,0.050,0.030,0.500,0.010,0.010,0.800,0.200,0.350,0.100,1.000,0.100,0.200,0.040,1.000,0.500,0.800,0.300,0.400
Herb,3062,1.000,0.000,0.100,0.120,0.030,0.050,0.030,0.500,0.010,0.010,0.800,0.200,0.350,0.100,1.000,0.100,0.200,0.040,1.000,0.500,0.800,0.300,0.400
Herb,3061,1.000,0.000,0.100,0.120,0.030,0.050,0.030,0.500,0.010,0.010,0.800,0.200,0.350,0.100,1.000,0.100,0.200,0.040,1.000,0.500,0.800,0.300,0.400
Herb,3060,1.000,0.000,0.100,0.120,0.030,0.050,0.030,0.500,0.010,0.010,0.800,0.200,0.350,0.100,1.000,0.100,0.200,0.040,1.000,0.500,0.800,0.300,0.400
Herb,3059,1.000,0.000,0.100,0.120,0.030,0.050,0.030,0.500,0.010,0.010,0.800,0.200,0.350,0.100,1.000,0.100,0.200,0.040,1.000,0.500,0.800,0.300,0.400
Herb,3058,1.000,0.000,0.100,0.120,0.030,0.050,0.030,0.500,0.010,0.010,0.800,0.200,0.350,0.100,1.000,0.100,0.200,0.040,1.000,0.500,0.800,0.300,0.400
Herb,3057,1.000,0.000,0.100,0.120,0.030,0.050,0.030,0.500,0.010,0.010,0.800,0.200,0.350,0.100,1.000,0.100,0.200,0.040,1.000,0.500,0.800,0.300,0.400
Herb,3056,1.000,0.000,0.100,0.120,0.030,0.050,0.030,0.500,0.010,0.010,0.800,0.200,0.350,0.100,1.000,0.100,0.200,0.040,1.000,0.500,0.800,0.300,0.400
Herb,3055,1.000,0.000,0.100,0.120,0.030,0.050,0.030,0.500,0.010,0.010,0.800,0.200,0.350,0.100,1.000,0.100,0.200,0.040,1.000,0.500,0.800,0.300,0.400
Herb,3054,1.000,0.000,0.100,0.120,0.030,0.050,0.030,0.500,0.010,0.010,0.800,0.200,0.350,0.100,1.000,0.100,0.200,0.040,1.000,0.500,0.800,0.300,0.400
Herb,3053,1.000,0.000,0.100,0.120,0.030,0.050,0.030,0.500,0.010,0.010,0.800,0.200,0.350,0.100,1.000,0.100,0.200,0.040,1.000,0.500,0.800,0.300,0.400
Herb,3052,1.000,0.000,0.100,0.120,0.030,0.050,0.030,0.500,0.010,0.010,0.800,0.200,0.350,0.100,1.000,0.100,0.200,0.040,1.000,0.500,0.800,0.300,0.400
Herb,3051,1.000,0.000,0.100,0.120,0.030,0.050,0.030,0.500,0.010,0.010,0.800,0.200,0.350,0.100,1.000,0.100,0.200,0.040,1.000,0.500,0.800,0.300,0.400
Herb,3050,1.000,0.000,0.100,0.120,0.030,0.050,0.030,0.500,0.010,0.010,0.800,0.200,0.350,0.100,1.000,0.100,0.200,0.040,1.000,0.500,0.800,0.300,0.400
Herb,3049,1.000,0.000,0.100,0.120,0.030,0.050,0.030,0.500,0.010,0.010,0.800,0.200,0.350,0.100,1.000,0.100,0.200,0.040,1.000,0.500,0.800,0.300,0.400
Herb,3048,1.000,0.000,0.100,0.120,0.030,0.050,0.030,0.500,0.010,0.010,0.800,0.200,0.350,0.100,1.000,0.100,0.200,0.040,1.000,0.500,0.800,0.300,0.400
Herb,3047,1.000,0.000,0.100,0.120,0.030,0.050,0.030,0.500,0.010,0.010,0.800,0.200,0.350,0.100,1.000,0.100,0.200,0.040,1.000,0.500,0.800,0.300,0.400
Herb,3046,1.000,0.000,0.100,0.120,0.030,0.050,0.030,0.500,0.010,0.010,0.800,0.200,0.350,0.100,1.000,0.100,0.200,0.040,1.000,0.500,0.800,0.300,0.400
Herb,3070,1.000,0.000,0.100,0.120,0.030,0.050,0.030,0.500,0.010,0.010,0.800,0.200,0.350,0.100,1.000,0.100,0.200,0.040,1.000,0.500,0.800,0.300,0.400
Herb,3045,1.000,0.000,0.100,0.120,0.030,0.050,0.030,0.500,0.010,0.010,0.800,0.200,0.350,0.100,1.000,0.100,0.200,0.040,1.000,0.500,0.800,0.300,0.400
Herb,3071,1.000,0.000,0.100,0.120,0.030,0.050,0.030,0.500,0.010,0.010,0.800,0.200,0.350,0.100,1.000,0.100,0.200,0.040,1.000,0.500,0.800,0.300,0.400
Herb,3074,1.000,0.000,0.100,0.120,0.030,0.050,0.030,0.500,0.010,0.010,0.800,0.200,0.350,0.100,1.000,0.100,0.200,0.040,1.000,0.500,0.800,0.300,0.400
Herb,3098,1.000,0.000,0.100,0.120,0.030,0.050,0.030,0.500,0.010,0.010,0.800,0.200,0.350,0.100,1.000,0.100,0.200,0.040,1.000,0.500,0.800,0.300,0.400
Herb,3097,1.000,0.000,0.100,0.120,0.030,0.050,0.030,0.500,0.010,0.010,0.800,0.200,0.350,0.100,1.000,0.100,0.200,0.040,1.000,0.500,0.800,0.300,0.400
Herb,3096,1.000,0.000,0.100,0.120,0.030,0.050,0.030,0.500,0.010,0.010,0.800,0.200,0.350,0.100,1.000,0.100,0.200,0.040,1.000,0.500,0.800,0.300,0.400
Herb,3095,1.000,0.000,0.100,0.120,0.030,0.050,0.030,0.500,0.010,0.010,0.800,0.200,0.350,0.100,1.000,0.100,0.200,0.040,1.000,0.500,0.800,0.300,0.400
Herb,3094,1.000,0.000,0.100,0.120,0.030,0.050,0.030,0.500,0.010,0.010,0.800,0.200,0.350,0.100,1.000,0.100,0.200,0.040,1.000,0.500,0.800,0.300,0.400
Herb,3093,1.000,0.000,0.100,0.120,0.030,0.050,0.030,0.500,0.010,0.010,0.800,0.200,0.350,0.100,1.000,0.100,0.200,0.040,1.000,0.500,0.800,0.300,0.400
Herb,3092,1.000,0.000,0.100,0.120,0.030,0.050,0.030,0.500,0.010,0.010,0.800,0.200,0.350,0.100,1.000,0.100,0.200,0.040,1.000,0.500,0.800,0.300,0.400
Herb,3091,1.000,0.000,0.100,0.120,0.030,0.050,0.030,0.500,0.010,0.010,0.800,0.200,0.350,0.100,1.000,0.100,0.200,0.040,1.000,0.500,0.800,0.300,0.400
Herb,3090,1.000,0.000,0.100,0.120,0.030,0.050,0.030,0.500,0.010,0.010,0.800,0.200,0.350,0.100,1.000,0.100,0.200,0.040,1.000,0.500,0.800,0.300,0.400
Herb,3088,1.000,0.000,0.100,0.120,0.030,0.050,0.030,0.500,0.010,0.010,0.800,0.200,0.350,0.100,1.000,0.100,0.200,0.040,1.000,0.500,0.800,0.300,0.400
Herb,3087,1.000,0.000,0.100,0.120,0.030,0.050,0.030,0.500,0.010,0.010,0.800,0.200,0.350,0.100,1.000,0.100,0.200,0.040,1.000,0.500,0.800,0.300,0.400
Herb,3086,1.000,0.000,0.100,0.120,0.030,0.050,0.030,0.500,0.010,0.010,0.800,0.200,0.350,0.100,1.000,0.100,0.200,0.040,1.000,0.500,0.800,0.300,0.400
Herb,3085,1.000,0.000,0.100,0.120,0.030,0.050,0.030,0.500,0.010,0.010,0.800,0.200,0.350,0.100,1.000,0.100,0.200,0.040,1.000,0.500,0.800,0.300,0.400
Herb,3084,1.000,0.000,0.100,0.120,0.030,0.050,0.030,0.500,0.010,0.010,0.800,0.200,0.350,0.100,1.000,0.100,0.200,0.040,1.000,0.500,0.800,0.300,0.400
Herb,3083,1.000,0.000,0.100,0.120,0.030,0.050,0.030,0.500,0.010,0.010,0.800,0.200,0.350,0.100,1.000,0.100,0.200,0.040,1.000,0.500,0.800,0.300,0.400
Herb,3082,1.000,0.000,0.100,0.120,0.030,0.050,0.030,0.500,0.010,0.010,0.800,0.200,0.350,0.100,1.000,0.100,0.200,0.040,1.000,0.500,0.800,0.300,0.400
Herb,3081,1.000,0.000,0.100,0.120,0.030,0.050,0.030,0.500,0.010,0.010,0.800,0.200,0.350,0.100,1.000,0.100,0.200,0.040,1.000,0.500,0.800,0.300,0.400
Herb,3080,1.000,0.000,0.100,0.120,0.030,0.050,0.030,0.500,0.010,0.010,0.800,0.200,0.350,0.100,1.000,0.100,0.200,0.040,1.000,0.500,0.800,0.300,0.400
Herb,3079,1.000,0.000,0.100,0.120,0.030,0.050,0.030,0.500,0.010,0.010,0.800,0.200,0.350,0.100,1.000,0.100,0.200,0.040,1.000,0.500,0.800,0.300,0.400
Herb,3078,1.000,0.000,0.100,0.120,0.030,0.050,0.030,0.500,0.010,0.010,0.800,0.200,0.350,0.100,1.000,0.100,0.200,0.040,1.000,0.500,0.800,0.300,0.400
Herb,3077,1.000,0.000,0.100,0.120,0.030,0.050,0.030,0.500,0.010,0.010,0.800,0.200,0.350,0.100,1.000,0.100,0.200,0.040,1.000,0.500,0.800,0.300,0.400
Herb,3076,1.000,0.000,0.100,0.120,0.030,0.050,0.030,0.500,0.010,0.010,0.800,0.200,0.350,0.100,1.000,0.100,0.200,0.040,1.000,0.500,0.800,0.300,0.400
Herb,3075,1.000,0.000,0.100,0.120,0.030,0.050,0.030,0.500,0.010,0.010,0.800,0.200,0.350,0.100,1.000,0.100,0.200,0.040,1.000,0.500,0.800,0.300,0.400
Herb,3072,1.000,0.000,0.100,0.120,0.030,0.050,0.030,0.500,0.010,0.010,0.800,0.200,0.350,0.100,1.000,0.100,0.200,0.040,1.000,0.500,0.800,0.300,0.400
Herb,3099,1.000,0.000,0.100,0.120,0.030,0.050,0.030,0.500,0.010,0.010,0.800,0.200,0.350,0.100,1.000,0.100,0.200,0.040,1.000,0.500,0.800,0.300,0.400
Herb,3044,1.000,0.000,0.100,0.120,0.030,0.050,0.030,0.500,0.010,0.010,0.800,0.200,0.350,0.100,1.000,0.100,0.200,0.040,1.000,0.500,0.800,0.300,0.400
Herb,3042,1.000,0.000,0.100,0.120,0.030,0.050,0.030,0.500,0.010,0.010,0.800,0.200,0.350,0.100,1.000,0.100,0.200,0.040,1.000,0.500,0.800,0.300,0.400
Herb,3013,1.000,0.000,0.100,0.120,0.030,0.050,0.030,0.500,0.010,0.010,0.800,0.200,0.350,0.100,1.000,0.100,0.200,0.040,1.000,0.500,0.800,0.300,0.400
Herb,3012,1.000,0.000,0.100,0.120,0.030,0.050,0.030,0.500,0.010,0.010,0.800,0.200,0.350,0.100,1.000,0.100,0.200,0.040,1.000,0.500,0.800,0.300,0.400
Herb,3011,1.000,0.000,0.100,0.120,0.030,0.050,0.030,0.500,0.010,0.010,0.800,0.200,0.350,0.100,1.000,0.100,0.200,0.040,1.000,0.500,0.800,0.300,0.400
Herb,3009,1.000,0.000,0.100,0.120,0.030,0.050,0.030,0.500,0.010,0.010,0.800,0.200,0.350,0.100,1.000,0.100,0.200,0.040,1.000,0.500,0.800,0.300,0.400
Herb,3008,1.000,0.000,0.100,0.120,0.030,0.050,0.030,0.500,0.010,0.010,0.800,0.200,0.350,0.100,1.000,0.100,0.200,0.040,1.000,0.500,0.800,0.300,0.400
Herb,3007,1.000,0.000,0.100,0.120,0.030,0.050,0.030,0.500,0.010,0.010,0.800,0.200,0.350,0.100,1.000,0.100,0.200,0.040,1.000,0.500,0.800,0.300,0.400
Herb,3006,1.000,0.000,0.100,0.120,0.030,0.050,0.030,0.500,0.010,0.010,0.800,0.200,0.350,0.100,1.000,0.100,0.200,0.040,1.000,0.500,0.800,0.300,0.400
Herb,3004,1.000,0.000,0.100,0.120,0.030,0.050,0.030,0.500,0.010,0.010,0.800,0.200,0.350,0.100,1.000,0.100,0.200,0.040,1.000,0.500,0.800,0.300,0.400
Herb,3003,1.000,0.000,0.100,0.120,0.030,0.050,0.030,0.500,0.010,0.010,0.800,0.200,0.350,0.100,1.000,0.100,0.200,0.040,1.000,0.500,0.800,0.300,0.400
Herb,3002,1.000,0.000,0.100,0.120,0.030,0.050,0.030,0.500,0.010,0.010,0.800,0.200,0.350,0.100,1.000,0.100,0.200,0.040,1.000,0.500,0.800,0.300,0.400
Herb,3001,1.000,0.000,0.100,0.120,0.030,0.050,0.030,0.500,0.010,0.010,0.800,0.200,0.350,0.100,1.000,0.100,0.200,0.040,1.000,0.500,0.800,0.300,0.400
Herb,2410,1.000,0.000,0.100,0.120,0.030,0.050,0.030,0.500,0.010,0.010,0.800,0.200,0.350,0.100,1.000,0.100,0.200,0.040,1.000,0.500,0.800,0.300,0.400
Herb,2409,1.000,0.000,0.100,0.120,0.030,0.050,0.030,0.500,0.010,0.010,0.800,0.200,0.350,0.100,1.000,0.100,0.200,0.040,1.000,0.500,0.800,0.300,0.400
Herb,2408,1.000,0.000,0.100,0.120,0.030,0.050,0.030,0.500,0.010,0.010,0.800,0.200,0.350,0.100,1.000,0.100,0.200,0.040,1.000,0.500,0.800,0.300,0.400
Herb,2407,1.000,0.000,0.100,0.120,0.030,0.050,0.030,0.500,0.010,0.010,0.800,0.200,0.350,0.100,1.000,0.100,0.200,0.040,1.000,0.500,0.800,0.300,0.400
Herb,2406,1.000,0.000,0.100,0.120,0.030,0.050,0.030,0.500,0.010,0.010,0.800,0.200,0.350,0.100,1.000,0.100,0.200,0.040,1.000,0.500,0.800,0.300,0.400
Herb,2405,1.000,0.000,0.100,0.120,0.030,0.050,0.030,0.500,0.010,0.010,0.800,0.200,0.350,0.100,1.000,0.100,0.200,0.040,1.000,0.500,0.800,0.300,0.400
Herb,2404,1.000,0.000,0.100,0.120,0.030,0.050,0.030,0.500,0.010,0.010,0.800,0.200,0.350,0.100,1.000,0.100,0.200,0.040,1.000,0.500,0.800,0.300,0.400
Herb,2403,1.000,0.000,0.100,0.120,0.030,0.050,0.030,0.500,0.010,0.010,0.800,0.200,0.350,0.100,1.000,0.100,0.200,0.040,1.000,0.500,0.800,0.300,0.400
Herb,2402,1.000,0.000,0.100,0.120,0.030,0.050,0.030,0.500,0.010,0.010,0.800,0.200,0.350,0.100,1.000,0.100,0.200,0.040,1.000,0.500,0.800,0.300,0.400
Herb,2401,1.000,0.000,0.100,0.120,0.030,0.050,0.030,0.500,0.010,0.010,0.800,0.200,0.350,0.100,1.000,0.100,0.200,0.040,1.000,0.500,0.800,0.300,0.400
Herb,2400,1.000,0.000,0.100,0.120,0.030,0.050,0.030,0.500,0.010,0.010,0.800,0.200,0.350,0.100,1.000,0.100,0.200,0.040,1.000,0.500,0.800,0.300,0.400
Herb,5004,1.000,0.000,0.100,0.120,0.030,0.050,0.030,0.500,0.010,0.010,0.800,0.200,0.350,0.100,1.000,0.100,0.200,0.040,1.000,0.500,0.800,0.300,0.400
Herb,3014,1.000,0.000,0.100,0.120,0.030,0.050,0.030,0.500,0.010,0.010,0.800,0.200,0.350,0.100,1.000,0.100,0.200,0.040,1.000,0.500,0.800,0.300,0.400
Herb,3043,1.000,0.000,0.100,0.120,0.030,0.050,0.030,0.500,0.010,0.010,0.800,0.200,0.350,0.100,1.000,0.100,0.200,0.040,1.000,0.500,0.800,0.300,0.400
Herb,3015,1.000,0.000,0.100,0.120,0.030,0.050,0.030,0.500,0.010,0.010,0.800,0.200,0.350,0.100,1.000,0.100,0.200,0.040,1.000,0.500,0.800,0.300,0.400
Herb,3017,1.000,0.000,0.100,0.120,0.030,0.050,0.030,0.500,0.010,0.010,0.800,0.200,0.350,0.100,1.000,0.100,0.200,0.040,1.000,0.500,0.800,0.300,0.400
Herb,3041,1.000,0.000,0.100,0.120,0.030,0.050,0.030,0.500,0.010,0.010,0.800,0.200,0.350,0.100,1.000,0.100,0.200,0.040,1.000,0.500,0.800,0.300,0.400
Herb,3039,1.000,0.000,0.100,0.120,0.030,0.050,0.030,0.500,0.010,0.010,0.800,0.200,0.350,0.100,1.000,0.100,0.200,0.040,1.000,0.500,0.800,0.300,0.400
Herb,3038,1.000,0.000,0.100,0.120,0.030,0.050,0.030,0.500,0.010,0.010,0.800,0.200,0.350,0.100,1.000,0.100,0.200,0.040,1.000,0.500,0.800,0.300,0.400
Herb,3037,1.000,0.000,0.100,0.120,0.030,0.050,0.030,0.500,0.010,0.010,0.800,0.200,0.350,0.100,1.000,0.100,0.200,0.040,1.000,0.500,0.800,0.300,0.400
Herb,3036,1.000,0.000,0.100,0.120,0.030,0.050,0.030,0.500,0.010,0.010,0.800,0.200,0.350,0.100,1.000,0.100,0.200,0.040,1.000,0.500,0.800,0.300,0.400
Herb,3035,1.000,0.000,0.100,0.120,0.030,0.050,0.030,0.500,0.010,0.010,0.800,0.200,0.350,0.100,1.000,0.100,0.200,0.040,1.000,0.500,0.800,0.300,0.400
Herb,3034,1.000,0.000,0.100,0.120,0.030,0.050,0.030,0.500,0.010,0.010,0.800,0.200,0.350,0.100,1.000,0.100,0.200,0.040,1.000,0.500,0.800,0.300,0.400
Herb,3033,1.000,0.000,0.100,0.120,0.030,0.050,0.030,0.500,0.010,0.010,0.800,0.200,0.350,0.100,1.000,0.100,0.200,0.040,1.000,0.500,0.800,0.300,0.400
Herb,3032,1.000,0.000,0.100,0.120,0.030,0.050,0.030,0.500,0.010,0.010,0.800,0.200,0.350,0.100,1.000,0.100,0.200,0.040,1.000,0.500,0.800,0.300,0.400
Herb,3031,1.000,0.000,0.100,0.120,0.030,0.050,0.030,0.500,0.010,0.010,0.800,0.200,0.350,0.100,1.000,0.100,0.200,0.040,1.000,0.500,0.800,0.300,0.400
Herb,3030,1.000,0.000,0.100,0.120,0.030,0.050,0.030,0.500,0.010,0.010,0.800,0.200,0.350,0.100,1.000,0.100,0.200,0.040,1.000,0.500,0.800,0.300,0.400
Herb,3029,1.000,0.000,0.100,0.120,0.030,0.050,0.030,0.500,0.010,0.010,0.800,0.200,0.350,0.100,1.000,0.100,0.200,0.040,1.000,0.500,0.800,0.300,0.400
Herb,3028,1.000,0.000,0.100,0.120,0.030,0.050,0.030,0.500,0.010,0.010,0.800,0.200,0.350,0.100,1.000,0.100,0.200,0.040,1.000,0.500,0.800,0.300,0.400
Herb,3027,1.000,0.000,0.100,0.120,0.030,0.050,0.030,0.500,0.010,0.010,0.800,0.200,0.350,0.100,1.000,0.100,0.200,0.040,1.000,0.500,0.800,0.300,0.400
Herb,3026,1.000,0.000,0.100,0.120,0.030,0.050,0.030,0.500,0.010,0.010,0.800,0.200,0.350,0.100,1.000,0.100,0.200,0.040,1.000,0.500,0.800,0.300,0.400
Herb,3025,1.000,0.000,0.100,0.120,0.030,0.050,0.030,0.500,0.010,0.010,0.800,0.200,0.350,0.100,1.000,0.100,0.200,0.040,1.000,0.500,0.800,0.300,0.400
Herb,3024,1.000,0.000,0.100,0.120,0.030,0.050,0.030,0.500,0.010,0.010,0.800,0.200,0.350,0.100,1.000,0.100,0.200,0.040,1.000,0.500,0.800,0.300,0.400
Herb,3023,1.000,0.000,0.100,0.120,0.030,0.050,0.030,0.500,0.010,0.010,0.800,0.200,0.350,0.100,1.000,0.100,0.200,0.040,1.000,0.500,0.800,0.300,0.400
Herb,3022,1.000,0.000,0.100,0.120,0.030,0.050,0.030,0.500,0.010,0.010,0.800,0.200,0.350,0.100,1.000,0.100,0.200,0.040,1.000,0.500,0.800,0.300,0.400
Herb,3021,1.000,0.000,0.100,0.120,0.030,0.050,0.030,0.500,0.010,0.010,0.800,0.200,0.350,0.100,1.000,0.100,0.200,0.040,1.000,0.500,0.800,0.300,0.400
Herb,3020,1.000,0.000,0.100,0.120,0.030,0.050,0.030,0.500,0.010,0.010,0.800,0.200,0.350,0.100,1.000,0.100,0.200,0.040,1.000,0.500,0.800,0.300,0.400
Herb,3019,1.000,0.000,0.100,0.120,0.030,0.050,0.030,0.500,0.010,0.010,0.800,0.200,0.350,0.100,1.000,0.100,0.200,0.040,1.000,0.500,0.800,0.300,0.400
Herb,3018,1.000,0.000,0.100,0.120,0.030,0.050,0.030,0.500,0.010,0.010,0.800,0.200,0.350,0.100,1.000,0.100,0.200,0.040,1.000,0.500,0.800,0.300,0.400
Herb,3016,1.000,0.000,0.100,0.120,0.030,0.050,0.030,0.500,0.010,0.010,0.800,0.200,0.350,0.100,1.000,0.100,0.200,0.040,1.000,0.500,0.800,0.300,0.400
Herb,3100,1.000,0.000,0.100,0.120,0.030,0.050,0.030,0.500,0.010,0.010,0.800,0.200,0.350,0.100,1.000,0.100,0.200,0.040,1.000,0.500,0.800,0.300,0.400
Herb,3101,1.000,0.000,0.100,0.120,0.030,0.050,0.030,0.500,0.010,0.010,0.800,0.200,0.350,0.100,1.000,0.100,0.200,0.040,1.000,0.500,0.800,0.300,0.400
Herb,3103,1.000,0.000,0.100,0.120,0.030,0.050,0.030,0.500,0.010,0.010,0.800,0.200,0.350,0.100,1.000,0.100,0.200,0.040,1.000,0.500,0.800,0.300,0.400
Herb,3183,1.000,0.000,0.100,0.120,0.030,0.050,0.030,0.500,0.010,0.010,0.800,0.200,0.350,0.100,1.000,0.100,0.200,0.040,1.000,0.500,0.800,0.300,0.400
Herb,3182,1.000,0.000,0.100,0.120,0.030,0.050,0.030,0.500,0.010,0.010,0.800,0.200,0.350,0.100,1.000,0.100,0.200,0.040,1.000,0.500,0.800,0.300,0.400
Herb,3181,1.000,0.000,0.100,0.120,0.030,0.050,0.030,0.500,0.010,0.010,0.800,0.200,0.350,0.100,1.000,0.100,0.200,0.040,1.000,0.500,0.800,0.300,0.400
Herb,3180,1.000,0.000,0.100,0.120,0.030,0.050,0.030,0.500,0.010,0.010,0.800,0.200,0.350,0.100,1.000,0.100,0.200,0.040,1.000,0.500,0.800,0.300,0.400
Herb,3179,1.000,0.000,0.100,0.120,0.030,0.050,0.030,0.500,0.010,0.010,0.800,0.200,0.350,0.100,1.000,0.100,0.200,0.040,1.000,0.500,0.800,0.300,0.400
Herb,3178,1.000,0.000,0.100,0.120,0.030,0.050,0.030,0.500,0.010,0.010,0.800,0.200,0.350,0.100,1.000,0.100,0.200,0.040,1.000,0.500,0.800,0.300,0.400
Herb,3177,1.000,0.000,0.100,0.120,0.030,0.050,0.030,0.500,0.010,0.010,0.800,0.200,0.350,0.100,1.000,0.100,0.200,0.040,1.000,0.500,0.800,0.300,0.400
Herb,3174,1.000,0.000,0.100,0.120,0.030,0.050,0.030,0.500,0.010,0.010,0.800,0.200,0.350,0.100,1.000,0.100,0.200,0.040,1.000,0.500,0.800,0.300,0.400
Herb,3173,1.000,0.000,0.100,0.120,0.030,0.050,0.030,0.500,0.010,0.010,0.800,0.200,0.350,0.100,1.000,0.100,0.200,0.040,1.000,0.500,0.800,0.300,0.400
Herb,3172,1.000,0.000,0.100,0.120,0.030,0.050,0.030,0.500,0.010,0.010,0.800,0.200,0.350,0.100,1.000,0.100,0.200,0.040,1.000,0.500,0.800,0.300,0.400
Herb,3171,1.000,0.000,0.100,0.120,0.030,0.050,0.030,0.500,0.010,0.010,0.800,0.200,0.350,0.100,1.000,0.100,0.200,0.040,1.000,0.500,0.800,0.300,0.400
Herb,3170,1.000,0.000,0.100,0.120,0.030,0.050,0.030,0.500,0.010,0.010,0.800,0.200,0.350,0.100,1.000,0.100,0.200,0.040,1.000,0.500,0.800,0.300,0.400
Herb,3169,1.000,0.000,0.100,0.120,0.030,0.050,0.030,0.500,0.010,0.010,0.800,0.200,0.350,0.100,1.000,0.100,0.200,0.040,1.000,0.500,0.800,0.300,0.400
Herb,3168,1.000,0.000,0.100,0.120,0.030,0.050,0.030,0.500,0.010,0.010,0.800,0.200,0.350,0.100,1.000,0.100,0.200,0.040,1.000,0.500,0.800,0.300,0.400
Herb,3167,1.000,0.000,0.100,0.120,0.030,0.050,0.030,0.500,0.010,0.010,0.800,0.200,0.350,0.100,1.000,0.100,0.200,0.040,1.000,0.500,0.800,0.300,0.400
Herb,3166,1.000,0.000,0.100,0.120,0.030,0.050,0.030,0.500,0.010,0.010,0.800,0.200,0.350,0.100,1.000,0.100,0.200,0.040,1.000,0.500,0.800,0.300,0.400
Herb,3165,1.000,0.000,0.100,0.120,0.030,0.050,0.030,0.500,0.010,0.010,0.800,0.200,0.350,0.100,1.000,0.100,0.200,0.040,1.000,0.500,0.800,0.300,0.400
Herb,3164,1.000,0.000,0.100,0.120,0.030,0.050,0.030,0.500,0.010,0.010,0.800,0.200,0.350,0.100,1.000,0.100,0.200,0.040,1.000,0.500,0.800,0.300,0.400
Herb,3163,1.000,0.000,0.100,0.120,0.030,0.050,0.030,0.500,0.010,0.010,0.800,0.200,0.350,0.100,1.000,0.100,0.200,0.040,1.000,0.500,0.800,0.300,0.400
Herb,3162,1.000,0.000,0.100,0.120,0.030,0.050,0.030,0.500,0.010,0.010,0.800,0.200,0.350,0.100,1.000,0.100,0.200,0.040,1.000,0.500,0.800,0.300,0.400
Herb,3161,1.000,0.000,0.100,0.120,0.030,0.050,0.030,0.500,0.010,0.010,0.800,0.200,0.350,0.100,1.000,0.100,0.200,0.040,1.000,0.500,0.800,0.300,0.400
Herb,3160,1.000,0.000,0.100,0.120,0.030,0.050,0.030,0.500,0.010,0.010,0.800,0.200,0.350,0.100,1.000,0.100,0.200,0.040,1.000,0.500,0.800,0.300,0.400
Herb,3159,1.000,0.000,0.100,0.120,0.030,0.050,0.030,0.500,0.010,0.010,0.800,0.200,0.350,0.100,1.000,0.100,0.200,0.040,1.000,0.500,0.800,0.300,0.400
Herb,3184,1.000,0.000,0.100,0.120,0.030,0.050,0.030,0.500,0.010,0.010,0.800,0.200,0.350,0.100,1.000,0.100,0.200,0.040,1.000,0.500,0.800,0.300,0.400
Herb,3158,1.000,0.000,0.100,0.120,0.030,0.050,0.030,0.500,0.010,0.010,0.800,0.200,0.350,0.100,1.000,0.100,0.200,0.040,1.000,0.500,0.800,0.300,0.400
Herb,3185,1.000,0.000,0.100,0.120,0.030,0.050,0.030,0.500,0.010,0.010,0.800,0.200,0.350,0.100,1.000,0.100,0.200,0.040,1.000,0.500,0.800,0.300,0.400
Herb,3187,1.000,0.000,0.100,0.120,0.030,0.050,0.030,0.500,0.010,0.010,0.800,0.200,0.350,0.100,1.000,0.100,0.200,0.040,1.000,0.500,0.800,0.300,0.400
Herb,3215,1.000,0.000,0.100,0.120,0.030,0.050,0.030,0.500,0.010,0.010,0.800,0.200,0.350,0.100,1.000,0.100,0.200,0.040,1.000,0.500,0.800,0.300,0.400
Herb,3214,1.000,0.000,0.100,0.120,0.030,0.050,0.030,0.500,0.010,0.010,0.800,0.200,0.350,0.100,1.000,0.100,0.200,0.040,1.000,0.500,0.800,0.300,0.400
Herb,3213,1.000,0.000,0.100,0.120,0.030,0.050,0.030,0.500,0.010,0.010,0.800,0.200,0.350,0.100,1.000,0.100,0.200,0.040,1.000,0.500,0.800,0.300,0.400
Herb,3212,1.000,0.000,0.100,0.120,0.030,0.050,0.030,0.500,0.010,0.010,0.800,0.200,0.350,0.100,1.000,0.100,0.200,0.040,1.000,0.500,0.800,0.300,0.400
Herb,3211,1.000,0.000,0.100,0.120,0.030,0.050,0.030,0.500,0.010,0.010,0.800,0.200,0.350,0.100,1.000,0.100,0.200,0.040,1.000,0.500,0.800,0.300,0.400
Herb,3210,1.000,0.000,0.100,0.120,0.030,0.050,0.030,0.500,0.010,0.010,0.800,0.200,0.350,0.100,1.000,0.100,0.200,0.040,1.000,0.500,0.800,0.300,0.400
Herb,3209,1.000,0.000,0.100,0.120,0.030,0.050,0.030,0.500,0.010,0.010,0.800,0.200,0.350,0.100,1.000,0.100,0.200,0.040,1.000,0.500,0.800,0.300,0.400
Herb,3208,1.000,0.000,0.100,0.120,0.030,0.050,0.030,0.500,0.010,0.010,0.800,0.200,0.350,0.100,1.000,0.100,0.200,0.040,1.000,0.500,0.800,0.300,0.400
Herb,3207,1.000,0.000,0.100,0.120,0.030,0.050,0.030,0.500,0.010,0.010,0.800,0.200,0.350,0.100,1.000,0.100,0.200,0.040,1.000,0.500,0.800,0.300,0.400
Herb,3206,1.000,0.000,0.100,0.120,0.030,0.050,0.030,0.500,0.010,0.010,0.800,0.200,0.350,0.100,1.000,0.100,0.200,0.040,1.000,0.500,0.800,0.300,0.400
Herb,3205,1.000,0.000,0.100,0.120,0.030,0.050,0.030,0.500,0.010,0.010,0.800,0.200,0.350,0.100,1.000,0.100,0.200,0.040,1.000,0.500,0.800,0.300,0.400
Herb,3204,1.000,0.000,0.100,0.120,0.030,0.050,0.030,0.500,0.010,0.010,0.800,0.200,0.350,0.100,1.000,0.100,0.200,0.040,1.000,0.500,0.800,0.300,0.400
Herb,3203,1.000,0.000,0.100,0.120,0.030,0.050,0.030,0.500,0.010,0.010,0.800,0.200,0.350,0.100,1.000,0.100,0.200,0.040,1.000,0.500,0.800,0.300,0.400
Herb,3202,1.000,0.000,0.100,0.120,0.030,0.050,0.030,0.500,0.010,0.010,0.800,0.200,0.350,0.100,1.000,0.100,0.200,0.040,1.000,0.500,0.800,0.300,0.400
Herb,3201,1.000,0.000,0.100,0.120,0.030,0.050,0.030,0.500,0.010,0.010,0.800,0.200,0.350,0.100,1.000,0.100,0.200,0.040,1.000,0.500,0.800,0.300,0.400
Herb,3200,1.000,0.000,0.100,0.120,0.030,0.050,0.030,0.500,0.010,0.010,0.800,0.200,0.350,0.100,1.000,0.100,0.200,0.040,1.000,0.500,0.800,0.300,0.400
Herb,3199,1.000,0.000,0.100,0.120,0.030,0.050,0.030,0.500,0.010,0.010,0.800,0.200,0.350,0.100,1.000,0.100,0.200,0.040,1.000,0.500,0.800,0.300,0.400
Herb,3196,1.000,0.000,0.100,0.120,0.030,0.050,0.030,0.500,0.010,0.010,0.800,0.200,0.350,0.100,1.000,0.100,0.200,0.040,1.000,0.500,0.800,0.300,0.400
Herb,3195,1.000,0.000,0.100,0.120,0.030,0.050,0.030,0.500,0.010,0.010,0.800,0.200,0.350,0.100,1.000,0.100,0.200,0.040,1.000,0.500,0.800,0.300,0.400
Herb,3194,1.000,0.000,0.100,0.120,0.030,0.050,0.030,0.500,0.010,0.010,0.800,0.200,0.350,0.100,1.000,0.100,0.200,0.040,1.000,0.500,0.800,0.300,0.400
Herb,3193,1.000,0.000,0.100,0.120,0.030,0.050,0.030,0.500,0.010,0.010,0.800,0.200,0.350,0.100,1.000,0.100,0.200,0.040,1.000,0.500,0.800,0.300,0.400
Herb,3192,1.000,0.000,0.100,0.120,0.030,0.050,0.030,0.500,0.010,0.010,0.800,0.200,0.350,0.100,1.000,0.100,0.200,0.040,1.000,0.500,0.800,0.300,0.400
Herb,3191,1.000,0.000,0.100,0.120,0.030,0.050,0.030,0.500,0.010,0.010,0.800,0.200,0.350,0.100,1.000,0.100,0.200,0.040,1.000,0.500,0.800,0.300,0.400
Herb,3186,1.000,0.000,0.100,0.120,0.030,0.050,0.030,0.500,0.010,0.010,0.800,0.200,0.350,0.100,1.000,0.100,0.200,0.040,1.000,0.500,0.800,0.300,0.400
Herb,3157,1.000,0.000,0.100,0.120,0.030,0.050,0.030,0.500,0.010,0.010,0.800,0.200,0.350,0.100,1.000,0.100,0.200,0.040,1.000,0.500,0.800,0.300,0.400
Herb,3156,1.000,0.000,0.100,0.120,0.030,0.050,0.030,0.500,0.010,0.010,0.800,0.200,0.350,0.100,1.000,0.100,0.200,0.040,1.000,0.500,0.800,0.300,0.400
Herb,3155,1.000,0.000,0.100,0.120,0.030,0.050,0.030,0.500,0.010,0.010,0.800,0.200,0.350,0.100,1.000,0.100,0.200,0.040,1.000,0.500,0.800,0.300,0.400
Herb,3126,1.000,0.000,0.100,0.120,0.030,0.050,0.030,0.500,0.010,0.010,0.800,0.200,0.350,0.100,1.000,0.100,0.200,0.040,1.000,0.500,0.800,0.300,0.400
Herb,3125,1.000,0.000,0.100,0.120,0.030,0.050,0.030,0.500,0.010,0.010,0.800,0.200,0.350,0.100,1.000,0.100,0.200,0.040,1.000,0.500,0.800,0.300,0.400
Herb,3124,1.000,0.000,0.100,0.120,0.030,0.050,0.030,0.500,0.010,0.010,0.800,0.200,0.350,0.100,1.000,0.100,0.200,0.040,1.000,0.500,0.800,0.300,0.400
Herb,3123,1.000,0.000,0.100,0.120,0.030,0.050,0.030,0.500,0.010,0.010,0.800,0.200,0.350,0.100,1.000,0.100,0.200,0.040,1.000,0.500,0.800,0.300,0.400
Herb,3122,1.000,0.000,0.100,0.120,0.030,0.050,0.030,0.500,0.010,0.010,0.800,0.200,0.350,0.100,1.000,0.100,0.200,0.040,1.000,0.500,0.800,0.300,0.400
Herb,3121,1.000,0.000,0.100,0.120,0.030,0.050,0.030,0.500,0.010,0.010,0.800,0.200,0.350,0.100,1.000,0.100,0.200,0.040,1.000,0.500,0.800,0.300,0.400
Herb,3120,1.000,0.000,0.100,0.120,0.030,0.050,0.030,0.500,0.010,0.010,0.800,0.200,0.350,0.100,1.000,0.100,0.200,0.040,1.000,0.500,0.800,0.300,0.400
Herb,3119,1.000,0.000,0.100,0.120,0.030,0.050,0.030,0.500,0.010,0.010,0.800,0.200,0.350,0.100,1.000,0.100,0.200,0.040,1.000,0.500,0.800,0.300,0.400
Herb,3118,1.000,0.000,0.100,0.120,0.030,0.050,0.030,0.500,0.010,0.010,0.800,0.200,0.350,0.100,1.000,0.100,0.200,0.040,1.000,0.500,0.800,0.300,0.400
Herb,3117,1.000,0.000,0.100,0.120,0.030,0.050,0.030,0.500,0.010,0.010,0.800,0.200,0.350,0.100,1.000,0.100,0.200,0.040,1.000,0.500,0.800,0.300,0.400
Herb,3116,1.000,0.000,0.100,0.120,0.030,0.050,0.030,0.500,0.010,0.010,0.800,0.200,0.350,0.100,1.000,0.100,0.200,0.040,1.000,0.500,0.800,0.300,0.400
Herb,3115,1.000,0.000,0.100,0.120,0.030,0.050,0.030,0.500,0.010,0.010,0.800,0.200,0.350,0.100,1.000,0.100,0.200,0.040,1.000,0.500,0.800,0.300,0.400
Herb,3114,1.000,0.000,0.100,0.120,0.030,0.050,0.030,0.500,0.010,0.010,0.800,0.200,0.350,0.100,1.000,0.100,0.200,0.040,1.000,0.500,0.800,0.300,0.400
Herb,3113,1.000,0.000,0.100,0.120,0.030,0.050,0.030,0.500,0.010,0.010,0.800,0.200,0.350,0.100,1.000,0.100,0.200,0.040,1.000,0.500,0.800,0.300,0.400
Herb,3112,1.000,0.000,0.100,0.120,0.030,0.050,0.030,0.500,0.010,0.010,0.800,0.200,0.350,0.100,1.000,0.100,0.200,0.040,1.000,0.500,0.800,0.300,0.400
Herb,3111,1.000,0.000,0.100,0.120,0.030,0.050,0.030,0.500,0.010,0.010,0.800,0.200,0.350,0.100,1.000,0.100,0.200,0.040,1.000,0.500,0.800,0.300,0.400
Herb,3110,1.000,0.000,0.100,0.120,0.030,0.050,0.030,0.500,0.010,0.010,0.800,0.200,0.350,0.100,1.000,0.100,0.200,0.040,1.000,0.500,0.800,0.300,0.400
Herb,3109,1.000,0.000,0.100,0.120,0.030,0.050,0.030,0.500,0.010,0.010,0.800,0.200,0.350,0.100,1.000,0.100,0.200,0.040,1.000,0.500,0.800,0.300,0.400
Herb,3108,1.000,0.000,0.100,0.120,0.030,0.050,0.030,0.500,0.010,0.010,0.800,0.200,0.350,0.100,1.000,0.100,0.200,0.040,1.000,0.500,0.800,0.300,0.400
Herb,3107,1.000,0.000,0.100,0.120,0.030,0.050,0.030,0.500,0.010,0.010,0.800,0.200,0.350,0.100,1.000,0.100,0.200,0.040,1.000,0.500,0.800,0.300,0.400
Herb,3106,1.000,0.000,0.100,0.120,0.030,0.050,0.030,0.500,0.010,0.010,0.800,0.200,0.350,0.100,1.000,0.100,0.200,0.040,1.000,0.500,0.800,0.300,0.400
Herb,3105,1.000,0.000,0.100,0.120,0.030,0.050,0.030,0.500,0.010,0.010,0.800,0.200,0.350,0.100,1.000,0.100,0.200,0.040,1.000,0.500,0.800,0.300,0.400
Herb,3104,1.000,0.000,0.100,0.120,0.030,0.050,0.030,0.500,0.010,0.010,0.800,0.200,0.350,0.100,1.000,0.100,0.200,0.040,1.000,0.500,0.800,0.300,0.400
Herb,3127,1.000,0.000,0.100,0.120,0.030,0.050,0.030,0.500,0.010,0.010,0.800,0.200,0.350,0.100,1.000,0.100,0.200,0.040,1.000,0.500,0.800,0.300,0.400
Herb,3128,1.000,0.000,0.100,0.120,0.030,0.050,0.030,0.500,0.010,0.010,0.800,0.200,0.350,0.100,1.000,0.100,0.200,0.040,1.000,0.500,0.800,0.300,0.400
Herb,3129,1.000,0.000,0.100,0.120,0.030,0.050,0.030,0.500,0.010,0.010,0.800,0.200,0.350,0.100,1.000,0.100,0.200,0.040,1.000,0.500,0.800,0.300,0.400
Herb,3130,1.000,0.000,0.100,0.120,0.030,0.050,0.030,0.500,0.010,0.010,0.800,0.200,0.350,0.100,1.000,0.100,0.200,0.040,1.000,0.500,0.800,0.300,0.400
Herb,3154,1.000,0.000,0.100,0.120,0.030,0.050,0.030,0.500,0.010,0.010,0.800,0.200,0.350,0.100,1.000,0.100,0.200,0.040,1.000,0.500,0.800,0.300,0.400
Herb,3153,1.000,0.000,0.100,0.120,0.030,0.050,0.030,0.500,0.010,0.010,0.800,0.200,0.350,0.100,1.000,0.100,0.200,0.040,1.000,0.500,0.800,0.300,0.400
Herb,3152,1.000,0.000,0.100,0.120,0.030,0.050,0.030,0.500,0.010,0.010,0.800,0.200,0.350,0.100,1.000,0.100,0.200,0.040,1.000,0.500,0.800,0.300,0.400
Herb,3151,1.000,0.000,0.100,0.120,0.030,0.050,0.030,0.500,0.010,0.010,0.800,0.200,0.350,0.100,1.000,0.100,0.200,0.040,1.000,0.500,0.800,0.300,0.400
Herb,3150,1.000,0.000,0.100,0.120,0.030,0.050,0.030,0.500,0.010,0.010,0.800,0.200,0.350,0.100,1.000,0.100,0.200,0.040,1.000,0.500,0.800,0.300,0.400
Herb,3149,1.000,0.000,0.100,0.120,0.030,0.050,0.030,0.500,0.010,0.010,0.800,0.200,0.350,0.100,1.000,0.100,0.200,0.040,1.000,0.500,0.800,0.300,0.400
Herb,3148,1.000,0.000,0.100,0.120,0.030,0.050,0.030,0.500,0.010,0.010,0.800,0.200,0.350,0.100,1.000,0.100,0.200,0.040,1.000,0.500,0.800,0.300,0.400
Herb,3147,1.000,0.000,0.100,0.120,0.030,0.050,0.030,0.500,0.010,0.010,0.800,0.200,0.350,0.100,1.000,0.100,0.200,0.040,1.000,0.500,0.800,0.300,0.400
Herb,3146,1.000,0.000,0.100,0.120,0.030,0.050,0.030,0.500,0.010,0.010,0.800,0.200,0.350,0.100,1.000,0.100,0.200,0.040,1.000,0.500,0.800,0.300,0.400
Herb,3145,1.000,0.000,0.100,0.120,0.030,0.050,0.030,0.500,0.010,0.010,0.800,0.200,0.350,0.100,1.000,0.100,0.200,0.040,1.000,0.500,0.800,0.300,0.400
Herb,3144,1.000,0.000,0.100,0.120,0.030,0.050,0.030,0.500,0.010,0.010,0.800,0.200,0.350,0.100,1.000,0.100,0.200,0.040,1.000,0.500,0.800,0.300,0.400
Herb,3447,1.000,0.000,0.100,0.120,0.030,0.050,0.030,0.500,0.010,0.010,0.800,0.200,0.350,0.100,1.000,0.100,0.200,0.040,1.000,0.500,0.800,0.300,0.400
Herb,3143,1.000,0.000,0.100,0.120,0.030,0.050,0.030,0.500,0.010,0.010,0.800,0.200,0.350,0.100,1.000,0.100,0.200,0.040,1.000,0.500,0.800,0.300,0.400
Herb,3141,1.000,0.000,0.100,0.120,0.030,0.050,0.030,0.500,0.010,0.010,0.800,0.200,0.350,0.100,1.000,0.100,0.200,0.040,1.000,0.500,0.800,0.300,0.400
Herb,3140,1.000,0.000,0.100,0.120,0.030,0.050,0.030,0.500,0.010,0.010,0.800,0.200,0.350,0.100,1.000,0.100,0.200,0.040,1.000,0.500,0.800,0.300,0.400
Herb,3139,1.000,0.000,0.100,0.120,0.030,0.050,0.030,0.500,0.010,0.010,0.800,0.200,0.350,0.100,1.000,0.100,0.200,0.040,1.000,0.500,0.800,0.300,0.400
Herb,3138,1.000,0.000,0.100,0.120,0.030,0.050,0.030,0.500,0.010,0.010,0.800,0.200,0.350,0.100,1.000,0.100,0.200,0.040,1.000,0.500,0.800,0.300,0.400
Herb,3137,1.000,0.000,0.100,0.120,0.030,0.050,0.030,0.500,0.010,0.010,0.800,0.200,0.350,0.100,1.000,0.100,0.200,0.040,1.000,0.500,0.800,0.300,0.400
Herb,3136,1.000,0.000,0.100,0.120,0.030,0.050,0.030,0.500,0.010,0.010,0.800,0.200,0.350,0.100,1.000,0.100,0.200,0.040,1.000,0.500,0.800,0.300,0.400
Herb,3135,1.000,0.000,0.100,0.120,0.030,0.050,0.030,0.500,0.010,0.010,0.800,0.200,0.350,0.100,1.000,0.100,0.200,0.040,1.000,0.500,0.800,0.300,0.400
Herb,3134,1.000,0.000,0.100,0.120,0.030,0.050,0.030,0.500,0.010,0.010,0.800,0.200,0.350,0.100,1.000,0.100,0.200,0.040,1.000,0.500,0.800,0.300,0.400
Herb,3133,1.000,0.000,0.100,0.120,0.030,0.050,0.030,0.500,0.010,0.010,0.800,0.200,0.350,0.100,1.000,0.100,0.200,0.040,1.000,0.500,0.800,0.300,0.400
Herb,3132,1.000,0.000,0.100,0.120,0.030,0.050,0.030,0.500,0.010,0.010,0.800,0.200,0.350,0.100,1.000,0.100,0.200,0.040,1.000,0.500,0.800,0.300,0.400
Herb,3131,1.000,0.000,0.100,0.120,0.030,0.050,0.030,0.500,0.010,0.010,0.800,0.200,0.350,0.100,1.000,0.100,0.200,0.040,1.000,0.500,0.800,0.300,0.400
Herb,3142,1.000,0.000,0.100,0.120,0.030,0.050,0.030,0.500,0.010,0.010,0.800,0.200,0.350,0.100,1.000,0.100,0.200,0.040,1.000,0.500,0.800,0.300,0.400
Herb,3448,1.000,0.000,0.100,0.120,0.030,0.050,0.030,0.500,0.010,0.010,0.800,0.200,0.350,0.100,1.000,0.100,0.200,0.040,1.000,0.500,0.800,0.300,0.400
Herb,-999,1.000,0.000,0.100,0.120,0.030,0.050,0.030,0.500,0.010,0.010,0.800,0.200,0.350,0.100,1.000,0.100,0.200,0.040,1.000,0.500,0.800,0.300,0.400
Herb,3450,1.000,0.000,0.100,0.120,0.030,0.050,0.030,0.500,0.010,0.010,0.800,0.200,0.350,0.100,1.000,0.100,0.200,0.040,1.000,0.500,0.800,0.300,0.400
Herb,3853,1.000,0.000,0.100,0.120,0.030,0.050,0.030,0.500,0.010,0.010,0.800,0.200,0.350,0.100,1.000,0.100,0.200,0.040,1.000,0.500,0.800,0.300,0.400
Herb,3852,1.000,0.000,0.100,0.120,0.030,0.050,0.030,0.500,0.010,0.010,0.800,0.200,0.350,0.100,1.000,0.100,0.200,0.040,1.000,0.500,0.800,0.300,0.400
Herb,3850,1.000,0.000,0.100,0.120,0.030,0.050,0.030,0.500,0.010,0.010,0.800,0.200,0.350,0.100,1.000,0.100,0.200,0.040,1.000,0.500,0.800,0.300,0.400
Herb,3849,1.000,0.000,0.100,0.120,0.030,0.050,0.030,0.500,0.010,0.010,0.800,0.200,0.350,0.100,1.000,0.100,0.200,0.040,1.000,0.500,0.800,0.300,0.400
Herb,3848,1.000,0.000,0.100,0.120,0.030,0.050,0.030,0.500,0.010,0.010,0.800,0.200,0.350,0.100,1.000,0.100,0.200,0.040,1.000,0.500,0.800,0.300,0.400
Herb,3847,1.000,0.000,0.100,0.120,0.030,0.050,0.030,0.500,0.010,0.010,0.800,0.200,0.350,0.100,1.000,0.100,0.200,0.040,1.000,0.500,0.800,0.300,0.400
Herb,3846,1.000,0.000,0.100,0.120,0.030,0.050,0.030,0.500,0.010,0.010,0.800,0.200,0.350,0.100,1.000,0.100,0.200,0.040,1.000,0.500,0.800,0.300,0.400
Herb,3845,1.000,0.000,0.100,0.120,0.030,0.050,0.030,0.500,0.010,0.010,0.800,0.200,0.350,0.100,1.000,0.100,0.200,0.040,1.000,0.500,0.800,0.300,0.400
Herb,3843,1.000,0.000,0.100,0.120,0.030,0.050,0.030,0.500,0.010,0.010,0.800,0.200,0.350,0.100,1.000,0.100,0.200,0.040,1.000,0.500,0.800,0.300,0.400
Herb,3842,1.000,0.000,0.100,0.120,0.030,0.050,0.030,0.500,0.010,0.010,0.800,0.200,0.350,0.100,1.000,0.100,0.200,0.040,1.000,0.500,0.800,0.300,0.400
Herb,3841,1.000,0.000,0.100,0.120,0.030,0.050,0.030,0.500,0.010,0.010,0.800,0.200,0.350,0.100,1.000,0.100,0.200,0.040,1.000,0.500,0.800,0.300,0.400
Herb,3840,1.000,0.000,0.100,0.120,0.030,0.050,0.030,0.500,0.010,0.010,0.800,0.200,0.350,0.100,1.000,0.100,0.200,0.040,1.000,0.500,0.800,0.300,0.400
Herb,3839,1.000,0.000,0.100,0.120,0.030,0.050,0.030,0.500,0.010,0.010,0.800,0.200,0.350,0.100,1.000,0.100,0.200,0.040,1.000,0.500,0.800,0.300,0.400
Herb,3838,1.000,0.000,0.100,0.120,0.030,0.050,0.030,0.500,0.010,0.010,0.800,0.200,0.350,0.100,1.000,0.100,0.200,0.040,1.000,0.500,0.800,0.300,0.400
Herb,3837,1.000,0.000,0.100,0.120,0.030,0.050,0.030,0.500,0.010,0.010,0.800,0.200,0.350,0.100,1.000,0.100,0.200,0.040,1.000,0.500,0.800,0.300,0.400
Herb,3836,1.000,0.000,0.100,0.120,0.030,0.050,0.030,0.500,0.010,0.010,0.800,0.200,0.350,0.100,1.000,0.100,0.200,0.040,1.000,0.500,0.800,0.300,0.400
Herb,3835,1.000,0.000,0.100,0.120,0.030,0.050,0.030,0.500,0.010,0.010,0.800,0.200,0.350,0.100,1.000,0.100,0.200,0.040,1.000,0.500,0.800,0.300,0.400
Herb,3834,1.000,0.000,0.100,0.120,0.030,0.050,0.030,0.500,0.010,0.010,0.800,0.200,0.350,0.100,1.000,0.100,0.200,0.040,1.000,0.500,0.800,0.300,0.400
Herb,3833,1.000,0.000,0.100,0.120,0.030,0.050,0.030,0.500,0.010,0.010,0.800,0.200,0.350,0.100,1.000,0.100,0.200,0.040,1.000,0.500,0.800,0.300,0.400
Herb,3832,1.000,0.000,0.100,0.120,0.030,0.050,0.030,0.500,0.010,0.010,0.800,0.200,0.350,0.100,1.000,0.100,0.200,0.040,1.000,0.500,0.800,0.300,0.400
Herb,3830,1.000,0.000,0.100,0.120,0.030,0.050,0.030,0.500,0.010,0.010,0.800,0.200,0.350,0.100,1.000,0.100,0.200,0.040,1.000,0.500,0.800,0.300,0.400
Herb,3828,1.000,0.000,0.100,0.120,0.030,0.050,0.030,0.500,0.010,0.010,0.800,0.200,0.350,0.100,1.000,0.100,0.200,0.040,1.000,0.500,0.800,0.300,0.400
Herb,3827,1.000,0.000,0.100,0.120,0.030,0.050,0.030,0.500,0.010,0.010,0.800,0.200,0.350,0.100,1.000,0.100,0.200,0.040,1.000,0.500,0.800,0.300,0.400
Herb,3854,1.000,0.000,0.100,0.120,0.030,0.050,0.030,0.500,0.010,0.010,0.800,0.200,0.350,0.100,1.000,0.100,0.200,0.040,1.000,0.500,0.800,0.300,0.400
Herb,3826,1.000,0.000,0.100,0.120,0.030,0.050,0.030,0.500,0.010,0.010,0.800,0.200,0.350,0.100,1.000,0.100,0.200,0.040,1.000,0.500,0.800,0.300,0.400
Herb,3855,1.000,0.000,0.100,0.120,0.030,0.050,0.030,0.500,0.010,0.010,0.800,0.200,0.350,0.100,1.000,0.100,0.200,0.040,1.000,0.500,0.800,0.300,0.400
Herb,3857,1.000,0.000,0.100,0.120,0.030,0.050,0.030,0.500,0.010,0.010,0.800,0.200,0.350,0.100,1.000,0.100,0.200,0.040,1.000,0.500,0.800,0.300,0.400
Herb,3880,1.000,0.000,0.100,0.120,0.030,0.050,0.030,0.500,0.010,0.010,0.800,0.200,0.350,0.100,1.000,0.100,0.200,0.040,1.000,0.500,0.800,0.300,0.400
Herb,3879,1.000,0.000,0.100,0.120,0.030,0.050,0.030,0.500,0.010,0.010,0.800,0.200,0.350,0.100,1.000,0.100,0.200,0.040,1.000,0.500,0.800,0.300,0.400
Herb,3878,1.000,0.000,0.100,0.120,0.030,0.050,0.030,0.500,0.010,0.010,0.800,0.200,0.350,0.100,1.000,0.100,0.200,0.040,1.000,0.500,0.800,0.300,0.400
Herb,3877,1.000,0.000,0.100,0.120,0.030,0.050,0.030,0.500,0.010,0.010,0.800,0.200,0.350,0.100,1.000,0.100,0.200,0.040,1.000,0.500,0.800,0.300,0.400
Herb,3876,1.000,0.000,0.100,0.120,0.030,0.050,0.030,0.500,0.010,0.010,0.800,0.200,0.350,0.100,1.000,0.100,0.200,0.040,1.000,0.500,0.800,0.300,0.400
Herb,3875,1.000,0.000,0.100,0.120,0.030,0.050,0.030,0.500,0.010,0.010,0.800,0.200,0.350,0.100,1.000,0.100,0.200,0.040,1.000,0.500,0.800,0.300,0.400
Herb,3874,1.000,0.000,0.100,0.120,0.030,0.050,0.030,0.500,0.010,0.010,0.800,0.200,0.350,0.100,1.000,0.100,0.200,0.040,1.000,0.500,0.800,0.300,0.400
Herb,3873,1.000,0.000,0.100,0.120,0.030,0.050,0.030,0.500,0.010,0.010,0.800,0.200,0.350,0.100,1.000,0.100,0.200,0.040,1.000,0.500,0.800,0.300,0.400
Herb,3872,1.000,0.000,0.100,0.120,0.030,0.050,0.030,0.500,0.010,0.010,0.800,0.200,0.350,0.100,1.000,0.100,0.200,0.040,1.000,0.500,0.800,0.300,0.400
Herb,3871,1.000,0.000,0.100,0.120,0.030,0.050,0.030,0.500,0.010,0.010,0.800,0.200,0.350,0.100,1.000,0.100,0.200,0.040,1.000,0.500,0.800,0.300,0.400
Herb,3870,1.000,0.000,0.100,0.120,0.030,0.050,0.030,0.500,0.010,0.010,0.800,0.200,0.350,0.100,1.000,0.100,0.200,0.040,1.000,0.500,0.800,0.300,0.400
Herb,3869,1.000,0.000,0.100,0.120,0.030,0.050,0.030,0.500,0.010,0.010,0.800,0.200,0.350,0.100,1.000,0.100,0.200,0.040,1.000,0.500,0.800,0.300,0.400
Herb,3868,1.000,0.000,0.100,0.120,0.030,0.050,0.030,0.500,0.010,0.010,0.800,0.200,0.350,0.100,1.000,0.100,0.200,0.040,1.000,0.500,0.800,0.300,0.400
Herb,3867,1.000,0.000,0.100,0.120,0.030,0.050,0.030,0.500,0.010,0.010,0.800,0.200,0.350,0.100,1.000,0.100,0.200,0.040,1.000,0.500,0.800,0.300,0.400
Herb,3866,1.000,0.000,0.100,0.120,0.030,0.050,0.030,0.500,0.010,0.010,0.800,0.200,0.350,0.100,1.000,0.100,0.200,0.040,1.000,0.500,0.800,0.300,0.400
Herb,3865,1.000,0.000,0.100,0.120,0.030,0.050,0.030,0.500,0.010,0.010,0.800,0.200,0.350,0.100,1.000,0.100,0.200,0.040,1.000,0.500,0.800,0.300,0.400
Herb,3864,1.000,0.000,0.100,0.120,0.030,0.050,0.030,0.500,0.010,0.010,0.800,0.200,0.350,0.100,1.000,0.100,0.200,0.040,1.000,0.500,0.800,0.300,0.400
Herb,3863,1.000,0.000,0.100,0.120,0.030,0.050,0.030,0.500,0.010,0.010,0.800,0.200,0.350,0.100,1.000,0.100,0.200,0.040,1.000,0.500,0.800,0.300,0.400
Herb,3862,1.000,0.000,0.100,0.120,0.030,0.050,0.030,0.500,0.010,0.010,0.800,0.200,0.350,0.100,1.000,0.100,0.200,0.040,1.000,0.500,0.800,0.300,0.400
Herb,3861,1.000,0.000,0.100,0.120,0.030,0.050,0.030,0.500,0.010,0.010,0.800,0.200,0.350,0.100,1.000,0.100,0.200,0.040,1.000,0.500,0.800,0.300,0.400
Herb,3860,1.000,0.000,0.100,0.120,0.030,0.050,0.030,0.500,0.010,0.010,0.800,0.200,0.350,0.100,1.000,0.100,0.200,0.040,1.000,0.500,0.800,0.300,0.400
Herb,3859,1.000,0.000,0.100,0.120,0.030,0.050,0.030,0.500,0.010,0.010,0.800,0.200,0.350,0.100,1.000,0.100,0.200,0.040,1.000,0.500,0.800,0.300,0.400
Herb,3858,1.000,0.000,0.100,0.120,0.030,0.050,0.030,0.500,0.010,0.010,0.800,0.200,0.350,0.100,1.000,0.100,0.200,0.040,1.000,0.500,0.800,0.300,0.400
Herb,3856,1.000,0.000,0.100,0.120,0.030,0.050,0.030,0.500,0.010,0.010,0.800,0.200,0.350,0.100,1.000,0.100,0.200,0.040,1.000,0.500,0.800,0.300,0.400
Herb,3881,1.000,0.000,0.100,0.120,0.030,0.050,0.030,0.500,0.010,0.010,0.800,0.200,0.350,0.100,1.000,0.100,0.200,0.040,1.000,0.500,0.800,0.300,0.400
Herb,3825,1.000,0.000,0.100,0.120,0.030,0.050,0.030,0.500,0.010,0.010,0.800,0.200,0.350,0.100,1.000,0.100,0.200,0.040,1.000,0.500,0.800,0.300,0.400
Herb,3823,1.000,0.000,0.100,0.120,0.030,0.050,0.030,0.500,0.010,0.010,0.800,0.200,0.350,0.100,1.000,0.100,0.200,0.040,1.000,0.500,0.800,0.300,0.400
Herb,3795,1.000,0.000,0.100,0.120,0.030,0.050,0.030,0.500,0.010,0.010,0.800,0.200,0.350,0.100,1.000,0.100,0.200,0.040,1.000,0.500,0.800,0.300,0.400
Herb,3794,1.000,0.000,0.100,0.120,0.030,0.050,0.030,0.500,0.010,0.010,0.800,0.200,0.350,0.100,1.000,0.100,0.200,0.040,1.000,0.500,0.800,0.300,0.400
Herb,3793,1.000,0.000,0.100,0.120,0.030,0.050,0.030,0.500,0.010,0.010,0.800,0.200,0.350,0.100,1.000,0.100,0.200,0.040,1.000,0.500,0.800,0.300,0.400
Herb,3792,1.000,0.000,0.100,0.120,0.030,0.050,0.030,0.500,0.010,0.010,0.800,0.200,0.350,0.100,1.000,0.100,0.200,0.040,1.000,0.500,0.800,0.300,0.400
Herb,3791,1.000,0.000,0.100,0.120,0.030,0.050,0.030,0.500,0.010,0.010,0.800,0.200,0.350,0.100,1.000,0.100,0.200,0.040,1.000,0.500,0.800,0.300,0.400
Herb,3790,1.000,0.000,0.100,0.120,0.030,0.050,0.030,0.500,0.010,0.010,0.800,0.200,0.350,0.100,1.000,0.100,0.200,0.040,1.000,0.500,0.800,0.300,0.400
Herb,3789,1.000,0.000,0.100,0.120,0.030,0.050,0.030,0.500,0.010,0.010,0.800,0.200,0.350,0.100,1.000,0.100,0.200,0.040,1.000,0.500,0.800,0.300,0.400
Herb,3788,1.000,0.000,0.100,0.120,0.030,0.050,0.030,0.500,0.010,0.010,0.800,0.200,0.350,0.100,1.000,0.100,0.200,0.040,1.000,0.500,0.800,0.300,0.400
Herb,3787,1.000,0.000,0.100,0.120,0.030,0.050,0.030,0.500,0.010,0.010,0.800,0.200,0.350,0.100,1.000,0.100,0.200,0.040,1.000,0.500,0.800,0.300,0.400
Herb,3786,1.000,0.000,0.100,0.120,0.030,0.050,0.030,0.500,0.010,0.010,0.800,0.200,0.350,0.100,1.000,0.100,0.200,0.040,1.000,0.500,0.800,0.300,0.400
Herb,3785,1.000,0.000,0.100,0.120,0.030,0.050,0.030,0.500,0.010,0.010,0.800,0.200,0.350,0.100,1.000,0.100,0.200,0.040,1.000,0.500,0.800,0.300,0.400
Herb,3784,1.000,0.000,0.100,0.120,0.030,0.050,0.030,0.500,0.010,0.010,0.800,0.200,0.350,0.100,1.000,0.100,0.200,0.040,1.000,0.500,0.800,0.300,0.400
Herb,3783,1.000,0.000,0.100,0.120,0.030,0.050,0.030,0.500,0.010,0.010,0.800,0.200,0.350,0.100,1.000,0.100,0.200,0.040,1.000,0.500,0.800,0.300,0.400
Herb,3782,1.000,0.000,0.100,0.120,0.030,0.050,0.030,0.500,0.010,0.010,0.800,0.200,0.350,0.100,1.000,0.100,0.200,0.040,1.000,0.500,0.800,0.300,0.400
Herb,3781,1.000,0.000,0.100,0.120,0.030,0.050,0.030,0.500,0.010,0.010,0.800,0.200,0.350,0.100,1.000,0.100,0.200,0.040,1.000,0.500,0.800,0.300,0.400
Herb,3780,1.000,0.000,0.100,0.120,0.030,0.050,0.030,0.500,0.010,0.010,0.800,0.200,0.350,0.100,1.000,0.100,0.200,0.040,1.000,0.500,0.800,0.300,0.400
Herb,3779,1.000,0.000,0.100,0.120,0.030,0.050,0.030,0.500,0.010,0.010,0.800,0.200,0.350,0.100,1.000,0.100,0.200,0.040,1.000,0.500,0.800,0.300,0.400
Herb,3778,1.000,0.000,0.100,0.120,0.030,0.050,0.030,0.500,0.010,0.010,0.800,0.200,0.350,0.100,1.000,0.100,0.200,0.040,1.000,0.500,0.800,0.300,0.400
Herb,3777,1.000,0.000,0.100,0.120,0.030,0.050,0.030,0.500,0.010,0.010,0.800,0.200,0.350,0.100,1.000,0.100,0.200,0.040,1.000,0.500,0.800,0.300,0.400
Herb,3776,1.000,0.000,0.100,0.120,0.030,0.050,0.030,0.500,0.010,0.010,0.800,0.200,0.350,0.100,1.000,0.100,0.200,0.040,1.000,0.500,0.800,0.300,0.400
Herb,3775,1.000,0.000,0.100,0.120,0.030,0.050,0.030,0.500,0.010,0.010,0.800,0.200,0.350,0.100,1.000,0.100,0.200,0.040,1.000,0.500,0.800,0.300,0.400
Herb,3774,1.000,0.000,0.100,0.120,0.030,0.050,0.030,0.500,0.010,0.010,0.800,0.200,0.350,0.100,1.000,0.100,0.200,0.040,1.000,0.500,0.800,0.300,0.400
Herb,3773,1.000,0.000,0.100,0.120,0.030,0.050,0.030,0.500,0.010,0.010,0.800,0.200,0.350,0.100,1.000,0.100,0.200,0.040,1.000,0.500,0.800,0.300,0.400
Herb,3796,1.000,0.000,0.100,0.120,0.030,0.050,0.030,0.500,0.010,0.010,0.800,0.200,0.350,0.100,1.000,0.100,0.200,0.040,1.000,0.500,0.800,0.300,0.400
Herb,3824,1.000,0.000,0.100,0.120,0.030,0.050,0.030,0.500,0.010,0.010,0.800,0.200,0.350,0.100,1.000,0.100,0.200,0.040,1.000,0.500,0.800,0.300,0.400
Herb,3797,1.000,0.000,0.100,0.120,0.030,0.050,0.030,0.500,0.010,0.010,0.800,0.200,0.350,0.100,1.000,0.100,0.200,0.040,1.000,0.500,0.800,0.300,0.400
Herb,3799,1.000,0.000,0.100,0.120,0.030,0.050,0.030,0.500,0.010,0.010,0.800,0.200,0.350,0.100,1.000,0.100,0.200,0.040,1.000,0.500,0.800,0.300,0.400
Herb,3822,1.000,0.000,0.100,0.120,0.030,0.050,0.030,0.500,0.010,0.010,0.800,0.200,0.350,0.100,1.000,0.100,0.200,0.040,1.000,0.500,0.800,0.300,0.400
Herb,3821,1.000,0.000,0.100,0.120,0.030,0.050,0.030,0.500,0.010,0.010,0.800,0.200,0.350,0.100,1.000,0.100,0.200,0.040,1.000,0.500,0.800,0.300,0.400
Herb,3820,1.000,0.000,0.100,0.120,0.030,0.050,0.030,0.500,0.010,0.010,0.800,0.200,0.350,0.100,1.000,0.100,0.200,0.040,1.000,0.500,0.800,0.300,0.400
Herb,3819,1.000,0.000,0.100,0.120,0.030,0.050,0.030,0.500,0.010,0.010,0.800,0.200,0.350,0.100,1.000,0.100,0.200,0.040,1.000,0.500,0.800,0.300,0.400
Herb,3818,1.000,0.000,0.100,0.120,0.030,0.050,0.030,0.500,0.010,0.010,0.800,0.200,0.350,0.100,1.000,0.100,0.200,0.040,1.000,0.500,0.800,0.300,0.400
Herb,3817,1.000,0.000,0.100,0.120,0.030,0.050,0.030,0.500,0.010,0.010,0.800,0.200,0.350,0.100,1.000,0.100,0.200,0.040,1.000,0.500,0.800,0.300,0.400
Herb,3816,1.000,0.000,0.100,0.120,0.030,0.050,0.030,0.500,0.010,0.010,0.800,0.200,0.350,0.100,1.000,0.100,0.200,0.040,1.000,0.500,0.800,0.300,0.400
Herb,3815,1.000,0.000,0.100,0.120,0.030,0.050,0.030,0.500,0.010,0.010,0.800,0.200,0.350,0.100,1.000,0.100,0.200,0.040,1.000,0.500,0.800,0.300,0.400
Herb,3814,1.000,0.000,0.100,0.120,0.030,0.050,0.030,0.500,0.010,0.010,0.800,0.200,0.350,0.100,1.000,0.100,0.200,0.040,1.000,0.500,0.800,0.300,0.400
Herb,3813,1.000,0.000,0.100,0.120,0.030,0.050,0.030,0.500,0.010,0.010,0.800,0.200,0.350,0.100,1.000,0.100,0.200,0.040,1.000,0.500,0.800,0.300,0.400
Herb,3812,1.000,0.000,0.100,0.120,0.030,0.050,0.030,0.500,0.010,0.010,0.800,0.200,0.350,0.100,1.000,0.100,0.200,0.040,1.000,0.500,0.800,0.300,0.400
Herb,3811,1.000,0.000,0.100,0.120,0.030,0.050,0.030,0.500,0.010,0.010,0.800,0.200,0.350,0.100,1.000,0.100,0.200,0.040,1.000,0.500,0.800,0.300,0.400
Herb,3810,1.000,0.000,0.100,0.120,0.030,0.050,0.030,0.500,0.010,0.010,0.800,0.200,0.350,0.100,1.000,0.100,0.200,0.040,1.000,0.500,0.800,0.300,0.400
Herb,3809,1.000,0.000,0.100,0.120,0.030,0.050,0.030,0.500,0.010,0.010,0.800,0.200,0.350,0.100,1.000,0.100,0.200,0.040,1.000,0.500,0.800,0.300,0.400
Herb,3808,1.000,0.000,0.100,0.120,0.030,0.050,0.030,0.500,0.010,0.010,0.800,0.200,0.350,0.100,1.000,0.100,0.200,0.040,1.000,0.500,0.800,0.300,0.400
Herb,3807,1.000,0.000,0.100,0.120,0.030,0.050,0.030,0.500,0.010,0.010,0.800,0.200,0.350,0.100,1.000,0.100,0.200,0.040,1.000,0.500,0.800,0.300,0.400
Herb,3806,1.000,0.000,0.100,0.120,0.030,0.050,0.030,0.500,0.010,0.010,0.800,0.200,0.350,0.100,1.000,0.100,0.200,0.040,1.000,0.500,0.800,0.300,0.400
Herb,3805,1.000,0.000,0.100,0.120,0.030,0.050,0.030,0.500,0.010,0.010,0.800,0.200,0.350,0.100,1.000,0.100,0.200,0.040,1.000,0.500,0.800,0.300,0.400
Herb,3804,1.000,0.000,0.100,0.120,0.030,0.050,0.030,0.500,0.010,0.010,0.800,0.200,0.350,0.100,1.000,0.100,0.200,0.040,1.000,0.500,0.800,0.300,0.400
Herb,3803,1.000,0.000,0.100,0.120,0.030,0.050,0.030,0.500,0.010,0.010,0.800,0.200,0.350,0.100,1.000,0.100,0.200,0.040,1.000,0.500,0.800,0.300,0.400
Herb,3802,1.000,0.000,0.100,0.120,0.030,0.050,0.030,0.500,0.010,0.010,0.800,0.200,0.350,0.100,1.000,0.100,0.200,0.040,1.000,0.500,0.800,0.300,0.400
Herb,3801,1.000,0.000,0.100,0.120,0.030,0.050,0.030,0.500,0.010,0.010,0.800,0.200,0.350,0.100,1.000,0.100,0.200,0.040,1.000,0.500,0.800,0.300,0.400
Herb,3800,1.000,0.000,0.100,0.120,0.030,0.050,0.030,0.500,0.010,0.010,0.800,0.200,0.350,0.100,1.000,0.100,0.200,0.040,1.000,0.500,0.800,0.300,0.400
Herb,3798,1.000,0.000,0.100,0.120,0.030,0.050,0.030,0.500,0.010,0.010,0.800,0.200,0.350,0.100,1.000,0.100,0.200,0.040,1.000,0.500,0.800,0.300,0.400
Herb,3882,1.000,0.000,0.100,0.120,0.030,0.050,0.030,0.500,0.010,0.010,0.800,0.200,0.350,0.100,1.000,0.100,0.200,0.040,1.000,0.500,0.800,0.300,0.400
Herb,3883,1.000,0.000,0.100,0.120,0.030,0.050,0.030,0.500,0.010,0.010,0.800,0.200,0.350,0.100,1.000,0.100,0.200,0.040,1.000,0.500,0.800,0.300,0.400
Herb,3884,1.000,0.000,0.100,0.120,0.030,0.050,0.030,0.500,0.010,0.010,0.800,0.200,0.350,0.100,1.000,0.100,0.200,0.040,1.000,0.500,0.800,0.300,0.400
Herb,3974,1.000,0.000,0.100,0.120,0.030,0.050,0.030,0.500,0.010,0.010,0.800,0.200,0.350,0.100,1.000,0.100,0.200,0.040,1.000,0.500,0.800,0.300,0.400
Herb,3973,1.000,0.000,0.100,0.120,0.030,0.050,0.030,0.500,0.010,0.010,0.800,0.200,0.350,0.100,1.000,0.100,0.200,0.040,1.000,0.500,0.800,0.300,0.400
Herb,3972,1.000,0.000,0.100,0.120,0.030,0.050,0.030,0.500,0.010,0.010,0.800,0.200,0.350,0.100,1.000,0.100,0.200,0.040,1.000,0.500,0.800,0.300,0.400
Herb,3971,1.000,0.000,0.100,0.120,0.030,0.050,0.030,0.500,0.010,0.010,0.800,0.200,0.350,0.100,1.000,0.100,0.200,0.040,1.000,0.500,0.800,0.300,0.400
Herb,3970,1.000,0.000,0.100,0.120,0.030,0.050,0.030,0.500,0.010,0.010,0.800,0.200,0.350,0.100,1.000,0.100,0.200,0.040,1.000,0.500,0.800,0.300,0.400
Herb,3969,1.000,0.000,0.100,0.120,0.030,0.050,0.030,0.500,0.010,0.010,0.800,0.200,0.350,0.100,1.000,0.100,0.200,0.040,1.000,0.500,0.800,0.300,0.400
Herb,3968,1.000,0.000,0.100,0.120,0.030,0.050,0.030,0.500,0.010,0.010,0.800,0.200,0.350,0.100,1.000,0.100,0.200,0.040,1.000,0.500,0.800,0.300,0.400
Herb,3967,1.000,0.000,0.100,0.120,0.030,0.050,0.030,0.500,0.010,0.010,0.800,0.200,0.350,0.100,1.000,0.100,0.200,0.040,1.000,0.500,0.800,0.300,0.400
Herb,3966,1.000,0.000,0.100,0.120,0.030,0.050,0.030,0.500,0.010,0.010,0.800,0.200,0.350,0.100,1.000,0.100,0.200,0.040,1.000,0.500,0.800,0.300,0.400
Herb,3965,1.000,0.000,0.100,0.120,0.030,0.050,0.030,0.500,0.010,0.010,0.800,0.200,0.350,0.100,1.000,0.100,0.200,0.040,1.000,0.500,0.800,0.300,0.400
Herb,3964,1.000,0.000,0.100,0.120,0.030,0.050,0.030,0.500,0.010,0.010,0.800,0.200,0.350,0.100,1.000,0.100,0.200,0.040,1.000,0.500,0.800,0.300,0.400
Herb,3963,1.000,0.000,0.100,0.120,0.030,0.050,0.030,0.500,0.010,0.010,0.800,0.200,0.350,0.100,1.000,0.100,0.200,0.040,1.000,0.500,0.800,0.300,0.400
Herb,3962,1.000,0.000,0.100,0.120,0.030,0.050,0.030,0.500,0.010,0.010,0.800,0.200,0.350,0.100,1.000,0.100,0.200,0.040,1.000,0.500,0.800,0.300,0.400
Herb,3961,1.000,0.000,0.100,0.120,0.030,0.050,0.030,0.500,0.010,0.010,0.800,0.200,0.350,0.100,1.000,0.100,0.200,0.040,1.000,0.500,0.800,0.300,0.400
Herb,3960,1.000,0.000,0.100,0.120,0.030,0.050,0.030,0.500,0.010,0.010,0.800,0.200,0.350,0.100,1.000,0.100,0.200,0.040,1.000,0.500,0.800,0.300,0.400
Herb,3959,1.000,0.000,0.100,0.120,0.030,0.050,0.030,0.500,0.010,0.010,0.800,0.200,0.350,0.100,1.000,0.100,0.200,0.040,1.000,0.500,0.800,0.300,0.400
Herb,3958,1.000,0.000,0.100,0.120,0.030,0.050,0.030,0.500,0.010,0.010,0.800,0.200,0.350,0.100,1.000,0.100,0.200,0.040,1.000,0.500,0.800,0.300,0.400
Herb,3957,1.000,0.000,0.100,0.120,0.030,0.050,0.030,0.500,0.010,0.010,0.800,0.200,0.350,0.100,1.000,0.100,0.200,0.040,1.000,0.500,0.800,0.300,0.400
Herb,3956,1.000,0.000,0.100,0.120,0.030,0.050,0.030,0.500,0.010,0.010,0.800,0.200,0.350,0.100,1.000,0.100,0.200,0.040,1.000,0.500,0.800,0.300,0.400
Herb,3955,1.000,0.000,0.100,0.120,0.030,0.050,0.030,0.500,0.010,0.010,0.800,0.200,0.350,0.100,1.000,0.100,0.200,0.040,1.000,0.500,0.800,0.300,0.400
Herb,3954,1.000,0.000,0.100,0.120,0.030,0.050,0.030,0.500,0.010,0.010,0.800,0.200,0.350,0.100,1.000,0.100,0.200,0.040,1.000,0.500,0.800,0.300,0.400
Herb,3953,1.000,0.000,0.100,0.120,0.030,0.050,0.030,0.500,0.010,0.010,0.800,0.200,0.350,0.100,1.000,0.100,0.200,0.040,1.000,0.500,0.800,0.300,0.400
Herb,3952,1.000,0.000,0.100,0.120,0.030,0.050,0.030,0.500,0.010,0.010,0.800,0.200,0.350,0.100,1.000,0.100,0.200,0.040,1.000,0.500,0.800,0.300,0.400
Herb,3975,1.000,0.000,0.100,0.120,0.030,0.050,0.030,0.500,0.010,0.010,0.800,0.200,0.350,0.100,1.000,0.100,0.200,0.040,1.000,0.500,0.800,0.300,0.400
Herb,3951,1.000,0.000,0.100,0.120,0.030,0.050,0.030,0.500,0.010,0.010,0.800,0.200,0.350,0.100,1.000,0.100,0.200,0.040,1.000,0.500,0.800,0.300,0.400
Herb,3976,1.000,0.000,0.100,0.120,0.030,0.050,0.030,0.500,0.010,0.010,0.800,0.200,0.350,0.100,1.000,0.100,0.200,0.040,1.000,0.500,0.800,0.300,0.400
Herb,3978,1.000,0.000,0.100,0.120,0.030,0.050,0.030,0.500,0.010,0.010,0.800,0.200,0.350,0.100,1.000,0.100,0.200,0.040,1.000,0.500,0.800,0.300,0.400
Herb,5002,1.000,0.000,0.100,0.120,0.030,0.050,0.030,0.500,0.010,0.010,0.800,0.200,0.350,0.100,1.000,0.100,0.200,0.040,1.000,0.500,0.800,0.300,0.400
Herb,3449,1.000,0.000,0.100,0.120,0.030,0.050,0.030,0.500,0.010,0.010,0.800,0.200,0.350,0.100,1.000,0.100,0.200,0.040,1.000,0.500,0.800,0.300,0.400
Herb,3999,1.000,0.000,0.100,0.120,0.030,0.050,0.030,0.500,0.010,0.010,0.800,0.200,0.350,0.100,1.000,0.100,0.200,0.040,1.000,0.500,0.800,0.300,0.400
Herb,3998,1.000,0.000,0.100,0.120,0.030,0.050,0.030,0.500,0.010,0.010,0.800,0.200,0.350,0.100,1.000,0.100,0.200,0.040,1.000,0.500,0.800,0.300,0.400
Herb,3997,1.000,0.000,0.100,0.120,0.030,0.050,0.030,0.500,0.010,0.010,0.800,0.200,0.350,0.100,1.000,0.100,0.200,0.040,1.000,0.500,0.800,0.300,0.400
Herb,3996,1.000,0.000,0.100,0.120,0.030,0.050,0.030,0.500,0.010,0.010,0.800,0.200,0.350,0.100,1.000,0.100,0.200,0.040,1.000,0.500,0.800,0.300,0.400
Herb,3995,1.000,0.000,0.100,0.120,0.030,0.050,0.030,0.500,0.010,0.010,0.800,0.200,0.350,0.100,1.000,0.100,0.200,0.040,1.000,0.500,0.800,0.300,0.400
Herb,3994,1.000,0.000,0.100,0.120,0.030,0.050,0.030,0.500,0.010,0.010,0.800,0.200,0.350,0.100,1.000,0.100,0.200,0.040,1.000,0.500,0.800,0.300,0.400
Herb,3993,1.000,0.000,0.100,0.120,0.030,0.050,0.030,0.500,0.010,0.010,0.800,0.200,0.350,0.100,1.000,0.100,0.200,0.040,1.000,0.500,0.800,0.300,0.400
Herb,3992,1.000,0.000,0.100,0.120,0.030,0.050,0.030,0.500,0.010,0.010,0.800,0.200,0.350,0.100,1.000,0.100,0.200,0.040,1.000,0.500,0.800,0.300,0.400
Herb,3991,1.000,0.000,0.100,0.120,0.030,0.050,0.030,0.500,0.010,0.010,0.800,0.200,0.350,0.100,1.000,0.100,0.200,0.040,1.000,0.500,0.800,0.300,0.400
Herb,3990,1.000,0.000,0.100,0.120,0.030,0.050,0.030,0.500,0.010,0.010,0.800,0.200,0.350,0.100,1.000,0.100,0.200,0.040,1.000,0.500,0.800,0.300,0.400
Herb,3989,1.000,0.000,0.100,0.120,0.030,0.050,0.030,0.500,0.010,0.010,0.800,0.200,0.350,0.100,1.000,0.100,0.200,0.040,1.000,0.500,0.800,0.300,0.400
Herb,3988,1.000,0.000,0.100,0.120,0.030,0.050,0.030,0.500,0.010,0.010,0.800,0.200,0.350,0.100,1.000,0.100,0.200,0.040,1.000,0.500,0.800,0.300,0.400
Herb,3987,1.000,0.000,0.100,0.120,0.030,0.050,0.030,0.500,0.010,0.010,0.800,0.200,0.350,0.100,1.000,0.100,0.200,0.040,1.000,0.500,0.800,0.300,0.400
Herb,3986,1.000,0.000,0.100,0.120,0.030,0.050,0.030,0.500,0.010,0.010,0.800,0.200,0.350,0.100,1.000,0.100,0.200,0.040,1.000,0.500,0.800,0.300,0.400
Herb,3985,1.000,0.000,0.100,0.120,0.030,0.050,0.030,0.500,0.010,0.010,0.800,0.200,0.350,0.100,1.000,0.100,0.200,0.040,1.000,0.500,0.800,0.300,0.400
Herb,3984,1.000,0.000,0.100,0.120,0.030,0.050,0.030,0.500,0.010,0.010,0.800,0.200,0.350,0.100,1.000,0.100,0.200,0.040,1.000,0.500,0.800,0.300,0.400
Herb,3983,1.000,0.000,0.100,0.120,0.030,0.050,0.030,0.500,0.010,0.010,0.800,0.200,0.350,0.100,1.000,0.100,0.200,0.040,1.000,0.500,0.800,0.300,0.400
Herb,3982,1.000,0.000,0.100,0.120,0.030,0.050,0.030,0.500,0.010,0.010,0.800,0.200,0.350,0.100,1.000,0.100,0.200,0.040,1.000,0.500,0.800,0.300,0.400
Herb,3981,1.000,0.000,0.100,0.120,0.030,0.050,0.030,0.500,0.010,0.010,0.800,0.200,0.350,0.100,1.000,0.100,0.200,0.040,1.000,0.500,0.800,0.300,0.400
Herb,3980,1.000,0.000,0.100,0.120,0.030,0.050,0.030,0.500,0.010,0.010,0.800,0.200,0.350,0.100,1.000,0.100,0.200,0.040,1.000,0.500,0.800,0.300,0.400
Herb,3979,1.000,0.000,0.100,0.120,0.030,0.050,0.030,0.500,0.010,0.010,0.800,0.200,0.350,0.100,1.000,0.100,0.200,0.040,1.000,0.500,0.800,0.300,0.400
Herb,3977,1.000,0.000,0.100,0.120,0.030,0.050,0.030,0.500,0.010,0.010,0.800,0.200,0.350,0.100,1.000,0.100,0.200,0.040,1.000,0.500,0.800,0.300,0.400
Herb,3950,1.000,0.000,0.100,0.120,0.030,0.050,0.030,0.500,0.010,0.010,0.800,0.200,0.350,0.100,1.000,0.100,0.200,0.040,1.000,0.500,0.800,0.300,0.400
Herb,3949,1.000,0.000,0.100,0.120,0.030,0.050,0.030,0.500,0.010,0.010,0.800,0.200,0.350,0.100,1.000,0.100,0.200,0.040,1.000,0.500,0.800,0.300,0.400
Herb,3948,1.000,0.000,0.100,0.120,0.030,0.050,0.030,0.500,0.010,0.010,0.800,0.200,0.350,0.100,1.000,0.100,0.200,0.040,1.000,0.500,0.800,0.300,0.400
Herb,3919,1.000,0.000,0.100,0.120,0.030,0.050,0.030,0.500,0.010,0.010,0.800,0.200,0.350,0.100,1.000,0.100,0.200,0.040,1.000,0.500,0.800,0.300,0.400
Herb,3918,1.000,0.000,0.100,0.120,0.030,0.050,0.030,0.500,0.010,0.010,0.800,0.200,0.350,0.100,1.000,0.100,0.200,0.040,1.000,0.500,0.800,0.300,0.400
Herb,3917,1.000,0.000,0.100,0.120,0.030,0.050,0.030,0.500,0.010,0.010,0.800,0.200,0.350,0.100,1.000,0.100,0.200,0.040,1.000,0.500,0.800,0.300,0.400
Herb,3916,1.000,0.000,0.100,0.120,0.030,0.050,0.030,0.500,0.010,0.010,0.800,0.200,0.350,0.100,1.000,0.100,0.200,0.040,1.000,0.500,0.800,0.300,0.400
Herb,3915,1.000,0.000,0.100,0.120,0.030,0.050,0.030,0.500,0.010,0.010,0.800,0.200,0.350,0.100,1.000,0.100,0.200,0.040,1.000,0.500,0.800,0.300,0.400
Herb,3914,1.000,0.000,0.100,0.120,0.030,0.050,0.030,0.500,0.010,0.010,0.800,0.200,0.350,0.100,1.000,0.100,0.200,0.040,1.000,0.500,0.800,0.300,0.400
Herb,3913,1.000,0.000,0.100,0.120,0.030,0.050,0.030,0.500,0.010,0.010,0.800,0.200,0.350,0.100,1.000,0.100,0.200,0.040,1.000,0.500,0.800,0.300,0.400
Herb,3912,1.000,0.000,0.100,0.120,0.030,0.050,0.030,0.500,0.010,0.010,0.800,0.200,0.350,0.100,1.000,0.100,0.200,0.040,1.000,0.500,0.800,0.300,0.400
Herb,3911,1.000,0.000,0.100,0.120,0.030,0.050,0.030,0.500,0.010,0.010,0.800,0.200,0.350,0.100,1.000,0.100,0.200,0.040,1.000,0.500,0.800,0.300,0.400
Herb,3910,1.000,0.000,0.100,0.120,0.030,0.050,0.030,0.500,0.010,0.010,0.800,0.200,0.350,0.100,1.000,0.100,0.200,0.040,1.000,0.500,0.800,0.300,0.400
Herb,3909,1.000,0.000,0.100,0.120,0.030,0.050,0.030,0.500,0.010,0.010,0.800,0.200,0.350,0.100,1.000,0.100,0.200,0.040,1.000,0.500,0.800,0.300,0.400
Herb,3908,1.000,0.000,0.100,0.120,0.030,0.050,0.030,0.500,0.010,0.010,0.800,0.200,0.350,0.100,1.000,0.100,0.200,0.040,1.000,0.500,0.800,0.300,0.400
Herb,3907,1.000,0.000,0.100,0.120,0.030,0.050,0.030,0.500,0.010,0.010,0.800,0.200,0.350,0.100,1.000,0.100,0.200,0.040,1.000,0.500,0.800,0.300,0.400
Herb,3906,1.000,0.000,0.100,0.120,0.030,0.050,0.030,0.500,0.010,0.010,0.800,0.200,0.350,0.100,1.000,0.100,0.200,0.040,1.000,0.500,0.800,0.300,0.400
Herb,3905,1.000,0.000,0.100,0.120,0.030,0.050,0.030,0.500,0.010,0.010,0.800,0.200,0.350,0.100,1.000,0.100,0.200,0.040,1.000,0.500,0.800,0.300,0.400
Herb,3904,1.000,0.000,0.100,0.120,0.030,0.050,0.030,0.500,0.010,0.010,0.800,0.200,0.350,0.100,1.000,0.100,0.200,0.040,1.000,0.500,0.800,0.300,0.400
Herb,3903,1.000,0.000,0.100,0.120,0.030,0.050,0.030,0.500,0.010,0.010,0.800,0.200,0.350,0.100,1.000,0.100,0.200,0.040,1.000,0.500,0.800,0.300,0.400
Herb,3902,1.000,0.000,0.100,0.120,0.030,0.050,0.030,0.500,0.010,0.010,0.800,0.200,0.350,0.100,1.000,0.100,0.200,0.040,1.000,0.500,0.800,0.300,0.400
Herb,3901,1.000,0.000,0.100,0.120,0.030,0.050,0.030,0.500,0.010,0.010,0.800,0.200,0.350,0.100,1.000,0.100,0.200,0.040,1.000,0.500,0.800,0.300,0.400
Herb,3900,1.000,0.000,0.100,0.120,0.030,0.050,0.030,0.500,0.010,0.010,0.800,0.200,0.350,0.100,1.000,0.100,0.200,0.040,1.000,0.500,0.800,0.300,0.400
Herb,3887,1.000,0.000,0.100,0.120,0.030,0.050,0.030,0.500,0.010,0.010,0.800,0.200,0.350,0.100,1.000,0.100,0.200,0.040,1.000,0.500,0.800,0.300,0.400
Herb,3886,1.000,0.000,0.100,0.120,0.030,0.050,0.030,0.500,0.010,0.010,0.800,0.200,0.350,0.100,1.000,0.100,0.200,0.040,1.000,0.500,0.800,0.300,0.400
Herb,3885,1.000,0.000,0.100,0.120,0.030,0.050,0.030,0.500,0.010,0.010,0.800,0.200,0.350,0.100,1.000,0.100,0.200,0.040,1.000,0.500,0.800,0.300,0.400
Herb,3920,1.000,0.000,0.100,0.120,0.030,0.050,0.030,0.500,0.010,0.010,0.800,0.200,0.350,0.100,1.000,0.100,0.200,0.040,1.000,0.500,0.800,0.300,0.400
Herb,3921,1.000,0.000,0.100,0.120,0.030,0.050,0.030,0.500,0.010,0.010,0.800,0.200,0.350,0.100,1.000,0.100,0.200,0.040,1.000,0.500,0.800,0.300,0.400
Herb,3922,1.000,0.000,0.100,0.120,0.030,0.050,0.030,0.500,0.010,0.010,0.800,0.200,0.350,0.100,1.000,0.100,0.200,0.040,1.000,0.500,0.800,0.300,0.400
Herb,3923,1.000,0.000,0.100,0.120,0.030,0.050,0.030,0.500,0.010,0.010,0.800,0.200,0.350,0.100,1.000,0.100,0.200,0.040,1.000,0.500,0.800,0.300,0.400
Herb,3947,1.000,0.000,0.100,0.120,0.030,0.050,0.030,0.500,0.010,0.010,0.800,0.200,0.350,0.100,1.000,0.100,0.200,0.040,1.000,0.500,0.800,0.300,0.400
Herb,3946,1.000,0.000,0.100,0.120,0.030,0.050,0.030,0.500,0.010,0.010,0.800,0.200,0.350,0.100,1.000,0.100,0.200,0.040,1.000,0.500,0.800,0.300,0.400
Herb,3945,1.000,0.000,0.100,0.120,0.030,0.050,0.030,0.500,0.010,0.010,0.800,0.200,0.350,0.100,1.000,0.100,0.200,0.040,1.000,0.500,0.800,0.300,0.400
Herb,3944,1.000,0.000,0.100,0.120,0.030,0.050,0.030,0.500,0.010,0.010,0.800,0.200,0.350,0.100,1.000,0.100,0.200,0.040,1.000,0.500,0.800,0.300,0.400
Herb,3943,1.000,0.000,0.100,0.120,0.030,0.050,0.030,0.500,0.010,0.010,0.800,0.200,0.350,0.100,1.000,0.100,0.200,0.040,1.000,0.500,0.800,0.300,0.400
Herb,3942,1.000,0.000,0.100,0.120,0.030,0.050,0.030,0.500,0.010,0.010,0.800,0.200,0.350,0.100,1.000,0.100,0.200,0.040,1.000,0.500,0.800,0.300,0.400
Herb,3941,1.000,0.000,0.100,0.120,0.030,0.050,0.030,0.500,0.010,0.010,0.800,0.200,0.350,0.100,1.000,0.100,0.200,0.040,1.000,0.500,0.800,0.300,0.400
Herb,3940,1.000,0.000,0.100,0.120,0.030,0.050,0.030,0.500,0.010,0.010,0.800,0.200,0.350,0.100,1.000,0.100,0.200,0.040,1.000,0.500,0.800,0.300,0.400
Herb,3939,1.000,0.000,0.100,0.120,0.030,0.050,0.030,0.500,0.010,0.010,0.800,0.200,0.350,0.100,1.000,0.100,0.200,0.040,1.000,0.500,0.800,0.300,0.400
Herb,3938,1.000,0.000,0.100,0.120,0.030,0.050,0.030,0.500,0.010,0.010,0.800,0.200,0.350,0.100,1.000,0.100,0.200,0.040,1.000,0.500,0.800,0.300,0.400
Herb,3937,1.000,0.000,0.100,0.120,0.030,0.050,0.030,0.500,0.010,0.010,0.800,0.200,0.350,0.100,1.000,0.100,0.200,0.040,1.000,0.500,0.800,0.300,0.400
Herb,3772,1.000,0.000,0.100,0.120,0.030,0.050,0.030,0.500,0.010,0.010,0.800,0.200,0.350,0.100,1.000,0.100,0.200,0.040,1.000,0.500,0.800,0.300,0.400
Herb,3936,1.000,0.000,0.100,0.120,0.030,0.050,0.030,0.500,0.010,0.010,0.800,0.200,0.350,0.100,1.000,0.100,0.200,0.040,1.000,0.500,0.800,0.300,0.400
Herb,3934,1.000,0.000,0.100,0.120,0.030,0.050,0.030,0.500,0.010,0.010,0.800,0.200,0.350,0.100,1.000,0.100,0.200,0.040,1.000,0.500,0.800,0.300,0.400
Herb,3933,1.000,0.000,0.100,0.120,0.030,0.050,0.030,0.500,0.010,0.010,0.800,0.200,0.350,0.100,1.000,0.100,0.200,0.040,1.000,0.500,0.800,0.300,0.400
Herb,3932,1.000,0.000,0.100,0.120,0.030,0.050,0.030,0.500,0.010,0.010,0.800,0.200,0.350,0.100,1.000,0.100,0.200,0.040,1.000,0.500,0.800,0.300,0.400
Herb,3931,1.000,0.000,0.100,0.120,0.030,0.050,0.030,0.500,0.010,0.010,0.800,0.200,0.350,0.100,1.000,0.100,0.200,0.040,1.000,0.500,0.800,0.300,0.400
Herb,3930,1.000,0.000,0.100,0.120,0.030,0.050,0.030,0.500,0.010,0.010,0.800,0.200,0.350,0.100,1.000,0.100,0.200,0.040,1.000,0.500,0.800,0.300,0.400
Herb,3929,1.000,0.000,0.100,0.120,0.030,0.050,0.030,0.500,0.010,0.010,0.800,0.200,0.350,0.100,1.000,0.100,0.200,0.040,1.000,0.500,0.800,0.300,0.400
Herb,3928,1.000,0.000,0.100,0.120,0.030,0.050,0.030,0.500,0.010,0.010,0.800,0.200,0.350,0.100,1.000,0.100,0.200,0.040,1.000,0.500,0.800,0.300,0.400
Herb,3927,1.000,0.000,0.100,0.120,0.030,0.050,0.030,0.500,0.010,0.010,0.800,0.200,0.350,0.100,1.000,0.100,0.200,0.040,1.000,0.500,0.800,0.300,0.400
Herb,3926,1.000,0.000,0.100,0.120,0.030,0.050,0.030,0.500,0.010,0.010,0.800,0.200,0.350,0.100,1.000,0.100,0.200,0.040,1.000,0.500,0.800,0.300,0.400
Herb,3925,1.000,0.000,0.100,0.120,0.030,0.050,0.030,0.500,0.010,0.010,0.800,0.200,0.350,0.100,1.000,0.100,0.200,0.040,1.000,0.500,0.800,0.300,0.400
Herb,3924,1.000,0.000,0.100,0.120,0.030,0.050,0.030,0.500,0.010,0.010,0.800,0.200,0.350,0.100,1.000,0.100,0.200,0.040,1.000,0.500,0.800,0.300,0.400
Herb,3935,1.000,0.000,0.100,0.120,0.030,0.050,0.030,0.500,0.010,0.010,0.800,0.200,0.350,0.100,1.000,0.100,0.200,0.040,1.000,0.500,0.800,0.300,0.400
Herb,3771,1.000,0.000,0.100,0.120,0.030,0.050,0.030,0.500,0.010,0.010,0.800,0.200,0.350,0.100,1.000,0.100,0.200,0.040,1.000,0.500,0.800,0.300,0.400
Herb,5001,1.000,0.000,0.100,0.120,0.030,0.050,0.030,0.500,0.010,0.010,0.800,0.200,0.350,0.100,1.000,0.100,0.200,0.040,1.000,0.500,0.800,0.300,0.400
Herb,3769,1.000,0.000,0.100,0.120,0.030,0.050,0.030,0.500,0.010,0.010,0.800,0.200,0.350,0.100,1.000,0.100,0.200,0.040,1.000,0.500,0.800,0.300,0.400
Herb,3550,1.000,0.000,0.100,0.120,0.030,0.050,0.030,0.500,0.010,0.010,0.800,0.200,0.350,0.100,1.000,0.100,0.200,0.040,1.000,0.500,0.800,0.300,0.400
Herb,3546,1.000,0.000,0.100,0.120,0.030,0.050,0.030,0.500,0.010,0.010,0.800,0.200,0.350,0.100,1.000,0.100,0.200,0.040,1.000,0.500,0.800,0.300,0.400
Herb,3540,1.000,0.000,0.100,0.120,0.030,0.050,0.030,0.500,0.010,0.010,0.800,0.200,0.350,0.100,1.000,0.100,0.200,0.040,1.000,0.500,0.800,0.300,0.400
Herb,3539,1.000,0.000,0.100,0.120,0.030,0.050,0.030,0.500,0.010,0.010,0.800,0.200,0.350,0.100,1.000,0.100,0.200,0.040,1.000,0.500,0.800,0.300,0.400
Herb,3538,1.000,0.000,0.100,0.120,0.030,0.050,0.030,0.500,0.010,0.010,0.800,0.200,0.350,0.100,1.000,0.100,0.200,0.040,1.000,0.500,0.800,0.300,0.400
Herb,3536,1.000,0.000,0.100,0.120,0.030,0.050,0.030,0.500,0.010,0.010,0.800,0.200,0.350,0.100,1.000,0.100,0.200,0.040,1.000,0.500,0.800,0.300,0.400
Herb,3535,1.000,0.000,0.100,0.120,0.030,0.050,0.030,0.500,0.010,0.010,0.800,0.200,0.350,0.100,1.000,0.100,0.200,0.040,1.000,0.500,0.800,0.300,0.400
Herb,3534,1.000,0.000,0.100,0.120,0.030,0.050,0.030,0.500,0.010,0.010,0.800,0.200,0.350,0.100,1.000,0.100,0.200,0.040,1.000,0.500,0.800,0.300,0.400
Herb,3533,1.000,0.000,0.100,0.120,0.030,0.050,0.030,0.500,0.010,0.010,0.800,0.200,0.350,0.100,1.000,0.100,0.200,0.040,1.000,0.500,0.800,0.300,0.400
Herb,3532,1.000,0.000,0.100,0.120,0.030,0.050,0.030,0.500,0.010,0.010,0.800,0.200,0.350,0.100,1.000,0.100,0.200,0.040,1.000,0.500,0.800,0.300,0.400
Herb,3531,1.000,0.000,0.100,0.120,0.030,0.050,0.030,0.500,0.010,0.010,0.800,0.200,0.350,0.100,1.000,0.100,0.200,0.040,1.000,0.500,0.800,0.300,0.400
Herb,3529,1.000,0.000,0.100,0.120,0.030,0.050,0.030,0.500,0.010,0.010,0.800,0.200,0.350,0.100,1.000,0.100,0.200,0.040,1.000,0.500,0.800,0.300,0.400
Herb,3528,1.000,0.000,0.100,0.120,0.030,0.050,0.030,0.500,0.010,0.010,0.800,0.200,0.350,0.100,1.000,0.100,0.200,0.040,1.000,0.500,0.800,0.300,0.400
Herb,3527,1.000,0.000,0.100,0.120,0.030,0.050,0.030,0.500,0.010,0.010,0.800,0.200,0.350,0.100,1.000,0.100,0.200,0.040,1.000,0.500,0.800,0.300,0.400
Herb,3526,1.000,0.000,0.100,0.120,0.030,0.050,0.030,0.500,0.010,0.010,0.800,0.200,0.350,0.100,1.000,0.100,0.200,0.040,1.000,0.500,0.800,0.300,0.400
Herb,3525,1.000,0.000,0.100,0.120,0.030,0.050,0.030,0.500,0.010,0.010,0.800,0.200,0.350,0.100,1.000,0.100,0.200,0.040,1.000,0.500,0.800,0.300,0.400
Herb,3524,1.000,0.000,0.100,0.120,0.030,0.050,0.030,0.500,0.010,0.010,0.800,0.200,0.350,0.100,1.000,0.100,0.200,0.040,1.000,0.500,0.800,0.300,0.400
Herb,3523,1.000,0.000,0.100,0.120,0.030,0.050,0.030,0.500,0.010,0.010,0.800,0.200,0.350,0.100,1.000,0.100,0.200,0.040,1.000,0.500,0.800,0.300,0.400
Herb,3522,1.000,0.000,0.100,0.120,0.030,0.050,0.030,0.500,0.010,0.010,0.800,0.200,0.350,0.100,1.000,0.100,0.200,0.040,1.000,0.500,0.800,0.300,0.400
Herb,3519,1.000,0.000,0.100,0.120,0.030,0.050,0.030,0.500,0.010,0.010,0.800,0.200,0.350,0.100,1.000,0.100,0.200,0.040,1.000,0.500,0.800,0.300,0.400
Herb,3518,1.000,0.000,0.100,0.120,0.030,0.050,0.030,0.500,0.010,0.010,0.800,0.200,0.350,0.100,1.000,0.100,0.200,0.040,1.000,0.500,0.800,0.300,0.400
Herb,3517,1.000,0.000,0.100,0.120,0.030,0.050,0.030,0.500,0.010,0.010,0.800,0.200,0.350,0.100,1.000,0.100,0.200,0.040,1.000,0.500,0.800,0.300,0.400
Herb,3512,1.000,0.000,0.100,0.120,0.030,0.050,0.030,0.500,0.010,0.010,0.800,0.200,0.350,0.100,1.000,0.100,0.200,0.040,1.000,0.500,0.800,0.300,0.400
Herb,3551,1.000,0.000,0.100,0.120,0.030,0.050,0.030,0.500,0.010,0.010,0.800,0.200,0.350,0.100,1.000,0.100,0.200,0.040,1.000,0.500,0.800,0.300,0.400
Herb,3511,1.000,0.000,0.100,0.120,0.030,0.050,0.030,0.500,0.010,0.010,0.800,0.200,0.350,0.100,1.000,0.100,0.200,0.040,1.000,0.500,0.800,0.300,0.400
Herb,3552,1.000,0.000,0.100,0.120,0.030,0.050,0.030,0.500,0.010,0.010,0.800,0.200,0.350,0.100,1.000,0.100,0.200,0.040,1.000,0.500,0.800,0.300,0.400
Herb,3554,1.000,0.000,0.100,0.120,0.030,0.050,0.030,0.500,0.010,0.010,0.800,0.200,0.350,0.100,1.000,0.100,0.200,0.040,1.000,0.500,0.800,0.300,0.400
Herb,3577,1.000,0.000,0.100,0.120,0.030,0.050,0.030,0.500,0.010,0.010,0.800,0.200,0.350,0.100,1.000,0.100,0.200,0.040,1.000,0.500,0.800,0.300,0.400
Herb,3576,1.000,0.000,0.100,0.120,0.030,0.050,0.030,0.500,0.010,0.010,0.800,0.200,0.350,0.100,1.000,0.100,0.200,0.040,1.000,0.500,0.800,0.300,0.400
Herb,3575,1.000,0.000,0.100,0.120,0.030,0.050,0.030,0.500,0.010,0.010,0.800,0.200,0.350,0.100,1.000,0.100,0.200,0.040,1.000,0.500,0.800,0.300,0.400
Herb,3574,1.000,0.000,0.100,0.120,0.030,0.050,0.030,0.500,0.010,0.010,0.800,0.200,0.350,0.100,1.000,0.100,0.200,0.040,1.000,0.500,0.800,0.300,0.400
Herb,3573,1.000,0.000,0.100,0.120,0.030,0.050,0.030,0.500,0.010,0.010,0.800,0.200,0.350,0.100,1.000,0.100,0.200,0.040,1.000,0.500,0.800,0.300,0.400
Herb,3572,1.000,0.000,0.100,0.120,0.030,0.050,0.030,0.500,0.010,0.010,0.800,0.200,0.350,0.100,1.000,0.100,0.200,0.040,1.000,0.500,0.800,0.300,0.400
Herb,3571,1.000,0.000,0.100,0.120,0.030,0.050,0.030,0.500,0.010,0.010,0.800,0.200,0.350,0.100,1.000,0.100,0.200,0.040,1.000,0.500,0.800,0.300,0.400
Herb,3570,1.000,0.000,0.100,0.120,0.030,0.050,0.030,0.500,0.010,0.010,0.800,0.200,0.350,0.100,1.000,0.100,0.200,0.040,1.000,0.500,0.800,0.300,0.400
Herb,3569,1.000,0.000,0.100,0.120,0.030,0.050,0.030,0.500,0.010,0.010,0.800,0.200,0.350,0.100,1.000,0.100,0.200,0.040,1.000,0.500,0.800,0.300,0.400
Herb,3568,1.000,0.000,0.100,0.120,0.030,0.050,0.030,0.500,0.010,0.010,0.800,0.200,0.350,0.100,1.000,0.100,0.200,0.040,1.000,0.500,0.800,0.300,0.400
Herb,3567,1.000,0.000,0.100,0.120,0.030,0.050,0.030,0.500,0.010,0.010,0.800,0.200,0.350,0.100,1.000,0.100,0.200,0.040,1.000,0.500,0.800,0.300,0.400
Herb,3566,1.000,0.000,0.100,0.120,0.030,0.050,0.030,0.500,0.010,0.010,0.800,0.200,0.350,0.100,1.000,0.100,0.200,0.040,1.000,0.500,0.800,0.300,0.400
Herb,3565,1.000,0.000,0.100,0.120,0.030,0.050,0.030,0.500,0.010,0.010,0.800,0.200,0.350,0.100,1.000,0.100,0.200,0.040,1.000,0.500,0.800,0.300,0.400
Herb,3564,1.000,0.000,0.100,0.120,0.030,0.050,0.030,0.500,0.010,0.010,0.800,0.200,0.350,0.100,1.000,0.100,0.200,0.040,1.000,0.500,0.800,0.300,0.400
Herb,3563,1.000,0.000,0.100,0.120,0.030,0.050,0.030,0.500,0.010,0.010,0.800,0.200,0.350,0.100,1.000,0.100,0.200,0.040,1.000,0.500,0.800,0.300,0.400
Herb,3562,1.000,0.000,0.100,0.120,0.030,0.050,0.030,0.500,0.010,0.010,0.800,0.200,0.350,0.100,1.000,0.100,0.200,0.040,1.000,0.500,0.800,0.300,0.400
Herb,3561,1.000,0.000,0.100,0.120,0.030,0.050,0.030,0.500,0.010,0.010,0.800,0.200,0.350,0.100,1.000,0.100,0.200,0.040,1.000,0.500,0.800,0.300,0.400
Herb,3560,1.000,0.000,0.100,0.120,0.030,0.050,0.030,0.500,0.010,0.010,0.800,0.200,0.350,0.100,1.000,0.100,0.200,0.040,1.000,0.500,0.800,0.300,0.400
Herb,3559,1.000,0.000,0.100,0.120,0.030,0.050,0.030,0.500,0.010,0.010,0.800,0.200,0.350,0.100,1.000,0.100,0.200,0.040,1.000,0.500,0.800,0.300,0.400
Herb,3558,1.000,0.000,0.100,0.120,0.030,0.050,0.030,0.500,0.010,0.010,0.800,0.200,0.350,0.100,1.000,0.100,0.200,0.040,1.000,0.500,0.800,0.300,0.400
Herb,3557,1.000,0.000,0.100,0.120,0.030,0.050,0.030,0.500,0.010,0.010,0.800,0.200,0.350,0.100,1.000,0.100,0.200,0.040,1.000,0.500,0.800,0.300,0.400
Herb,3556,1.000,0.000,0.100,0.120,0.030,0.050,0.030,0.500,0.010,0.010,0.800,0.200,0.350,0.100,1.000,0.100,0.200,0.040,1.000,0.500,0.800,0.300,0.400
Herb,3555,1.000,0.000,0.100,0.120,0.030,0.050,0.030,0.500,0.010,0.010,0.800,0.200,0.350,0.100,1.000,0.100,0.200,0.040,1.000,0.500,0.800,0.300,0.400
Herb,3553,1.000,0.000,0.100,0.120,0.030,0.050,0.030,0.500,0.010,0.010,0.800,0.200,0.350,0.100,1.000,0.100,0.200,0.040,1.000,0.500,0.800,0.300,0.400
Herb,3578,1.000,0.000,0.100,0.120,0.030,0.050,0.030,0.500,0.010,0.010,0.800,0.200,0.350,0.100,1.000,0.100,0.200,0.040,1.000,0.500,0.800,0.300,0.400
Herb,3510,1.000,0.000,0.100,0.120,0.030,0.050,0.030,0.500,0.010,0.010,0.800,0.200,0.350,0.100,1.000,0.100,0.200,0.040,1.000,0.500,0.800,0.300,0.400
Herb,3507,1.000,0.000,0.100,0.120,0.030,0.050,0.030,0.500,0.010,0.010,0.800,0.200,0.350,0.100,1.000,0.100,0.200,0.040,1.000,0.500,0.800,0.300,0.400
Herb,3474,1.000,0.000,0.100,0.120,0.030,0.050,0.030,0.500,0.010,0.010,0.800,0.200,0.350,0.100,1.000,0.100,0.200,0.040,1.000,0.500,0.800,0.300,0.400
Herb,3473,1.000,0.000,0.100,0.120,0.030,0.050,0.030,0.500,0.010,0.010,0.800,0.200,0.350,0.100,1.000,0.100,0.200,0.040,1.000,0.500,0.800,0.300,0.400
Herb,3472,1.000,0.000,0.100,0.120,0.030,0.050,0.030,0.500,0.010,0.010,0.800,0.200,0.350,0.100,1.000,0.100,0.200,0.040,1.000,0.500,0.800,0.300,0.400
Herb,3471,1.000,0.000,0.100,0.120,0.030,0.050,0.030,0.500,0.010,0.010,0.800,0.200,0.350,0.100,1.000,0.100,0.200,0.040,1.000,0.500,0.800,0.300,0.400
Herb,3470,1.000,0.000,0.100,0.120,0.030,0.050,0.030,0.500,0.010,0.010,0.800,0.200,0.350,0.100,1.000,0.100,0.200,0.040,1.000,0.500,0.800,0.300,0.400
Herb,3469,1.000,0.000,0.100,0.120,0.030,0.050,0.030,0.500,0.010,0.010,0.800,0.200,0.350,0.100,1.000,0.100,0.200,0.040,1.000,0.500,0.800,0.300,0.400
Herb,3468,1.000,0.000,0.100,0.120,0.030,0.050,0.030,0.500,0.010,0.010,0.800,0.200,0.350,0.100,1.000,0.100,0.200,0.040,1.000,0.500,0.800,0.300,0.400
Herb,3467,1.000,0.000,0.100,0.120,0.030,0.050,0.030,0.500,0.010,0.010,0.800,0.200,0.350,0.100,1.000,0.100,0.200,0.040,1.000,0.500,0.800,0.300,0.400
Herb,3466,1.000,0.000,0.100,0.120,0.030,0.050,0.030,0.500,0.010,0.010,0.800,0.200,0.350,0.100,1.000,0.100,0.200,0.040,1.000,0.500,0.800,0.300,0.400
Herb,3464,1.000,0.000,0.100,0.120,0.030,0.050,0.030,0.500,0.010,0.010,0.800,0.200,0.350,0.100,1.000,0.100,0.200,0.040,1.000,0.500,0.800,0.300,0.400
Herb,3463,1.000,0.000,0.100,0.120,0.030,0.050,0.030,0.500,0.010,0.010,0.800,0.200,0.350,0.100,1.000,0.100,0.200,0.040,1.000,0.500,0.800,0.300,0.400
Herb,3462,1.000,0.000,0.100,0.120,0.030,0.050,0.030,0.500,0.010,0.010,0.800,0.200,0.350,0.100,1.000,0.100,0.200,0.040,1.000,0.500,0.800,0.300,0.400
Herb,3461,1.000,0.000,0.100,0.120,0.030,0.050,0.030,0.500,0.010,0.010,0.800,0.200,0.350,0.100,1.000,0.100,0.200,0.040,1.000,0.500,0.800,0.300,0.400
Herb,3460,1.000,0.000,0.100,0.120,0.030,0.050,0.030,0.500,0.010,0.010,0.800,0.200,0.350,0.100,1.000,0.100,0.200,0.040,1.000,0.500,0.800,0.300,0.400
Herb,3459,1.000,0.000,0.100,0.120,0.030,0.050,0.030,0.500,0.010,0.010,0.800,0.200,0.350,0.100,1.000,0.100,0.200,0.040,1.000,0.500,0.800,0.300,0.400
Herb,3458,1.000,0.000,0.100,0.120,0.030,0.050,0.030,0.500,0.010,0.010,0.800,0.200,0.350,0.100,1.000,0.100,0.200,0.040,1.000,0.500,0.800,0.300,0.400
Herb,3457,1.000,0.000,0.100,0.120,0.030,0.050,0.030,0.500,0.010,0.010,0.800,0.200,0.350,0.100,1.000,0.100,0.200,0.040,1.000,0.500,0.800,0.300,0.400
Herb,3456,1.000,0.000,0.100,0.120,0.030,0.050,0.030,0.500,0.010,0.010,0.800,0.200,0.350,0.100,1.000,0.100,0.200,0.040,1.000,0.500,0.800,0.300,0.400
Herb,3455,1.000,0.000,0.100,0.120,0.030,0.050,0.030,0.500,0.010,0.010,0.800,0.200,0.350,0.100,1.000,0.100,0.200,0.040,1.000,0.500,0.800,0.300,0.400
Herb,3454,1.000,0.000,0.100,0.120,0.030,0.050,0.030,0.500,0.010,0.010,0.800,0.200,0.350,0.100,1.000,0.100,0.200,0.040,1.000,0.500,0.800,0.300,0.400
Herb,3453,1.000,0.000,0.100,0.120,0.030,0.050,0.030,0.500,0.010,0.010,0.800,0.200,0.350,0.100,1.000,0.100,0.200,0.040,1.000,0.500,0.800,0.300,0.400
Herb,3770,1.000,0.000,0.100,0.120,0.030,0.050,0.030,0.500,0.010,0.010,0.800,0.200,0.350,0.100,1.000,0.100,0.200,0.040,1.000,0.500,0.800,0.300,0.400
Herb,3451,1.000,0.000,0.100,0.120,0.030,0.050,0.030,0.500,0.010,0.010,0.800,0.200,0.350,0.100,1.000,0.100,0.200,0.040,1.000,0.500,0.800,0.300,0.400
Herb,3475,1.000,0.000,0.100,0.120,0.030,0.050,0.030,0.500,0.010,0.010,0.800,0.200,0.350,0.100,1.000,0.100,0.200,0.040,1.000,0.500,0.800,0.300,0.400
Herb,3509,1.000,0.000,0.100,0.120,0.030,0.050,0.030,0.500,0.010,0.010,0.800,0.200,0.350,0.100,1.000,0.100,0.200,0.040,1.000,0.500,0.800,0.300,0.400
Herb,3476,1.000,0.000,0.100,0.120,0.030,0.050,0.030,0.500,0.010,0.010,0.800,0.200,0.350,0.100,1.000,0.100,0.200,0.040,1.000,0.500,0.800,0.300,0.400
Herb,3478,1.000,0.000,0.100,0.120,0.030,0.050,0.030,0.500,0.010,0.010,0.800,0.200,0.350,0.100,1.000,0.100,0.200,0.040,1.000,0.500,0.800,0.300,0.400
Herb,3506,1.000,0.000,0.100,0.120,0.030,0.050,0.030,0.500,0.010,0.010,0.800,0.200,0.350,0.100,1.000,0.100,0.200,0.040,1.000,0.500,0.800,0.300,0.400
Herb,3504,1.000,0.000,0.100,0.120,0.030,0.050,0.030,0.500,0.010,0.010,0.800,0.200,0.350,0.100,1.000,0.100,0.200,0.040,1.000,0.500,0.800,0.300,0.400
Herb,3503,1.000,0.000,0.100,0.120,0.030,0.050,0.030,0.500,0.010,0.010,0.800,0.200,0.350,0.100,1.000,0.100,0.200,0.040,1.000,0.500,0.800,0.300,0.400
Herb,3502,1.000,0.000,0.100,0.120,0.030,0.050,0.030,0.500,0.010,0.010,0.800,0.200,0.350,0.100,1.000,0.100,0.200,0.040,1.000,0.500,0.800,0.300,0.400
Herb,3501,1.000,0.000,0.100,0.120,0.030,0.050,0.030,0.500,0.010,0.010,0.800,0.200,0.350,0.100,1.000,0.100,0.200,0.040,1.000,0.500,0.800,0.300,0.400
Herb,3499,1.000,0.000,0.100,0.120,0.030,0.050,0.030,0.500,0.010,0.010,0.800,0.200,0.350,0.100,1.000,0.100,0.200,0.040,1.000,0.500,0.800,0.300,0.400
Herb,3498,1.000,0.000,0.100,0.120,0.030,0.050,0.030,0.500,0.010,0.010,0.800,0.200,0.350,0.100,1.000,0.100,0.200,0.040,1.000,0.500,0.800,0.300,0.400
Herb,3497,1.000,0.000,0.100,0.120,0.030,0.050,0.030,0.500,0.010,0.010,0.800,0.200,0.350,0.100,1.000,0.100,0.200,0.040,1.000,0.500,0.800,0.300,0.400
Herb,3495,1.000,0.000,0.100,0.120,0.030,0.050,0.030,0.500,0.010,0.010,0.800,0.200,0.350,0.100,1.000,0.100,0.200,0.040,1.000,0.500,0.800,0.300,0.400
Herb,3494,1.000,0.000,0.100,0.120,0.030,0.050,0.030,0.500,0.010,0.010,0.800,0.200,0.350,0.100,1.000,0.100,0.200,0.040,1.000,0.500,0.800,0.300,0.400
Herb,3493,1.000,0.000,0.100,0.120,0.030,0.050,0.030,0.500,0.010,0.010,0.800,0.200,0.350,0.100,1.000,0.100,0.200,0.040,1.000,0.500,0.800,0.300,0.400
Herb,3492,1.000,0.000,0.100,0.120,0.030,0.050,0.030,0.500,0.010,0.010,0.800,0.200,0.350,0.100,1.000,0.100,0.200,0.040,1.000,0.500,0.800,0.300,0.400
Herb,3491,1.000,0.000,0.100,0.120,0.030,0.050,0.030,0.500,0.010,0.010,0.800,0.200,0.350,0.100,1.000,0.100,0.200,0.040,1.000,0.500,0.800,0.300,0.400
Herb,3490,1.000,0.000,0.100,0.120,0.030,0.050,0.030,0.500,0.010,0.010,0.800,0.200,0.350,0.100,1.000,0.100,0.200,0.040,1.000,0.500,0.800,0.300,0.400
Herb,3489,1.000,0.000,0.100,0.120,0.030,0.050,0.030,0.500,0.010,0.010,0.800,0.200,0.350,0.100,1.000,0.100,0.200,0.040,1.000,0.500,0.800,0.300,0.400
Herb,3488,1.000,0.000,0.100,0.120,0.030,0.050,0.030,0.500,0.010,0.010,0.800,0.200,0.350,0.100,1.000,0.100,0.200,0.040,1.000,0.500,0.800,0.300,0.400
Herb,3486,1.000,0.000,0.100,0.120,0.030,0.050,0.030,0.500,0.010,0.010,0.800,0.200,0.350,0.100,1.000,0.100,0.200,0.040,1.000,0.500,0.800,0.300,0.400
Herb,3485,1.000,0.000,0.100,0.120,0.030,0.050,0.030,0.500,0.010,0.010,0.800,0.200,0.350,0.100,1.000,0.100,0.200,0.040,1.000,0.500,0.800,0.300,0.400
Herb,3483,1.000,0.000,0.100,0.120,0.030,0.050,0.030,0.500,0.010,0.010,0.800,0.200,0.350,0.100,1.000,0.100,0.200,0.040,1.000,0.500,0.800,0.300,0.400
Herb,3482,1.000,0.000,0.100,0.120,0.030,0.050,0.030,0.500,0.010,0.010,0.800,0.200,0.350,0.100,1.000,0.100,0.200,0.040,1.000,0.500,0.800,0.300,0.400
Herb,3481,1.000,0.000,0.100,0.120,0.030,0.050,0.030,0.500,0.010,0.010,0.800,0.200,0.350,0.100,1.000,0.100,0.200,0.040,1.000,0.500,0.800,0.300,0.400
Herb,3480,1.000,0.000,0.100,0.120,0.030,0.050,0.030,0.500,0.010,0.010,0.800,0.200,0.350,0.100,1.000,0.100,0.200,0.040,1.000,0.500,0.800,0.300,0.400
Herb,3479,1.000,0.000,0.100,0.120,0.030,0.050,0.030,0.500,0.010,0.010,0.800,0.200,0.350,0.100,1.000,0.100,0.200,0.040,1.000,0.500,0.800,0.300,0.400
Herb,3477,1.000,0.000,0.100,0.120,0.030,0.050,0.030,0.500,0.010,0.010,0.800,0.200,0.350,0.100,1.000,0.100,0.200,0.040,1.000,0.500,0.800,0.300,0.400
Herb,3452,1.000,0.000,0.100,0.120,0.030,0.050,0.030,0.500,0.010,0.010,0.800,0.200,0.350,0.100,1.000,0.100,0.200,0.040,1.000,0.500,0.800,0.300,0.400
Herb,3513,1.000,0.000,0.100,0.120,0.030,0.050,0.030,0.500,0.010,0.010,0.800,0.200,0.350,0.100,1.000,0.100,0.200,0.040,1.000,0.500,0.800,0.300,0.400
Herb,3580,1.000,0.000,0.100,0.120,0.030,0.050,0.030,0.500,0.010,0.010,0.800,0.200,0.350,0.100,1.000,0.100,0.200,0.040,1.000,0.500,0.800,0.300,0.400
Herb,3741,1.000,0.000,0.100,0.120,0.030,0.050,0.030,0.500,0.010,0.010,0.800,0.200,0.350,0.100,1.000,0.100,0.200,0.040,1.000,0.500,0.800,0.300,0.400
Herb,3739,1.000,0.000,0.100,0.120,0.030,0.050,0.030,0.500,0.010,0.010,0.800,0.200,0.350,0.100,1.000,0.100,0.200,0.040,1.000,0.500,0.800,0.300,0.400
Herb,3738,1.000,0.000,0.100,0.120,0.030,0.050,0.030,0.500,0.010,0.010,0.800,0.200,0.350,0.100,1.000,0.100,0.200,0.040,1.000,0.500,0.800,0.300,0.400
Herb,3737,1.000,0.000,0.100,0.120,0.030,0.050,0.030,0.500,0.010,0.010,0.800,0.200,0.350,0.100,1.000,0.100,0.200,0.040,1.000,0.500,0.800,0.300,0.400
Herb,3736,1.000,0.000,0.100,0.120,0.030,0.050,0.030,0.500,0.010,0.010,0.800,0.200,0.350,0.100,1.000,0.100,0.200,0.040,1.000,0.500,0.800,0.300,0.400
Herb,3731,1.000,0.000,0.100,0.120,0.030,0.050,0.030,0.500,0.010,0.010,0.800,0.200,0.350,0.100,1.000,0.100,0.200,0.040,1.000,0.500,0.800,0.300,0.400
Herb,3730,1.000,0.000,0.100,0.120,0.030,0.050,0.030,0.500,0.010,0.010,0.800,0.200,0.350,0.100,1.000,0.100,0.200,0.040,1.000,0.500,0.800,0.300,0.400
Herb,3725,1.000,0.000,0.100,0.120,0.030,0.050,0.030,0.500,0.010,0.010,0.800,0.200,0.350,0.100,1.000,0.100,0.200,0.040,1.000,0.500,0.800,0.300,0.400
Herb,3720,1.000,0.000,0.100,0.120,0.030,0.050,0.030,0.500,0.010,0.010,0.800,0.200,0.350,0.100,1.000,0.100,0.200,0.040,1.000,0.500,0.800,0.300,0.400
Herb,3719,1.000,0.000,0.100,0.120,0.030,0.050,0.030,0.500,0.010,0.010,0.800,0.200,0.350,0.100,1.000,0.100,0.200,0.040,1.000,0.500,0.800,0.300,0.400
Herb,3718,1.000,0.000,0.100,0.120,0.030,0.050,0.030,0.500,0.010,0.010,0.800,0.200,0.350,0.100,1.000,0.100,0.200,0.040,1.000,0.500,0.800,0.300,0.400
Herb,3709,1.000,0.000,0.100,0.120,0.030,0.050,0.030,0.500,0.010,0.010,0.800,0.200,0.350,0.100,1.000,0.100,0.200,0.040,1.000,0.500,0.800,0.300,0.400
Herb,3699,1.000,0.000,0.100,0.120,0.030,0.050,0.030,0.500,0.010,0.010,0.800,0.200,0.350,0.100,1.000,0.100,0.200,0.040,1.000,0.500,0.800,0.300,0.400
Herb,3692,1.000,0.000,0.100,0.120,0.030,0.050,0.030,0.500,0.010,0.010,0.800,0.200,0.350,0.100,1.000,0.100,0.200,0.040,1.000,0.500,0.800,0.300,0.400
Herb,3691,1.000,0.000,0.100,0.120,0.030,0.050,0.030,0.500,0.010,0.010,0.800,0.200,0.350,0.100,1.000,0.100,0.200,0.040,1.000,0.500,0.800,0.300,0.400
Herb,3690,1.000,0.000,0.100,0.120,0.030,0.050,0.030,0.500,0.010,0.010,0.800,0.200,0.350,0.100,1.000,0.100,0.200,0.040,1.000,0.500,0.800,0.300,0.400
Herb,3689,1.000,0.000,0.100,0.120,0.030,0.050,0.030,0.500,0.010,0.010,0.800,0.200,0.350,0.100,1.000,0.100,0.200,0.040,1.000,0.500,0.800,0.300,0.400
Herb,3688,1.000,0.000,0.100,0.120,0.030,0.050,0.030,0.500,0.010,0.010,0.800,0.200,0.350,0.100,1.000,0.100,0.200,0.040,1.000,0.500,0.800,0.300,0.400
Herb,3687,1.000,0.000,0.100,0.120,0.030,0.050,0.030,0.500,0.010,0.010,0.800,0.200,0.350,0.100,1.000,0.100,0.200,0.040,1.000,0.500,0.800,0.300,0.400
Herb,3686,1.000,0.000,0.100,0.120,0.030,0.050,0.030,0.500,0.010,0.010,0.800,0.200,0.350,0.100,1.000,0.100,0.200,0.040,1.000,0.500,0.800,0.300,0.400
Herb,3685,1.000,0.000,0.100,0.120,0.030,0.050,0.030,0.500,0.010,0.010,0.800,0.200,0.350,0.100,1.000,0.100,0.200,0.040,1.000,0.500,0.800,0.300,0.400
Herb,3684,1.000,0.000,0.100,0.120,0.030,0.050,0.030,0.500,0.010,0.010,0.800,0.200,0.350,0.100,1.000,0.100,0.200,0.040,1.000,0.500,0.800,0.300,0.400
Herb,3683,1.000,0.000,0.100,0.120,0.030,0.050,0.030,0.500,0.010,0.010,0.800,0.200,0.350,0.100,1.000,0.100,0.200,0.040,1.000,0.500,0.800,0.300,0.400
Herb,3742,1.000,0.000,0.100,0.120,0.030,0.050,0.030,0.500,0.010,0.010,0.800,0.200,0.350,0.100,1.000,0.100,0.200,0.040,1.000,0.500,0.800,0.300,0.400
Herb,3682,1.000,0.000,0.100,0.120,0.030,0.050,0.030,0.500,0.010,0.010,0.800,0.200,0.350,0.100,1.000,0.100,0.200,0.040,1.000,0.500,0.800,0.300,0.400
Herb,3743,1.000,0.000,0.100,0.120,0.030,0.050,0.030,0.500,0.010,0.010,0.800,0.200,0.350,0.100,1.000,0.100,0.200,0.040,1.000,0.500,0.800,0.300,0.400
Herb,3745,1.000,0.000,0.100,0.120,0.030,0.050,0.030,0.500,0.010,0.010,0.800,0.200,0.350,0.100,1.000,0.100,0.200,0.040,1.000,0.500,0.800,0.300,0.400
Herb,3767,1.000,0.000,0.100,0.120,0.030,0.050,0.030,0.500,0.010,0.010,0.800,0.200,0.350,0.100,1.000,0.100,0.200,0.040,1.000,0.500,0.800,0.300,0.400
Herb,3579,1.000,0.000,0.100,0.120,0.030,0.050,0.030,0.500,0.010,0.010,0.800,0.200,0.350,0.100,1.000,0.100,0.200,0.040,1.000,0.500,0.800,0.300,0.400
Herb,3766,1.000,0.000,0.100,0.120,0.030,0.050,0.030,0.500,0.010,0.010,0.800,0.200,0.350,0.100,1.000,0.100,0.200,0.040,1.000,0.500,0.800,0.300,0.400
Herb,3765,1.000,0.000,0.100,0.120,0.030,0.050,0.030,0.500,0.010,0.010,0.800,0.200,0.350,0.100,1.000,0.100,0.200,0.040,1.000,0.500,0.800,0.300,0.400
Herb,3764,1.000,0.000,0.100,0.120,0.030,0.050,0.030,0.500,0.010,0.010,0.800,0.200,0.350,0.100,1.000,0.100,0.200,0.040,1.000,0.500,0.800,0.300,0.400
Herb,3763,1.000,0.000,0.100,0.120,0.030,0.050,0.030,0.500,0.010,0.010,0.800,0.200,0.350,0.100,1.000,0.100,0.200,0.040,1.000,0.500,0.800,0.300,0.400
Herb,3762,1.000,0.000,0.100,0.120,0.030,0.050,0.030,0.500,0.010,0.010,0.800,0.200,0.350,0.100,1.000,0.100,0.200,0.040,1.000,0.500,0.800,0.300,0.400
Herb,3761,1.000,0.000,0.100,0.120,0.030,0.050,0.030,0.500,0.010,0.010,0.800,0.200,0.350,0.100,1.000,0.100,0.200,0.040,1.000,0.500,0.800,0.300,0.400
Herb,3760,1.000,0.000,0.100,0.120,0.030,0.050,0.030,0.500,0.010,0.010,0.800,0.200,0.350,0.100,1.000,0.100,0.200,0.040,1.000,0.500,0.800,0.300,0.400
Herb,3759,1.000,0.000,0.100,0.120,0.030,0.050,0.030,0.500,0.010,0.010,0.800,0.200,0.350,0.100,1.000,0.100,0.200,0.040,1.000,0.500,0.800,0.300,0.400
Herb,3758,1.000,0.000,0.100,0.120,0.030,0.050,0.030,0.500,0.010,0.010,0.800,0.200,0.350,0.100,1.000,0.100,0.200,0.040,1.000,0.500,0.800,0.300,0.400
Herb,3757,1.000,0.000,0.100,0.120,0.030,0.050,0.030,0.500,0.010,0.010,0.800,0.200,0.350,0.100,1.000,0.100,0.200,0.040,1.000,0.500,0.800,0.300,0.400
Herb,3756,1.000,0.000,0.100,0.120,0.030,0.050,0.030,0.500,0.010,0.010,0.800,0.200,0.350,0.100,1.000,0.100,0.200,0.040,1.000,0.500,0.800,0.300,0.400
Herb,3755,1.000,0.000,0.100,0.120,0.030,0.050,0.030,0.500,0.010,0.010,0.800,0.200,0.350,0.100,1.000,0.100,0.200,0.040,1.000,0.500,0.800,0.300,0.400
Herb,3754,1.000,0.000,0.100,0.120,0.030,0.050,0.030,0.500,0.010,0.010,0.800,0.200,0.350,0.100,1.000,0.100,0.200,0.040,1.000,0.500,0.800,0.300,0.400
Herb,3753,1.000,0.000,0.100,0.120,0.030,0.050,0.030,0.500,0.010,0.010,0.800,0.200,0.350,0.100,1.000,0.100,0.200,0.040,1.000,0.500,0.800,0.300,0.400
Herb,3752,1.000,0.000,0.100,0.120,0.030,0.050,0.030,0.500,0.010,0.010,0.800,0.200,0.350,0.100,1.000,0.100,0.200,0.040,1.000,0.500,0.800,0.300,0.400
Herb,3751,1.000,0.000,0.100,0.120,0.030,0.050,0.030,0.500,0.010,0.010,0.800,0.200,0.350,0.100,1.000,0.100,0.200,0.040,1.000,0.500,0.800,0.300,0.400
Herb,3750,1.000,0.000,0.100,0.120,0.030,0.050,0.030,0.500,0.010,0.010,0.800,0.200,0.350,0.100,1.000,0.100,0.200,0.040,1.000,0.500,0.800,0.300,0.400
Herb,3749,1.000,0.000,0.100,0.120,0.030,0.050,0.030,0.500,0.010,0.010,0.800,0.200,0.350,0.100,1.000,0.100,0.200,0.040,1.000,0.500,0.800,0.300,0.400
Herb,3748,1.000,0.000,0.100,0.120,0.030,0.050,0.030,0.500,0.010,0.010,0.800,0.200,0.350,0.100,1.000,0.100,0.200,0.040,1.000,0.500,0.800,0.300,0.400
Herb,3747,1.000,0.000,0.100,0.120,0.030,0.050,0.030,0.500,0.010,0.010,0.800,0.200,0.350,0.100,1.000,0.100,0.200,0.040,1.000,0.500,0.800,0.300,0.400
Herb,3746,1.000,0.000,0.100,0.120,0.030,0.050,0.030,0.500,0.010,0.010,0.800,0.200,0.350,0.100,1.000,0.100,0.200,0.040,1.000,0.500,0.800,0.300,0.400
Herb,3744,1.000,0.000,0.100,0.120,0.030,0.050,0.030,0.500,0.010,0.010,0.800,0.200,0.350,0.100,1.000,0.100,0.200,0.040,1.000,0.500,0.800,0.300,0.400
Herb,3680,1.000,0.000,0.100,0.120,0.030,0.050,0.030,0.500,0.010,0.010,0.800,0.200,0.350,0.100,1.000,0.100,0.200,0.040,1.000,0.500,0.800,0.300,0.400
Herb,3740,1.000,0.000,0.100,0.120,0.030,0.050,0.030,0.500,0.010,0.010,0.800,0.200,0.350,0.100,1.000,0.100,0.200,0.040,1.000,0.500,0.800,0.300,0.400
Herb,3678,1.000,0.000,0.100,0.120,0.030,0.050,0.030,0.500,0.010,0.010,0.800,0.200,0.350,0.100,1.000,0.100,0.200,0.040,1.000,0.500,0.800,0.300,0.400
Herb,3612,1.000,0.000,0.100,0.120,0.030,0.050,0.030,0.500,0.010,0.010,0.800,0.200,0.350,0.100,1.000,0.100,0.200,0.040,1.000,0.500,0.800,0.300,0.400
Herb,3611,1.000,0.000,0.100,0.120,0.030,0.050,0.030,0.500,0.010,0.010,0.800,0.200,0.350,0.100,1.000,0.100,0.200,0.040,1.000,0.500,0.800,0.300,0.400
Herb,3610,1.000,0.000,0.100,0.120,0.030,0.050,0.030,0.500,0.010,0.010,0.800,0.200,0.350,0.100,1.000,0.100,0.200,0.040,1.000,0.500,0.800,0.300,0.400
Herb,3609,1.000,0.000,0.100,0.120,0.030,0.050,0.030,0.500,0.010,0.010,0.800,0.200,0.350,0.100,1.000,0.100,0.200,0.040,1.000,0.500,0.800,0.300,0.400
Herb,3608,1.000,0.000,0.100,0.120,0.030,0.050,0.030,0.500,0.010,0.010,0.800,0.200,0.350,0.100,1.000,0.100,0.200,0.040,1.000,0.500,0.800,0.300,0.400
Herb,3607,1.000,0.000,0.100,0.120,0.030,0.050,0.030,0.500,0.010,0.010,0.800,0.200,0.350,0.100,1.000,0.100,0.200,0.040,1.000,0.500,0.800,0.300,0.400
Herb,3606,1.000,0.000,0.100,0.120,0.030,0.050,0.030,0.500,0.010,0.010,0.800,0.200,0.350,0.100,1.000,0.100,0.200,0.040,1.000,0.500,0.800,0.300,0.400
Herb,3605,1.000,0.000,0.100,0.120,0.030,0.050,0.030,0.500,0.010,0.010,0.800,0.200,0.350,0.100,1.000,0.100,0.200,0.040,1.000,0.500,0.800,0.300,0.400
Herb,3604,1.000,0.000,0.100,0.120,0.030,0.050,0.030,0.500,0.010,0.010,0.800,0.200,0.350,0.100,1.000,0.100,0.200,0.040,1.000,0.500,0.800,0.300,0.400
Herb,3603,1.000,0.000,0.100,0.120,0.030,0.050,0.030,0.500,0.010,0.010,0.800,0.200,0.350,0.100,1.000,0.100,0.200,0.040,1.000,0.500,0.800,0.300,0.400
Herb,3602,1.000,0.000,0.100,0.120,0.030,0.050,0.030,0.500,0.010,0.010,0.800,0.200,0.350,0.100,1.000,0.100,0.200,0.040,1.000,0.500,0.800,0.300,0.400
Herb,3631,1.000,0.000,0.100,0.120,0.030,0.050,0.030,0.500,0.010,0.010,0.800,0.200,0.350,0.100,1.000,0.100,0.200,0.040,1.000,0.500,0.800,0.300,0.400
Herb,3601,1.000,0.000,0.100,0.120,0.030,0.050,0.030,0.500,0.010,0.010,0.800,0.200,0.350,0.100,1.000,0.100,0.200,0.040,1.000,0.500,0.800,0.300,0.400
Herb,3591,1.000,0.000,0.100,0.120,0.030,0.050,0.030,0.500,0.010,0.010,0.800,0.200,0.350,0.100,1.000,0.100,0.200,0.040,1.000,0.500,0.800,0.300,0.400
Herb,3590,1.000,0.000,0.100,0.120,0.030,0.050,0.030,0.500,0.010,0.010,0.800,0.200,0.350,0.100,1.000,0.100,0.200,0.040,1.000,0.500,0.800,0.300,0.400
Herb,3589,1.000,0.000,0.100,0.120,0.030,0.050,0.030,0.500,0.010,0.010,0.800,0.200,0.350,0.100,1.000,0.100,0.200,0.040,1.000,0.500,0.800,0.300,0.400
Herb,3588,1.000,0.000,0.100,0.120,0.030,0.050,0.030,0.500,0.010,0.010,0.800,0.200,0.350,0.100,1.000,0.100,0.200,0.040,1.000,0.500,0.800,0.300,0.400
Herb,3587,1.000,0.000,0.100,0.120,0.030,0.050,0.030,0.500,0.010,0.010,0.800,0.200,0.350,0.100,1.000,0.100,0.200,0.040,1.000,0.500,0.800,0.300,0.400
Herb,3586,1.000,0.000,0.100,0.120,0.030,0.050,0.030,0.500,0.010,0.010,0.800,0.200,0.350,0.100,1.000,0.100,0.200,0.040,1.000,0.500,0.800,0.300,0.400
Herb,3585,1.000,0.000,0.100,0.120,0.030,0.050,0.030,0.500,0.010,0.010,0.800,0.200,0.350,0.100,1.000,0.100,0.200,0.040,1.000,0.500,0.800,0.300,0.400
Herb,3584,1.000,0.000,0.100,0.120,0.030,0.050,0.030,0.500,0.010,0.010,0.800,0.200,0.350,0.100,1.000,0.100,0.200,0.040,1.000,0.500,0.800,0.300,0.400
Herb,3583,1.000,0.000,0.100,0.120,0.030,0.050,0.030,0.500,0.010,0.010,0.800,0.200,0.350,0.100,1.000,0.100,0.200,0.040,1.000,0.500,0.800,0.300,0.400
Herb,3679,1.000,0.000,0.100,0.120,0.030,0.050,0.030,0.500,0.010,0.010,0.800,0.200,0.350,0.100,1.000,0.100,0.200,0.040,1.000,0.500,0.800,0.300,0.400
Herb,3581,1.000,0.000,0.100,0.120,0.030,0.050,0.030,0.500,0.010,0.010,0.800,0.200,0.350,0.100,1.000,0.100,0.200,0.040,1.000,0.500,0.800,0.300,0.400
Herb,3600,1.000,0.000,0.100,0.120,0.030,0.050,0.030,0.500,0.010,0.010,0.800,0.200,0.350,0.100,1.000,0.100,0.200,0.040,1.000,0.500,0.800,0.300,0.400
Herb,3633,1.000,0.000,0.100,0.120,0.030,0.050,0.030,0.500,0.010,0.010,0.800,0.200,0.350,0.100,1.000,0.100,0.200,0.040,1.000,0.500,0.800,0.300,0.400
Herb,3582,1.000,0.000,0.100,0.120,0.030,0.050,0.030,0.500,0.010,0.010,0.800,0.200,0.350,0.100,1.000,0.100,0.200,0.040,1.000,0.500,0.800,0.300,0.400
Herb,3635,1.000,0.000,0.100,0.120,0.030,0.050,0.030,0.500,0.010,0.010,0.800,0.200,0.350,0.100,1.000,0.100,0.200,0.040,1.000,0.500,0.800,0.300,0.400
Herb,3634,1.000,0.000,0.100,0.120,0.030,0.050,0.030,0.500,0.010,0.010,0.800,0.200,0.350,0.100,1.000,0.100,0.200,0.040,1.000,0.500,0.800,0.300,0.400
Herb,3677,1.000,0.000,0.100,0.120,0.030,0.050,0.030,0.500,0.010,0.010,0.800,0.200,0.350,0.100,1.000,0.100,0.200,0.040,1.000,0.500,0.800,0.300,0.400
Herb,3675,1.000,0.000,0.100,0.120,0.030,0.050,0.030,0.500,0.010,0.010,0.800,0.200,0.350,0.100,1.000,0.100,0.200,0.040,1.000,0.500,0.800,0.300,0.400
Herb,3674,1.000,0.000,0.100,0.120,0.030,0.050,0.030,0.500,0.010,0.010,0.800,0.200,0.350,0.100,1.000,0.100,0.200,0.040,1.000,0.500,0.800,0.300,0.400
Herb,3672,1.000,0.000,0.100,0.120,0.030,0.050,0.030,0.500,0.010,0.010,0.800,0.200,0.350,0.100,1.000,0.100,0.200,0.040,1.000,0.500,0.800,0.300,0.400
Herb,3671,1.000,0.000,0.100,0.120,0.030,0.050,0.030,0.500,0.010,0.010,0.800,0.200,0.350,0.100,1.000,0.100,0.200,0.040,1.000,0.500,0.800,0.300,0.400
Herb,3654,1.000,0.000,0.100,0.120,0.030,0.050,0.030,0.500,0.010,0.010,0.800,0.200,0.350,0.100,1.000,0.100,0.200,0.040,1.000,0.500,0.800,0.300,0.400
Herb,3653,1.000,0.000,0.100,0.120,0.030,0.050,0.030,0.500,0.010,0.010,0.800,0.200,0.350,0.100,1.000,0.100,0.200,0.040,1.000,0.500,0.800,0.300,0.400
Herb,3652,1.000,0.000,0.100,0.120,0.030,0.050,0.030,0.500,0.010,0.010,0.800,0.200,0.350,0.100,1.000,0.100,0.200,0.040,1.000,0.500,0.800,0.300,0.400
Herb,3651,1.000,0.000,0.100,0.120,0.030,0.050,0.030,0.500,0.010,0.010,0.800,0.200,0.350,0.100,1.000,0.100,0.200,0.040,1.000,0.500,0.800,0.300,0.400
Herb,3650,1.000,0.000,0.100,0.120,0.030,0.050,0.030,0.500,0.010,0.010,0.800,0.200,0.350,0.100,1.000,0.100,0.200,0.040,1.000,0.500,0.800,0.300,0.400
Herb,3649,1.000,0.000,0.100,0.120,0.030,0.050,0.030,0.500,0.010,0.010,0.800,0.200,0.350,0.100,1.000,0.100,0.200,0.040,1.000,0.500,0.800,0.300,0.400
Herb,3768,1.000,0.000,0.100,0.120,0.030,0.050,0.030,0.500,0.010,0.010,0.800,0.200,0.350,0.100,1.000,0.100,0.200,0.040,1.000,0.500,0.800,0.300,0.400
Herb,3646,1.000,0.000,0.100,0.120,0.030,0.050,0.030,0.500,0.010,0.010,0.800,0.200,0.350,0.100,1.000,0.100,0.200,0.040,1.000,0.500,0.800,0.300,0.400
Herb,3645,1.000,0.000,0.100,0.120,0.030,0.050,0.030,0.500,0.010,0.010,0.800,0.200,0.350,0.100,1.000,0.100,0.200,0.040,1.000,0.500,0.800,0.300,0.400
Herb,3644,1.000,0.000,0.100,0.120,0.030,0.050,0.030,0.500,0.010,0.010,0.800,0.200,0.350,0.100,1.000,0.100,0.200,0.040,1.000,0.500,0.800,0.300,0.400
Herb,3643,1.000,0.000,0.100,0.120,0.030,0.050,0.030,0.500,0.010,0.010,0.800,0.200,0.350,0.100,1.000,0.100,0.200,0.040,1.000,0.500,0.800,0.300,0.400
Herb,3642,1.000,0.000,0.100,0.120,0.030,0.050,0.030,0.500,0.010,0.010,0.800,0.200,0.350,0.100,1.000,0.100,0.200,0.040,1.000,0.500,0.800,0.300,0.400
Herb,3641,1.000,0.000,0.100,0.120,0.030,0.050,0.030,0.500,0.010,0.010,0.800,0.200,0.350,0.100,1.000,0.100,0.200,0.040,1.000,0.500,0.800,0.300,0.400
Herb,3640,1.000,0.000,0.100,0.120,0.030,0.050,0.030,0.500,0.010,0.010,0.800,0.200,0.350,0.100,1.000,0.100,0.200,0.040,1.000,0.500,0.800,0.300,0.400
Herb,3639,1.000,0.000,0.100,0.120,0.030,0.050,0.030,0.500,0.010,0.010,0.800,0.200,0.350,0.100,1.000,0.100,0.200,0.040,1.000,0.500,0.800,0.300,0.400
Herb,3638,1.000,0.000,0.100,0.120,0.030,0.050,0.030,0.500,0.010,0.010,0.800,0.200,0.350,0.100,1.000,0.100,0.200,0.040,1.000,0.500,0.800,0.300,0.400
Herb,3636,1.000,0.000,0.100,0.120,0.030,0.050,0.030,0.500,0.010,0.010,0.800,0.200,0.350,0.100,1.000,0.100,0.200,0.040,1.000,0.500,0.800,0.300,0.400
Herb,3648,1.000,0.000,0.100,0.120,0.030,0.050,0.030,0.500,0.010,0.010,0.800,0.200,0.350,0.100,1.000,0.100,0.200,0.040,1.000,0.500,0.800,0.300,0.400
Shrub,5291,4.000,0.000,0.400,0.350,0.120,0.200,0.030,0.050,0.060,0.040,1.600,0.400,0.700,0.400,1.200,0.100,0.200,0.040,1.000,0.500,0.800,0.300,0.400
Shrub,5292,4.000,0.000,0.400,0.350,0.120,0.200,0.030,0.050,0.060,0.040,1.600,0.400,0.700,0.400,1.200,0.100,0.200,0.040,1.000,0.500,0.800,0.300,0.400
Shrub,5293,4.000,0.000,0.400,0.350,0.120,0.200,0.030,0.050,0.060,0.040,1.600,0.400,0.700,0.400,1.200,0.100,0.200,0.040,1.000,0.500,0.800,0.300,0.400
Shrub,5294,4.000,0.000,0.400,0.350,0.120,0.200,0.030,0.050,0.060,0.040,1.600,0.400,0.700,0.400,1.200,0.100,0.200,0.040,1.000,0.500,0.800,0.300,0.400
Shrub,5299,4.000,0.000,0.400,0.350,0.120,0.200,0.030,0.050,0.060,0.040,1.600,0.400,0.700,0.400,1.200,0.100,0.200,0.040,1.000,0.500,0.800,0.300,0.400
Shrub,5296,4.000,0.000,0.400,0.350,0.120,0.200,0.030,0.050,0.060,0.040,1.600,0.400,0.700,0.400,1.200,0.100,0.200,0.040,1.000,0.500,0.800,0.300,0.400
Shrub,5297,4.000,0.000,0.400,0.350,0.120,0.200,0.030,0.050,0.060,0.040,1.600,0.400,0.700,0.400,1.200,0.100,0.200,0.040,1.000,0.500,0.800,0.300,0.400
Shrub,5298,4.000,0.000,0.400,0.350,0.120,0.200,0.030,0.050,0.060,0.040,1.600,0.400,0.700,0.400,1.200,0.100,0.200,0.040,1.000,0.500,0.800,0.300,0.400
Shrub,5278,4.000,0.000,0.400,0.350,0.120,0.200,0.030,0.050,0.060,0.040,1.600,0.400,0.700,0.400,1.200,0.100,0.200,0.040,1.000,0.500,0.800,0.300,0.400
Shrub,5295,4.000,0.000,0.400,0.350,0.120,0.200,0.030,0.050,0.060,0.040,1.600,0.400,0.700,0.400,1.200,0.100,0.200,0.040,1.000,0.500,0.800,0.300,0.400
Shrub,5290,4.000,0.000,0.400,0.350,0.120,0.200,0.030,0.050,0.060,0.040,1.600,0.400,0.700,0.400,1.200,0.100,0.200,0.040,1.000,0.500,0.800,0.300,0.400
Shrub,5285,4.000,0.000,0.400,0.350,0.120,0.200,0.030,0.050,0.060,0.040,1.600,0.400,0.700,0.400,1.200,0.100,0.200,0.040,1.000,0.500,0.800,0.300,0.400
Shrub,5288,4.000,0.000,0.400,0.350,0.120,0.200,0.030,0.050,0.060,0.040,1.600,0.400,0.700,0.400,1.200,0.100,0.200,0.040,1.000,0.500,0.800,0.300,0.400
Shrub,5287,4.000,0.000,0.400,0.350,0.120,0.200,0.030,0.050,0.060,0.040,1.600,0.400,0.700,0.400,1.200,0.100,0.200,0.040,1.000,0.500,0.800,0.300,0.400
Shrub,5286,4.000,0.000,0.400,0.350,0.120,0.200,0.030,0.050,0.060,0.040,1.600,0.400,0.700,0.400,1.200,0.100,0.200,0.040,1.000,0.500,0.800,0.300,0.400
Shrub,5284,4.000,0.000,0.400,0.350,0.120,0.200,0.030,0.050,0.060,0.040,1.600,0.400,0.700,0.400,1.200,0.100,0.200,0.040,1.000,0.500,0.800,0.300,0.400
Shrub,5283,4.000,0.000,0.400,0.350,0.120,0.200,0.030,0.050,0.060,0.040,1.600,0.400,0.700,0.400,1.200,0.100,0.200,0.040,1.000,0.500,0.800,0.300,0.400
Shrub,5282,4.000,0.000,0.400,0.350,0.120,0.200,0.030,0.050,0.060,0.040,1.600,0.400,0.700,0.400,1.200,0.100,0.200,0.040,1.000,0.500,0.800,0.300,0.400
Shrub,5281,4.000,0.000,0.400,0.350,0.120,0.200,0.030,0.050,0.060,0.040,1.600,0.400,0.700,0.400,1.200,0.100,0.200,0.040,1.000,0.500,0.800,0.300,0.400
Shrub,5280,4.000,0.000,0.400,0.350,0.120,0.200,0.030,0.050,0.060,0.040,1.600,0.400,0.700,0.400,1.200,0.100,0.200,0.040,1.000,0.500,0.800,0.300,0.400
Shrub,5279,4.000,0.000,0.400,0.350,0.120,0.200,0.030,0.050,0.060,0.040,1.600,0.400,0.700,0.400,1.200,0.100,0.200,0.040,1.000,0.500,0.800,0.300,0.400
Shrub,5300,4.000,0.000,0.400,0.350,0.120,0.200,0.030,0.050,0.060,0.040,1.600,0.400,0.700,0.400,1.200,0.100,0.200,0.040,1.000,0.500,0.800,0.300,0.400
Shrub,5289,4.000,0.000,0.400,0.350,0.120,0.200,0.030,0.050,0.060,0.040,1.600,0.400,0.700,0.400,1.200,0.100,0.200,0.040,1.000,0.500,0.800,0.300,0.400
Shrub,5301,4.000,0.000,0.400,0.350,0.120,0.200,0.030,0.050,0.060,0.040,1.600,0.400,0.700,0.400,1.200,0.100,0.200,0.040,1.000,0.500,0.800,0.300,0.400
Shrub,5313,4.000,0.000,0.400,0.350,0.120,0.200,0.030,0.050,0.060,0.040,1.600,0.400,0.700,0.400,1.200,0.100,0.200,0.040,1.000,0.500,0.800,0.300,0.400
Shrub,5303,4.000,0.000,0.400,0.350,0.120,0.200,0.030,0.050,0.060,0.040,1.600,0.400,0.700,0.400,1.200,0.100,0.200,0.040,1.000,0.500,0.800,0.300,0.400
Shrub,5277,4.000,0.000,0.400,0.350,0.120,0.200,0.030,0.050,0.060,0.040,1.600,0.400,0.700,0.400,1.200,0.100,0.200,0.040,1.000,0.500,0.800,0.300,0.400
Shrub,5325,4.000,0.000,0.400,0.350,0.120,0.200,0.030,0.050,0.060,0.040,1.600,0.400,0.700,0.400,1.200,0.100,0.200,0.040,1.000,0.500,0.800,0.300,0.400
Shrub,5324,4.000,0.000,0.400,0.350,0.120,0.200,0.030,0.050,0.060,0.040,1.600,0.400,0.700,0.400,1.200,0.100,0.200,0.040,1.000,0.500,0.800,0.300,0.400
Shrub,5323,4.000,0.000,0.400,0.350,0.120,0.200,0.030,0.050,0.060,0.040,1.600,0.400,0.700,0.400,1.200,0.100,0.200,0.040,1.000,0.500,0.800,0.300,0.400
Shrub,5322,4.000,0.000,0.400,0.350,0.120,0.200,0.030,0.050,0.060,0.040,1.600,0.400,0.700,0.400,1.200,0.100,0.200,0.040,1.000,0.500,0.800,0.300,0.400
Shrub,5321,4.000,0.000,0.400,0.350,0.120,0.200,0.030,0.050,0.060,0.040,1.600,0.400,0.700,0.400,1.200,0.100,0.200,0.040,1.000,0.500,0.800,0.300,0.400
Shrub,5320,4.000,0.000,0.400,0.350,0.120,0.200,0.030,0.050,0.060,0.040,1.600,0.400,0.700,0.400,1.200,0.100,0.200,0.040,1.000,0.500,0.800,0.300,0.400
Shrub,5319,4.000,0.000,0.400,0.350,0.120,0.200,0.030,0.050,0.060,0.040,1.600,0.400,0.700,0.400,1.200,0.100,0.200,0.040,1.000,0.500,0.800,0.300,0.400
Shrub,5318,4.000,0.000,0.400,0.350,0.120,0.200,0.030,0.050,0.060,0.040,1.600,0.400,0.700,0.400,1.200,0.100,0.200,0.040,1.000,0.500,0.800,0.300,0.400
Shrub,5317,4.000,0.000,0.400,0.350,0.120,0.200,0.030,0.050,0.060,0.040,1.600,0.400,0.700,0.400,1.200,0.100,0.200,0.040,1.000,0.500,0.800,0.300,0.400
Shrub,5302,4.000,0.000,0.400,0.350,0.120,0.200,0.030,0.050,0.060,0.040,1.600,0.400,0.700,0.400,1.200,0.100,0.200,0.040,1.000,0.500,0.800,0.300,0.400
Shrub,5316,4.000,0.000,0.400,0.350,0.120,0.200,0.030,0.050,0.060,0.040,1.600,0.400,0.700,0.400,1.200,0.100,0.200,0.040,1.000,0.500,0.800,0.300,0.400
Shrub,5314,4.000,0.000,0.400,0.350,0.120,0.200,0.030,0.050,0.060,0.040,1.600,0.400,0.700,0.400,1.200,0.100,0.200,0.040,1.000,0.500,0.800,0.300,0.400
Shrub,5312,4.000,0.000,0.400,0.350,0.120,0.200,0.030,0.050,0.060,0.040,1.600,0.400,0.700,0.400,1.200,0.100,0.200,0.040,1.000,0.500,0.800,0.300,0.400
Shrub,5311,4.000,0.000,0.400,0.350,0.120,0.200,0.030,0.050,0.060,0.040,1.600,0.400,0.700,0.400,1.200,0.100,0.200,0.040,1.000,0.500,0.800,0.300,0.400
Shrub,5310,4.000,0.000,0.400,0.350,0.120,0.200,0.030,0.050,0.060,0.040,1.600,0.400,0.700,0.400,1.200,0.100,0.200,0.040,1.000,0.500,0.800,0.300,0.400
Shrub,5309,4.000,0.000,0.400,0.350,0.120,0.200,0.030,0.050,0.060,0.040,1.600,0.400,0.700,0.400,1.200,0.100,0.200,0.040,1.000,0.500,0.800,0.300,0.400
Shrub,5308,4.000,0.000,0.400,0.350,0.120,0.200,0.030,0.050,0.060,0.040,1.600,0.400,0.700,0.400,1.200,0.100,0.200,0.040,1.000,0.500,0.800,0.300,0.400
Shrub,5307,4.000,0.000,0.400,0.350,0.120,0.200,0.030,0.050,0.060,0.040,1.600,0.400,0.700,0.400,1.200,0.100,0.200,0.040,1.000,0.500,0.800,0.300,0.400
Shrub,5306,4.000,0.000,0.400,0.350,0.120,0.200,0.030,0.050,0.060,0.040,1.600,0.400,0.700,0.400,1.200,0.100,0.200,0.040,1.000,0.500,0.800,0.300,0.400
Shrub,5305,4.000,0.000,0.400,0.350,0.120,0.200,0.030,0.050,0.060,0.040,1.600,0.400,0.700,0.400,1.200,0.100,0.200,0.040,1.000,0.500,0.800,0.300,0.400
Shrub,5304,4.000,0.000,0.400,0.350,0.120,0.200,0.030,0.050,0.060,0.040,1.600,0.400,0.700,0.400,1.200,0.100,0.200,0.040,1.000,0.500,0.800,0.300,0.400
Shrub,5315,4.000,0.000,0.400,0.350,0.120,0.200,0.030,0.050,0.060,0.040,1.600,0.400,0.700,0.400,1.200,0.100,0.200,0.040,1.000,0.500,0.800,0.300,0.400
Shrub,5276,4.000,0.000,0.400,0.350,0.120,0.200,0.030,0.050,0.060,0.040,1.600,0.400,0.700,0.400,1.200,0.100,0.200,0.040,1.000,0.500,0.800,0.300,0.400
Shrub,5224,4.000,0.000,0.400,0.350,0.120,0.200,0.030,0.050,0.060,0.040,1.600,0.400,0.700,0.400,1.200,0.100,0.200,0.040,1.000,0.500,0.800,0.300,0.400
Shrub,5274,4.000,0.000,0.400,0.350,0.120,0.200,0.030,0.050,0.060,0.040,1.600,0.400,0.700,0.400,1.200,0.100,0.200,0.040,1.000,0.500,0.800,0.300,0.400
Shrub,5246,4.000,0.000,0.400,0.350,0.120,0.200,0.030,0.050,0.060,0.040,1.600,0.400,0.700,0.400,1.200,0.100,0.200,0.040,1.000,0.500,0.800,0.300,0.400
Shrub,5245,4.000,0.000,0.400,0.350,0.120,0.200,0.030,0.050,0.060,0.040,1.600,0.400,0.700,0.400,1.200,0.100,0.200,0.040,1.000,0.500,0.800,0.300,0.400
Shrub,5244,4.000,0.000,0.400,0.350,0.120,0.200,0.030,0.050,0.060,0.040,1.600,0.400,0.700,0.400,1.200,0.100,0.200,0.040,1.000,0.500,0.800,0.300,0.400
Shrub,5243,4.000,0.000,0.400,0.350,0.120,0.200,0.030,0.050,0.060,0.040,1.600,0.400,0.700,0.400,1.200,0.100,0.200,0.040,1.000,0.500,0.800,0.300,0.400
Shrub,5242,4.000,0.000,0.400,0.350,0.120,0.200,0.030,0.050,0.060,0.040,1.600,0.400,0.700,0.400,1.200,0.100,0.200,0.040,1.000,0.500,0.800,0.300,0.400
Shrub,5241,4.000,0.000,0.400,0.350,0.120,0.200,0.030,0.050,0.060,0.040,1.600,0.400,0.700,0.400,1.200,0.100,0.200,0.040,1.000,0.500,0.800,0.300,0.400
Shrub,5240,4.000,0.000,0.400,0.350,0.120,0.200,0.030,0.050,0.060,0.040,1.600,0.400,0.700,0.400,1.200,0.100,0.200,0.040,1.000,0.500,0.800,0.300,0.400
Shrub,5239,4.000,0.000,0.400,0.350,0.120,0.200,0.030,0.050,0.060,0.040,1.600,0.400,0.700,0.400,1.200,0.100,0.200,0.040,1.000,0.500,0.800,0.300,0.400
Shrub,5238,4.000,0.000,0.400,0.350,0.120,0.200,0.030,0.050,0.060,0.040,1.600,0.400,0.700,0.400,1.200,0.100,0.200,0.040,1.000,0.500,0.800,0.300,0.400
Shrub,5237,4.000,0.000,0.400,0.350,0.120,0.200,0.030,0.050,0.060,0.040,1.600,0.400,0.700,0.400,1.200,0.100,0.200,0.040,1.000,0.500,0.800,0.300,0.400
Shrub,5236,4.000,0.000,0.400,0.350,0.120,0.200,0.030,0.050,0.060,0.040,1.600,0.400,0.700,0.400,1.200,0.100,0.200,0.040,1.000,0.500,0.800,0.300,0.400
Shrub,5235,4.000,0.000,0.400,0.350,0.120,0.200,0.030,0.050,0.060,0.040,1.600,0.400,0.700,0.400,1.200,0.100,0.200,0.040,1.000,0.500,0.800,0.300,0.400
Shrub,5234,4.000,0.000,0.400,0.350,0.120,0.200,0.030,0.050,0.060,0.040,1.600,0.400,0.700,0.400,1.200,0.100,0.200,0.040,1.000,0.500,0.800,0.300,0.400
Shrub,5233,4.000,0.000,0.400,0.350,0.120,0.200,0.030,0.050,0.060,0.040,1.600,0.400,0.700,0.400,1.200,0.100,0.200,0.040,1.000,0.500,0.800,0.300,0.400
Shrub,5232,4.000,0.000,0.400,0.350,0.120,0.200,0.030,0.050,0.060,0.040,1.600,0.400,0.700,0.400,1.200,0.100,0.200,0.040,1.000,0.500,0.800,0.300,0.400
Shrub,5231,4.000,0.000,0.400,0.350,0.120,0.200,0.030,0.050,0.060,0.040,1.600,0.400,0.700,0.400,1.200,0.100,0.200,0.040,1.000,0.500,0.800,0.300,0.400
Shrub,5230,4.000,0.000,0.400,0.350,0.120,0.200,0.030,0.050,0.060,0.040,1.600,0.400,0.700,0.400,1.200,0.100,0.200,0.040,1.000,0.500,0.800,0.300,0.400
Shrub,5229,4.000,0.000,0.400,0.350,0.120,0.200,0.030,0.050,0.060,0.040,1.600,0.400,0.700,0.400,1.200,0.100,0.200,0.040,1.000,0.500,0.800,0.300,0.400
Shrub,5228,4.000,0.000,0.400,0.350,0.120,0.200,0.030,0.050,0.060,0.040,1.600,0.400,0.700,0.400,1.200,0.100,0.200,0.040,1.000,0.500,0.800,0.300,0.400
Shrub,5227,4.000,0.000,0.400,0.350,0.120,0.200,0.030,0.050,0.060,0.040,1.600,0.400,0.700,0.400,1.200,0.100,0.200,0.040,1.000,0.500,0.800,0.300,0.400
Shrub,5226,4.000,0.000,0.400,0.350,0.120,0.200,0.030,0.050,0.060,0.040,1.600,0.400,0.700,0.400,1.200,0.100,0.200,0.040,1.000,0.500,0.800,0.300,0.400
Shrub,5225,4.000,0.000,0.400,0.350,0.120,0.200,0.030,0.050,0.060,0.040,1.600,0.400,0.700,0.400,1.200,0.100,0.200,0.040,1.000,0.500,0.800,0.300,0.400
Shrub,5326,4.000,0.000,0.400,0.350,0.120,0.200,0.030,0.050,0.060,0.040,1.600,0.400,0.700,0.400,1.200,0.100,0.200,0.040,1.000,0.500,0.800,0.300,0.400
Shrub,5247,4.000,0.000,0.400,0.350,0.120,0.200,0.030,0.050,0.060,0.040,1.600,0.400,0.700,0.400,1.200,0.100,0.200,0.040,1.000,0.500,0.800,0.300,0.400
Shrub,5275,4.000,0.000,0.400,0.350,0.120,0.200,0.030,0.050,0.060,0.040,1.600,0.400,0.700,0.400,1.200,0.100,0.200,0.040,1.000,0.500,0.800,0.300,0.400
Shrub,5248,4.000,0.000,0.400,0.350,0.120,0.200,0.030,0.050,0.060,0.040,1.600,0.400,0.700,0.400,1.200,0.100,0.200,0.040,1.000,0.500,0.800,0.300,0.400
Shrub,5250,4.000,0.000,0.400,0.350,0.120,0.200,0.030,0.050,0.060,0.040,1.600,0.400,0.700,0.400,1.200,0.100,0.200,0.040,1.000,0.500,0.800,0.300,0.400
Shrub,5273,4.000,0.000,0.400,0.350,0.120,0.200,0.030,0.050,0.060,0.040,1.600,0.400,0.700,0.400,1.200,0.100,0.200,0.040,1.000,0.500,0.800,0.300,0.400
Shrub,5272,4.000,0.000,0.400,0.350,0.120,0.200,0.030,0.050,0.060,0.040,1.600,0.400,0.700,0.400,1.200,0.100,0.200,0.040,1.000,0.500,0.800,0.300,0.400
Shrub,5271,4.000,0.000,0.400,0.350,0.120,0.200,0.030,0.050,0.060,0.040,1.600,0.400,0.700,0.400,1.200,0.100,0.200,0.040,1.000,0.500,0.800,0.300,0.400
Shrub,5270,4.000,0.000,0.400,0.350,0.120,0.200,0.030,0.050,0.060,0.040,1.600,0.400,0.700,0.400,1.200,0.100,0.200,0.040,1.000,0.500,0.800,0.300,0.400
Shrub,5269,4.000,0.000,0.400,0.350,0.120,0.200,0.030,0.050,0.060,0.040,1.600,0.400,0.700,0.400,1.200,0.100,0.200,0.040,1.000,0.500,0.800,0.300,0.400
Shrub,5268,4.000,0.000,0.400,0.350,0.120,0.200,0.030,0.050,0.060,0.040,1.600,0.400,0.700,0.400,1.200,0.100,0.200,0.040,1.000,0.500,0.800,0.300,0.400
Shrub,5267,4.000,0.000,0.400,0.350,0.120,0.200,0.030,0.050,0.060,0.040,1.600,0.400,0.700,0.400,1.200,0.100,0.200,0.040,1.000,0.500,0.800,0.300,0.400
Shrub,5266,4.000,0.000,0.400,0.350,0.120,0.200,0.030,0.050,0.060,0.040,1.600,0.400,0.700,0.400,1.200,0.100,0.200,0.040,1.000,0.500,0.800,0.300,0.400
Shrub,5265,4.000,0.000,0.400,0.350,0.120,0.200,0.030,0.050,0.060,0.040,1.600,0.400,0.700,0.400,1.200,0.100,0.200,0.040,1.000,0.500,0.800,0.300,0.400
Shrub,5264,4.000,0.000,0.400,0.350,0.120,0.200,0.030,0.050,0.060,0.040,1.600,0.400,0.700,0.400,1.200,0.100,0.200,0.040,1.000,0.500,0.800,0.300,0.400
Shrub,5263,4.000,0.000,0.400,0.350,0.120,0.200,0.030,0.050,0.060,0.040,1.600,0.400,0.700,0.400,1.200,0.100,0.200,0.040,1.000,0.500,0.800,0.300,0.400
Shrub,5262,4.000,0.000,0.400,0.350,0.120,0.200,0.030,0.050,0.060,0.040,1.600,0.400,0.700,0.400,1.200,0.100,0.200,0.040,1.000,0.500,0.800,0.300,0.400
Shrub,5261,4.000,0.000,0.400,0.350,0.120,0.200,0.030,0.050,0.060,0.040,1.600,0.400,0.700,0.400,1.200,0.100,0.200,0.040,1.000,0.500,0.800,0.300,0.400
Shrub,5260,4.000,0.000,0.400,0.350,0.120,0.200,0.030,0.050,0.060,0.040,1.600,0.400,0.700,0.400,1.200,0.100,0.200,0.040,1.000,0.500,0.800,0.300,0.400
Shrub,5259,4.000,0.000,0.400,0.350,0.120,0.200,0.030,0.050,0.060,0.040,1.600,0.400,0.700,0.400,1.200,0.100,0.200,0.040,1.000,0.500,0.800,0.300,0.400
Shrub,5258,4.000,0.000,0.400,0.350,0.120,0.200,0.030,0.050,0.060,0.040,1.600,0.400,0.700,0.400,1.200,0.100,0.200,0.040,1.000,0.500,0.800,0.300,0.400
Shrub,5257,4.000,0.000,0.400,0.350,0.120,0.200,0.030,0.050,0.060,0.040,1.600,0.400,0.700,0.400,1.200,0.100,0.200,0.040,1.000,0.500,0.800,0.300,0.400
Shrub,5256,4.000,0.000,0.400,0.350,0.120,0.200,0.030,0.050,0.060,0.040,1.600,0.400,0.700,0.400,1.200,0.100,0.200,0.040,1.000,0.500,0.800,0.300,0.400
Shrub,5255,4.000,0.000,0.400,0.350,0.120,0.200,0.030,0.050,0.060,0.040,1.600,0.400,0.700,0.400,1.200,0.100,0.200,0.040,1.000,0.500,0.800,0.300,0.400
Shrub,5254,4.000,0.000,0.400,0.350,0.120,0.200,0.030,0.050,0.060,0.040,1.600,0.400,0.700,0.400,1.200,0.100,0.200,0.040,1.000,0.500,0.800,0.300,0.400
Shrub,5253,4.000,0.000,0.400,0.350,0.120,0.200,0.030,0.050,0.060,0.040,1.600,0.400,0.700,0.400,1.200,0.100,0.200,0.040,1.000,0.500,0.800,0.300,0.400
Shrub,5252,4.000,0.000,0.400,0.350,0.120,0.200,0.030,0.050,0.060,0.040,1.600,0.400,0.700,0.400,1.200,0.100,0.200,0.040,1.000,0.500,0.800,0.300,0.400
Shrub,5251,4.000,0.000,0.400,0.350,0.120,0.200,0.030,0.050,0.060,0.040,1.600,0.400,0.700,0.400,1.200,0.100,0.200,0.040,1.000,0.500,0.800,0.300,0.400
Shrub,5249,4.000,0.000,0.400,0.350,0.120,0.200,0.030,0.050,0.060,0.040,1.600,0.400,0.700,0.400,1.200,0.100,0.200,0.040,1.000,0.500,0.800,0.300,0.400
Shrub,5327,4.000,0.000,0.400,0.350,0.120,0.200,0.030,0.050,0.060,0.040,1.600,0.400,0.700,0.400,1.200,0.100,0.200,0.040,1.000,0.500,0.800,0.300,0.400
Shrub,5434,4.000,0.000,0.400,0.350,0.120,0.200,0.030,0.050,0.060,0.040,1.600,0.400,0.700,0.400,1.200,0.100,0.200,0.040,1.000,0.500,0.800,0.300,0.400
Shrub,5329,4.000,0.000,0.400,0.350,0.120,0.200,0.030,0.050,0.060,0.040,1.600,0.400,0.700,0.400,1.200,0.100,0.200,0.040,1.000,0.500,0.800,0.300,0.400
Shrub,5408,4.000,0.000,0.400,0.350,0.120,0.200,0.030,0.050,0.060,0.040,1.600,0.400,0.700,0.400,1.200,0.100,0.200,0.040,1.000,0.500,0.800,0.300,0.400
Shrub,5407,4.000,0.000,0.400,0.350,0.120,0.200,0.030,0.050,0.060,0.040,1.600,0.400,0.700,0.400,1.200,0.100,0.200,0.040,1.000,0.500,0.800,0.300,0.400
Shrub,5406,4.000,0.000,0.400,0.350,0.120,0.200,0.030,0.050,0.060,0.040,1.600,0.400,0.700,0.400,1.200,0.100,0.200,0.040,1.000,0.500,0.800,0.300,0.400
Shrub,5405,4.000,0.000,0.400,0.350,0.120,0.200,0.030,0.050,0.060,0.040,1.600,0.400,0.700,0.400,1.200,0.100,0.200,0.040,1.000,0.500,0.800,0.300,0.400
Shrub,5404,4.000,0.000,0.400,0.350,0.120,0.200,0.030,0.050,0.060,0.040,1.600,0.400,0.700,0.400,1.200,0.100,0.200,0.040,1.000,0.500,0.800,0.300,0.400
Shrub,5403,4.000,0.000,0.400,0.350,0.120,0.200,0.030,0.050,0.060,0.040,1.600,0.400,0.700,0.400,1.200,0.100,0.200,0.040,1.000,0.500,0.800,0.300,0.400
Shrub,5402,4.000,0.000,0.400,0.350,0.120,0.200,0.030,0.050,0.060,0.040,1.600,0.400,0.700,0.400,1.200,0.100,0.200,0.040,1.000,0.500,0.800,0.300,0.400
Shrub,5401,4.000,0.000,0.400,0.350,0.120,0.200,0.030,0.050,0.060,0.040,1.600,0.400,0.700,0.400,1.200,0.100,0.200,0.040,1.000,0.500,0.800,0.300,0.400
Shrub,5400,4.000,0.000,0.400,0.350,0.120,0.200,0.030,0.050,0.060,0.040,1.600,0.400,0.700,0.400,1.200,0.100,0.200,0.040,1.000,0.500,0.800,0.300,0.400
Shrub,5399,4.000,0.000,0.400,0.350,0.120,0.200,0.030,0.050,0.060,0.040,1.600,0.400,0.700,0.400,1.200,0.100,0.200,0.040,1.000,0.500,0.800,0.300,0.400
Shrub,5398,4.000,0.000,0.400,0.350,0.120,0.200,0.030,0.050,0.060,0.040,1.600,0.400,0.700,0.400,1.200,0.100,0.200,0.040,1.000,0.500,0.800,0.300,0.400
Shrub,5397,4.000,0.000,0.400,0.350,0.120,0.200,0.030,0.050,0.060,0.040,1.600,0.400,0.700,0.400,1.200,0.100,0.200,0.040,1.000,0.500,0.800,0.300,0.400
Shrub,5396,4.000,0.000,0.400,0.350,0.120,0.200,0.030,0.050,0.060,0.040,1.600,0.400,0.700,0.400,1.200,0.100,0.200,0.040,1.000,0.500,0.800,0.300,0.400
Shrub,5395,4.000,0.000,0.400,0.350,0.120,0.200,0.030,0.050,0.060,0.040,1.600,0.400,0.700,0.400,1.200,0.100,0.200,0.040,1.000,0.500,0.800,0.300,0.400
Shrub,5394,4.000,0.000,0.400,0.350,0.120,0.200,0.030,0.050,0.060,0.040,1.600,0.400,0.700,0.400,1.200,0.100,0.200,0.040,1.000,0.500,0.800,0.300,0.400
Shrub,5393,4.000,0.000,0.400,0.350,0.120,0.200,0.030,0.050,0.060,0.040,1.600,0.400,0.700,0.400,1.200,0.100,0.200,0.040,1.000,0.500,0.800,0.300,0.400
Shrub,5392,4.000,0.000,0.400,0.350,0.120,0.200,0.030,0.050,0.060,0.040,1.600,0.400,0.700,0.400,1.200,0.100,0.200,0.040,1.000,0.500,0.800,0.300,0.400
Shrub,5391,4.000,0.000,0.400,0.350,0.120,0.200,0.030,0.050,0.060,0.040,1.600,0.400,0.700,0.400,1.200,0.100,0.200,0.040,1.000,0.500,0.800,0.300,0.400
Shrub,5390,4.000,0.000,0.400,0.350,0.120,0.200,0.030,0.050,0.060,0.040,1.600,0.400,0.700,0.400,1.200,0.100,0.200,0.040,1.000,0.500,0.800,0.300,0.400
Shrub,5389,4.000,0.000,0.400,0.350,0.120,0.200,0.030,0.050,0.060,0.040,1.600,0.400,0.700,0.400,1.200,0.100,0.200,0.040,1.000,0.500,0.800,0.300,0.400
Shrub,5388,4.000,0.000,0.400,0.350,0.120,0.200,0.030,0.050,0.060,0.040,1.600,0.400,0.700,0.400,1.200,0.100,0.200,0.040,1.000,0.500,0.800,0.300,0.400
Shrub,5387,4.000,0.000,0.400,0.350,0.120,0.200,0.030,0.050,0.060,0.040,1.600,0.400,0.700,0.400,1.200,0.100,0.200,0.040,1.000,0.500,0.800,0.300,0.400
Shrub,5386,4.000,0.000,0.400,0.350,0.120,0.200,0.030,0.050,0.060,0.040,1.600,0.400,0.700,0.400,1.200,0.100,0.200,0.040,1.000,0.500,0.800,0.300,0.400
Shrub,5409,4.000,0.000,0.400,0.350,0.120,0.200,0.030,0.050,0.060,0.040,1.600,0.400,0.700,0.400,1.200,0.100,0.200,0.040,1.000,0.500,0.800,0.300,0.400
Shrub,5385,4.000,0.000,0.400,0.350,0.120,0.200,0.030,0.050,0.060,0.040,1.600,0.400,0.700,0.400,1.200,0.100,0.200,0.040,1.000,0.500,0.800,0.300,0.400
Shrub,5410,4.000,0.000,0.400,0.350,0.120,0.200,0.030,0.050,0.060,0.040,1.600,0.400,0.700,0.400,1.200,0.100,0.200,0.040,1.000,0.500,0.800,0.300,0.400
Shrub,5412,4.000,0.000,0.400,0.350,0.120,0.200,0.030,0.050,0.060,0.040,1.600,0.400,0.700,0.400,1.200,0.100,0.200,0.040,1.000,0.500,0.800,0.300,0.400
Shrub,5435,4.000,0.000,0.400,0.350,0.120,0.200,0.030,0.050,0.060,0.040,1.600,0.400,0.700,0.400,1.200,0.100,0.200,0.040,1.000,0.500,0.800,0.300,0.400
Shrub,5223,4.000,0.000,0.400,0.350,0.120,0.200,0.030,0.050,0.060,0.040,1.600,0.400,0.700,0.400,1.200,0.100,0.200,0.040,1.000,0.500,0.800,0.300,0.400
Shrub,5433,4.000,0.000,0.400,0.350,0.120,0.200,0.030,0.050,0.060,0.040,1.600,0.400,0.700,0.400,1.200,0.100,0.200,0.040,1.000,0.500,0.800,0.300,0.400
Shrub,5432,4.000,0.000,0.400,0.350,0.120,0.200,0.030,0.050,0.060,0.040,1.600,0.400,0.700,0.400,1.200,0.100,0.200,0.040,1.000,0.500,0.800,0.300,0.400
Shrub,5431,4.000,0.000,0.400,0.350,0.120,0.200,0.030,0.050,0.060,0.040,1.600,0.400,0.700,0.400,1.200,0.100,0.200,0.040,1.000,0.500,0.800,0.300,0.400
Shrub,5430,4.000,0.000,0.400,0.350,0.120,0.200,0.030,0.050,0.060,0.040,1.600,0.400,0.700,0.400,1.200,0.100,0.200,0.040,1.000,0.500,0.800,0.300,0.400
Shrub,5429,4.000,0.000,0.400,0.350,0.120,0.200,0.030,0.050,0.060,0.040,1.600,0.400,0.700,0.400,1.200,0.100,0.200,0.040,1.000,0.500,0.800,0.300,0.400
Shrub,5428,4.000,0.000,0.400,0.350,0.120,0.200,0.030,0.050,0.060,0.040,1.600,0.400,0.700,0.400,1.200,0.100,0.200,0.040,1.000,0.500,0.800,0.300,0.400
Shrub,5427,4.000,0.000,0.400,0.350,0.120,0.200,0.030,0.050,0.060,0.040,1.600,0.400,0.700,0.400,1.200,0.100,0.200,0.040,1.000,0.500,0.800,0.300,0.400
Shrub,5426,4.000,0.000,0.400,0.350,0.120,0.200,0.030,0.050,0.060,0.040,1.600,0.400,0.700,0.400,1.200,0.100,0.200,0.040,1.000,0.500,0.800,0.300,0.400
Shrub,5425,4.000,0.000,0.400,0.350,0.120,0.200,0.030,0.050,0.060,0.040,1.600,0.400,0.700,0.400,1.200,0.100,0.200,0.040,1.000,0.500,0.800,0.300,0.400
Shrub,5424,4.000,0.000,0.400,0.350,0.120,0.200,0.030,0.050,0.060,0.040,1.600,0.400,0.700,0.400,1.200,0.100,0.200,0.040,1.000,0.500,0.800,0.300,0.400
Shrub,5423,4.000,0.000,0.400,0.350,0.120,0.200,0.030,0.050,0.060,0.040,1.600,0.400,0.700,0.400,1.200,0.100,0.200,0.040,1.000,0.500,0.800,0.300,0.400
Shrub,5422,4.000,0.000,0.400,0.350,0.120,0.200,0.030,0.050,0.060,0.040,1.600,0.400,0.700,0.400,1.200,0.100,0.200,0.040,1.000,0.500,0.800,0.300,0.400
Shrub,5421,4.000,0.000,0.400,0.350,0.120,0.200,0.030,0.050,0.060,0.040,1.600,0.400,0.700,0.400,1.200,0.100,0.200,0.040,1.000,0.500,0.800,0.300,0.400
Shrub,5420,4.000,0.000,0.400,0.350,0.120,0.200,0.030,0.050,0.060,0.040,1.600,0.400,0.700,0.400,1.200,0.100,0.200,0.040,1.000,0.500,0.800,0.300,0.400
Shrub,5419,4.000,0.000,0.400,0.350,0.120,0.200,0.030,0.050,0.060,0.040,1.600,0.400,0.700,0.400,1.200,0.100,0.200,0.040,1.000,0.500,0.800,0.300,0.400
Shrub,5418,4.000,0.000,0.400,0.350,0.120,0.200,0.030,0.050,0.060,0.040,1.600,0.400,0.700,0.400,1.200,0.100,0.200,0.040,1.000,0.500,0.800,0.300,0.400
Shrub,5417,4.000,0.000,0.400,0.350,0.120,0.200,0.030,0.050,0.060,0.040,1.600,0.400,0.700,0.400,1.200,0.100,0.200,0.040,1.000,0.500,0.800,0.300,0.400
Shrub,5416,4.000,0.000,0.400,0.350,0.120,0.200,0.030,0.050,0.060,0.040,1.600,0.400,0.700,0.400,1.200,0.100,0.200,0.040,1.000,0.500,0.800,0.300,0.400
Shrub,5415,4.000,0.000,0.400,0.350,0.120,0.200,0.030,0.050,0.060,0.040,1.600,0.400,0.700,0.400,1.200,0.100,0.200,0.040,1.000,0.500,0.800,0.300,0.400
Shrub,5414,4.000,0.000,0.400,0.350,0.120,0.200,0.030,0.050,0.060,0.040,1.600,0.400,0.700,0.400,1.200,0.100,0.200,0.040,1.000,0.500,0.800,0.300,0.400
Shrub,5413,4.000,0.000,0.400,0.350,0.120,0.200,0.030,0.050,0.060,0.040,1.600,0.400,0.700,0.400,1.200,0.100,0.200,0.040,1.000,0.500,0.800,0.300,0.400
Shrub,5411,4.000,0.000,0.400,0.350,0.120,0.200,0.030,0.050,0.060,0.040,1.600,0.400,0.700,0.400,1.200,0.100,0.200,0.040,1.000,0.500,0.800,0.300,0.400
Shrub,5384,4.000,0.000,0.400,0.350,0.120,0.200,0.030,0.050,0.060,0.040,1.600,0.400,0.700,0.400,1.200,0.100,0.200,0.040,1.000,0.500,0.800,0.300,0.400
Shrub,5383,4.000,0.000,0.400,0.350,0.120,0.200,0.030,0.050,0.060,0.040,1.600,0.400,0.700,0.400,1.200,0.100,0.200,0.040,1.000,0.500,0.800,0.300,0.400
Shrub,5382,4.000,0.000,0.400,0.350,0.120,0.200,0.030,0.050,0.060,0.040,1.600,0.400,0.700,0.400,1.200,0.100,0.200,0.040,1.000,0.500,0.800,0.300,0.400
Shrub,5353,4.000,0.000,0.400,0.350,0.120,0.200,0.030,0.050,0.060,0.040,1.600,0.400,0.700,0.400,1.200,0.100,0.200,0.040,1.000,0.500,0.800,0.300,0.400
Shrub,5352,4.000,0.000,0.400,0.350,0.120,0.200,0.030,0.050,0.060,0.040,1.600,0.400,0.700,0.400,1.200,0.100,0.200,0.040,1.000,0.500,0.800,0.300,0.400
Shrub,5351,4.000,0.000,0.400,0.350,0.120,0.200,0.030,0.050,0.060,0.040,1.600,0.400,0.700,0.400,1.200,0.100,0.200,0.040,1.000,0.500,0.800,0.300,0.400
Shrub,5350,4.000,0.000,0.400,0.350,0.120,0.200,0.030,0.050,0.060,0.040,1.600,0.400,0.700,0.400,1.200,0.100,0.200,0.040,1.000,0.500,0.800,0.300,0.400
Shrub,5349,4.000,0.000,0.400,0.350,0.120,0.200,0.030,0.050,0.060,0.040,1.600,0.400,0.700,0.400,1.200,0.100,0.200,0.040,1.000,0.500,0.800,0.300,0.400
Shrub,5348,4.000,0.000,0.400,0.350,0.120,0.200,0.030,0.050,0.060,0.040,1.600,0.400,0.700,0.400,1.200,0.100,0.200,0.040,1.000,0.500,0.800,0.300,0.400
Shrub,5347,4.000,0.000,0.400,0.350,0.120,0.200,0.030,0.050,0.060,0.040,1.600,0.400,0.700,0.400,1.200,0.100,0.200,0.040,1.000,0.500,0.800,0.300,0.400
Shrub,5346,4.000,0.000,0.400,0.350,0.120,0.200,0.030,0.050,0.060,0.040,1.600,0.400,0.700,0.400,1.200,0.100,0.200,0.040,1.000,0.500,0.800,0.300,0.400
Shrub,5345,4.000,0.000,0.400,0.350,0.120,0.200,0.030,0.050,0.060,0.040,1.600,0.400,0.700,0.400,1.200,0.100,0.200,0.040,1.000,0.500,0.800,0.300,0.400
Shrub,5344,4.000,0.000,0.400,0.350,0.120,0.200,0.030,0.050,0.060,0.040,1.600,0.400,0.700,0.400,1.200,0.100,0.200,0.040,1.000,0.500,0.800,0.300,0.400
Shrub,5343,4.000,0.000,0.400,0.350,0.120,0.200,0.030,0.050,0.060,0.040,1.600,0.400,0.700,0.400,1.200,0.100,0.200,0.040,1.000,0.500,0.800,0.300,0.400
Shrub,5342,4.000,0.000,0.400,0.350,0.120,0.200,0.030,0.050,0.060,0.040,1.600,0.400,0.700,0.400,1.200,0.100,0.200,0.040,1.000,0.500,0.800,0.300,0.400
Shrub,5341,4.000,0.000,0.400,0.350,0.120,0.200,0.030,0.050,0.060,0.040,1.600,0.400,0.700,0.400,1.200,0.100,0.200,0.040,1.000,0.500,0.800,0.300,0.400
Shrub,5340,4.000,0.000,0.400,0.350,0.120,0.200,0.030,0.050,0.060,0.040,1.600,0.400,0.700,0.400,1.200,0.100,0.200,0.040,1.000,0.500,0.800,0.300,0.400
Shrub,5339,4.000,0.000,0.400,0.350,0.120,0.200,0.030,0.050,0.060,0.040,1.600,0.400,0.700,0.400,1.200,0.100,0.200,0.040,1.000,0.500,0.800,0.300,0.400
Shrub,5338,4.000,0.000,0.400,0.350,0.120,0.200,0.030,0.050,0.060,0.040,1.600,0.400,0.700,0.400,1.200,0.100,0.200,0.040,1.000,0.500,0.800,0.300,0.400
Shrub,5337,4.000,0.000,0.400,0.350,0.120,0.200,0.030,0.050,0.060,0.040,1.600,0.400,0.700,0.400,1.200,0.100,0.200,0.040,1.000,0.500,0.800,0.300,0.400
Shrub,5336,4.000,0.000,0.400,0.350,0.120,0.200,0.030,0.050,0.060,0.040,1.600,0.400,0.700,0.400,1.200,0.100,0.200,0.040,1.000,0.500,0.800,0.300,0.400
Shrub,5335,4.000,0.000,0.400,0.350,0.120,0.200,0.030,0.050,0.060,0.040,1.600,0.400,0.700,0.400,1.200,0.100,0.200,0.040,1.000,0.500,0.800,0.300,0.400
Shrub,5334,4.000,0.000,0.400,0.350,0.120,0.200,0.030,0.050,0.060,0.040,1.600,0.400,0.700,0.400,1.200,0.100,0.200,0.040,1.000,0.500,0.800,0.300,0.400
Shrub,5333,4.000,0.000,0.400,0.350,0.120,0.200,0.030,0.050,0.060,0.040,1.600,0.400,0.700,0.400,1.200,0.100,0.200,0.040,1.000,0.500,0.800,0.300,0.400
Shrub,5332,4.000,0.000,0.400,0.350,0.120,0.200,0.030,0.050,0.060,0.040,1.600,0.400,0.700,0.400,1.200,0.100,0.200,0.040,1.000,0.500,0.800,0.300,0.400
Shrub,5330,4.000,0.000,0.400,0.350,0.120,0.200,0.030,0.050,0.060,0.040,1.600,0.400,0.700,0.400,1.200,0.100,0.200,0.040,1.000,0.500,0.800,0.300,0.400
Shrub,5354,4.000,0.000,0.400,0.350,0.120,0.200,0.030,0.050,0.060,0.040,1.600,0.400,0.700,0.400,1.200,0.100,0.200,0.040,1.000,0.500,0.800,0.300,0.400
Shrub,5355,4.000,0.000,0.400,0.350,0.120,0.200,0.030,0.050,0.060,0.040,1.600,0.400,0.700,0.400,1.200,0.100,0.200,0.040,1.000,0.500,0.800,0.300,0.400
Shrub,5356,4.000,0.000,0.400,0.350,0.120,0.200,0.030,0.050,0.060,0.040,1.600,0.400,0.700,0.400,1.200,0.100,0.200,0.040,1.000,0.500,0.800,0.300,0.400
Shrub,5357,4.000,0.000,0.400,0.350,0.120,0.200,0.030,0.050,0.060,0.040,1.600,0.400,0.700,0.400,1.200,0.100,0.200,0.040,1.000,0.500,0.800,0.300,0.400
Shrub,5381,4.000,0.000,0.400,0.350,0.120,0.200,0.030,0.050,0.060,0.040,1.600,0.400,0.700,0.400,1.200,0.100,0.200,0.040,1.000,0.500,0.800,0.300,0.400
Shrub,5380,4.000,0.000,0.400,0.350,0.120,0.200,0.030,0.050,0.060,0.040,1.600,0.400,0.700,0.400,1.200,0.100,0.200,0.040,1.000,0.500,0.800,0.300,0.400
Shrub,5379,4.000,0.000,0.400,0.350,0.120,0.200,0.030,0.050,0.060,0.040,1.600,0.400,0.700,0.400,1.200,0.100,0.200,0.040,1.000,0.500,0.800,0.300,0.400
Shrub,5378,4.000,0.000,0.400,0.350,0.120,0.200,0.030,0.050,0.060,0.040,1.600,0.400,0.700,0.400,1.200,0.100,0.200,0.040,1.000,0.500,0.800,0.300,0.400
Shrub,5377,4.000,0.000,0.400,0.350,0.120,0.200,0.030,0.050,0.060,0.040,1.600,0.400,0.700,0.400,1.200,0.100,0.200,0.040,1.000,0.500,0.800,0.300,0.400
Shrub,5376,4.000,0.000,0.400,0.350,0.120,0.200,0.030,0.050,0.060,0.040,1.600,0.400,0.700,0.400,1.200,0.100,0.200,0.040,1.000,0.500,0.800,0.300,0.400
Shrub,5375,4.000,0.000,0.400,0.350,0.120,0.200,0.030,0.050,0.060,0.040,1.600,0.400,0.700,0.400,1.200,0.100,0.200,0.040,1.000,0.500,0.800,0.300,0.400
Shrub,5374,4.000,0.000,0.400,0.350,0.120,0.200,0.030,0.050,0.060,0.040,1.600,0.400,0.700,0.400,1.200,0.100,0.200,0.040,1.000,0.500,0.800,0.300,0.400
Shrub,5373,4.000,0.000,0.400,0.350,0.120,0.200,0.030,0.050,0.060,0.040,1.600,0.400,0.700,0.400,1.200,0.100,0.200,0.040,1.000,0.500,0.800,0.300,0.400
Shrub,5372,4.000,0.000,0.400,0.350,0.120,0.200,0.030,0.050,0.060,0.040,1.600,0.400,0.700,0.400,1.200,0.100,0.200,0.040,1.000,0.500,0.800,0.300,0.400
Shrub,5371,4.000,0.000,0.400,0.350,0.120,0.200,0.030,0.050,0.060,0.040,1.600,0.400,0.700,0.400,1.200,0.100,0.200,0.040,1.000,0.500,0.800,0.300,0.400
Shrub,5328,4.000,0.000,0.400,0.350,0.120,0.200,0.030,0.050,0.060,0.040,1.600,0.400,0.700,0.400,1.200,0.100,0.200,0.040,1.000,0.500,0.800,0.300,0.400
Shrub,5370,4.000,0.000,0.400,0.350,0.120,0.200,0.030,0.050,0.060,0.040,1.600,0.400,0.700,0.400,1.200,0.100,0.200,0.040,1.000,0.500,0.800,0.300,0.400
Shrub,5368,4.000,0.000,0.400,0.350,0.120,0.200,0.030,0.050,0.060,0.040,1.600,0.400,0.700,0.400,1.200,0.100,0.200,0.040,1.000,0.500,0.800,0.300,0.400
Shrub,5367,4.000,0.000,0.400,0.350,0.120,0.200,0.030,0.050,0.060,0.040,1.600,0.400,0.700,0.400,1.200,0.100,0.200,0.040,1.000,0.500,0.800,0.300,0.400
Shrub,5366,4.000,0.000,0.400,0.350,0.120,0.200,0.030,0.050,0.060,0.040,1.600,0.400,0.700,0.400,1.200,0.100,0.200,0.040,1.000,0.500,0.800,0.300,0.400
Shrub,5365,4.000,0.000,0.400,0.350,0.120,0.200,0.030,0.050,0.060,0.040,1.600,0.400,0.700,0.400,1.200,0.100,0.200,0.040,1.000,0.500,0.800,0.300,0.400
Shrub,5364,4.000,0.000,0.400,0.350,0.120,0.200,0.030,0.050,0.060,0.040,1.600,0.400,0.700,0.400,1.200,0.100,0.200,0.040,1.000,0.500,0.800,0.300,0.400
Shrub,5363,4.000,0.000,0.400,0.350,0.120,0.200,0.030,0.050,0.060,0.040,1.600,0.400,0.700,0.400,1.200,0.100,0.200,0.040,1.000,0.500,0.800,0.300,0.400
Shrub,5362,4.000,0.000,0.400,0.350,0.120,0.200,0.030,0.050,0.060,0.040,1.600,0.400,0.700,0.400,1.200,0.100,0.200,0.040,1.000,0.500,0.800,0.300,0.400
Shrub,5361,4.000,0.000,0.400,0.350,0.120,0.200,0.030,0.050,0.060,0.040,1.600,0.400,0.700,0.400,1.200,0.100,0.200,0.040,1.000,0.500,0.800,0.300,0.400
Shrub,5360,4.000,0.000,0.400,0.350,0.120,0.200,0.030,0.050,0.060,0.040,1.600,0.400,0.700,0.400,1.200,0.100,0.200,0.040,1.000,0.500,0.800,0.300,0.400
Shrub,5359,4.000,0.000,0.400,0.350,0.120,0.200,0.030,0.050,0.060,0.040,1.600,0.400,0.700,0.400,1.200,0.100,0.200,0.040,1.000,0.500,0.800,0.300,0.400
Shrub,5358,4.000,0.000,0.400,0.350,0.120,0.200,0.030,0.050,0.060,0.040,1.600,0.400,0.700,0.400,1.200,0.100,0.200,0.040,1.000,0.500,0.800,0.300,0.400
Shrub,5369,4.000,0.000,0.400,0.350,0.120,0.200,0.030,0.050,0.060,0.040,1.600,0.400,0.700,0.400,1.200,0.100,0.200,0.040,1.000,0.500,0.800,0.300,0.400
Shrub,5222,4.000,0.000,0.400,0.350,0.120,0.200,0.030,0.050,0.060,0.040,1.600,0.400,0.700,0.400,1.200,0.100,0.200,0.040,1.000,0.500,0.800,0.300,0.400
Shrub,5116,4.000,0.000,0.400,0.350,0.120,0.200,0.030,0.050,0.060,0.040,1.600,0.400,0.700,0.400,1.200,0.100,0.200,0.040,1.000,0.500,0.800,0.300,0.400
Shrub,5220,4.000,0.000,0.400,0.350,0.120,0.200,0.030,0.050,0.060,0.040,1.600,0.400,0.700,0.400,1.200,0.100,0.200,0.040,1.000,0.500,0.800,0.300,0.400
Shrub,5082,4.000,0.000,0.400,0.350,0.120,0.200,0.030,0.050,0.060,0.040,1.600,0.400,0.700,0.400,1.200,0.100,0.200,0.040,1.000,0.500,0.800,0.300,0.400
Shrub,5081,4.000,0.000,0.400,0.350,0.120,0.200,0.030,0.050,0.060,0.040,1.600,0.400,0.700,0.400,1.200,0.100,0.200,0.040,1.000,0.500,0.800,0.300,0.400
Shrub,5080,4.000,0.000,0.400,0.350,0.120,0.200,0.030,0.050,0.060,0.040,1.600,0.400,0.700,0.400,1.200,0.100,0.200,0.040,1.000,0.500,0.800,0.300,0.400
Shrub,5079,4.000,0.000,0.400,0.350,0.120,0.200,0.030,0.050,0.060,0.040,1.600,0.400,0.700,0.400,1.200,0.100,0.200,0.040,1.000,0.500,0.800,0.300,0.400
Shrub,5078,4.000,0.000,0.400,0.350,0.120,0.200,0.030,0.050,0.060,0.040,1.600,0.400,0.700,0.400,1.200,0.100,0.200,0.040,1.000,0.500,0.800,0.300,0.400
Shrub,5077,4.000,0.000,0.400,0.350,0.120,0.200,0.030,0.050,0.060,0.040,1.600,0.400,0.700,0.400,1.200,0.100,0.200,0.040,1.000,0.500,0.800,0.300,0.400
Shrub,5076,4.000,0.000,0.400,0.350,0.120,0.200,0.030,0.050,0.060,0.040,1.600,0.400,0.700,0.400,1.200,0.100,0.200,0.040,1.000,0.500,0.800,0.300,0.400
Shrub,5075,4.000,0.000,0.400,0.350,0.120,0.200,0.030,0.050,0.060,0.040,1.600,0.400,0.700,0.400,1.200,0.100,0.200,0.040,1.000,0.500,0.800,0.300,0.400
Shrub,5074,4.000,0.000,0.400,0.350,0.120,0.200,0.030,0.050,0.060,0.040,1.600,0.400,0.700,0.400,1.200,0.100,0.200,0.040,1.000,0.500,0.800,0.300,0.400
Shrub,5073,4.000,0.000,0.400,0.350,0.120,0.200,0.030,0.050,0.060,0.040,1.600,0.400,0.700,0.400,1.200,0.100,0.200,0.040,1.000,0.500,0.800,0.300,0.400
Shrub,5072,4.000,0.000,0.400,0.350,0.120,0.200,0.030,0.050,0.060,0.040,1.600,0.400,0.700,0.400,1.200,0.100,0.200,0.040,1.000,0.500,0.800,0.300,0.400
Shrub,5071,4.000,0.000,0.400,0.350,0.120,0.200,0.030,0.050,0.060,0.040,1.600,0.400,0.700,0.400,1.200,0.100,0.200,0.040,1.000,0.500,0.800,0.300,0.400
Shrub,5070,4.000,0.000,0.400,0.350,0.120,0.200,0.030,0.050,0.060,0.040,1.600,0.400,0.700,0.400,1.200,0.100,0.200,0.040,1.000,0.500,0.800,0.300,0.400
Shrub,5069,4.000,0.000,0.400,0.350,0.120,0.200,0.030,0.050,0.060,0.040,1.600,0.400,0.700,0.400,1.200,0.100,0.200,0.040,1.000,0.500,0.800,0.300,0.400
Shrub,5068,4.000,0.000,0.400,0.350,0.120,0.200,0.030,0.050,0.060,0.040,1.600,0.400,0.700,0.400,1.200,0.100,0.200,0.040,1.000,0.500,0.800,0.300,0.400
Shrub,5067,4.000,0.000,0.400,0.350,0.120,0.200,0.030,0.050,0.060,0.040,1.600,0.400,0.700,0.400,1.200,0.100,0.200,0.040,1.000,0.500,0.800,0.300,0.400
Shrub,5066,4.000,0.000,0.400,0.350,0.120,0.200,0.030,0.050,0.060,0.040,1.600,0.400,0.700,0.400,1.200,0.100,0.200,0.040,1.000,0.500,0.800,0.300,0.400
Shrub,5065,4.000,0.000,0.400,0.350,0.120,0.200,0.030,0.050,0.060,0.040,1.600,0.400,0.700,0.400,1.200,0.100,0.200,0.040,1.000,0.500,0.800,0.300,0.400
Shrub,5064,4.000,0.000,0.400,0.350,0.120,0.200,0.030,0.050,0.060,0.040,1.600,0.400,0.700,0.400,1.200,0.100,0.200,0.040,1.000,0.500,0.800,0.300,0.400
Shrub,5063,4.000,0.000,0.400,0.350,0.120,0.200,0.030,0.050,0.060,0.040,1.600,0.400,0.700,0.400,1.200,0.100,0.200,0.040,1.000,0.500,0.800,0.300,0.400
Shrub,5062,4.000,0.000,0.400,0.350,0.120,0.200,0.030,0.050,0.060,0.040,1.600,0.400,0.700,0.400,1.200,0.100,0.200,0.040,1.000,0.500,0.800,0.300,0.400
Shrub,5061,4.000,0.000,0.400,0.350,0.120,0.200,0.030,0.050,0.060,0.040,1.600,0.400,0.700,0.400,1.200,0.100,0.200,0.040,1.000,0.500,0.800,0.300,0.400
Shrub,5060,4.000,0.000,0.400,0.350,0.120,0.200,0.030,0.050,0.060,0.040,1.600,0.400,0.700,0.400,1.200,0.100,0.200,0.040,1.000,0.500,0.800,0.300,0.400
Shrub,5083,4.000,0.000,0.400,0.350,0.120,0.200,0.030,0.050,0.060,0.040,1.600,0.400,0.700,0.400,1.200,0.100,0.200,0.040,1.000,0.500,0.800,0.300,0.400
Shrub,5059,4.000,0.000,0.400,0.350,0.120,0.200,0.030,0.050,0.060,0.040,1.600,0.400,0.700,0.400,1.200,0.100,0.200,0.040,1.000,0.500,0.800,0.300,0.400
Shrub,5084,4.000,0.000,0.400,0.350,0.120,0.200,0.030,0.050,0.060,0.040,1.600,0.400,0.700,0.400,1.200,0.100,0.200,0.040,1.000,0.500,0.800,0.300,0.400
Shrub,5086,4.000,0.000,0.400,0.350,0.120,0.200,0.030,0.050,0.060,0.040,1.600,0.400,0.700,0.400,1.200,0.100,0.200,0.040,1.000,0.500,0.800,0.300,0.400
Shrub,5109,4.000,0.000,0.400,0.350,0.120,0.200,0.030,0.050,0.060,0.040,1.600,0.400,0.700,0.400,1.200,0.100,0.200,0.040,1.000,0.500,0.800,0.300,0.400
Shrub,5108,4.000,0.000,0.400,0.350,0.120,0.200,0.030,0.050,0.060,0.040,1.600,0.400,0.700,0.400,1.200,0.100,0.200,0.040,1.000,0.500,0.800,0.300,0.400
Shrub,5107,4.000,0.000,0.400,0.350,0.120,0.200,0.030,0.050,0.060,0.040,1.600,0.400,0.700,0.400,1.200,0.100,0.200,0.040,1.000,0.500,0.800,0.300,0.400
Shrub,5106,4.000,0.000,0.400,0.350,0.120,0.200,0.030,0.050,0.060,0.040,1.600,0.400,0.700,0.400,1.200,0.100,0.200,0.040,1.000,0.500,0.800,0.300,0.400
Shrub,5105,4.000,0.000,0.400,0.350,0.120,0.200,0.030,0.050,0.060,0.040,1.600,0.400,0.700,0.400,1.200,0.100,0.200,0.040,1.000,0.500,0.800,0.300,0.400
Shrub,5104,4.000,0.000,0.400,0.350,0.120,0.200,0.030,0.050,0.060,0.040,1.600,0.400,0.700,0.400,1.200,0.100,0.200,0.040,1.000,0.500,0.800,0.300,0.400
Shrub,5103,4.000,0.000,0.400,0.350,0.120,0.200,0.030,0.050,0.060,0.040,1.600,0.400,0.700,0.400,1.200,0.100,0.200,0.040,1.000,0.500,0.800,0.300,0.400
Shrub,5102,4.000,0.000,0.400,0.350,0.120,0.200,0.030,0.050,0.060,0.040,1.600,0.400,0.700,0.400,1.200,0.100,0.200,0.040,1.000,0.500,0.800,0.300,0.400
Shrub,5101,4.000,0.000,0.400,0.350,0.120,0.200,0.030,0.050,0.060,0.040,1.600,0.400,0.700,0.400,1.200,0.100,0.200,0.040,1.000,0.500,0.800,0.300,0.400
Shrub,5100,4.000,0.000,0.400,0.350,0.120,0.200,0.030,0.050,0.060,0.040,1.600,0.400,0.700,0.400,1.200,0.100,0.200,0.040,1.000,0.500,0.800,0.300,0.400
Shrub,5099,4.000,0.000,0.400,0.350,0.120,0.200,0.030,0.050,0.060,0.040,1.600,0.400,0.700,0.400,1.200,0.100,0.200,0.040,1.000,0.500,0.800,0.300,0.400
Shrub,5098,4.000,0.000,0.400,0.350,0.120,0.200,0.030,0.050,0.060,0.040,1.600,0.400,0.700,0.400,1.200,0.100,0.200,0.040,1.000,0.500,0.800,0.300,0.400
Shrub,5097,4.000,0.000,0.400,0.350,0.120,0.200,0.030,0.050,0.060,0.040,1.600,0.400,0.700,0.400,1.200,0.100,0.200,0.040,1.000,0.500,0.800,0.300,0.400
Shrub,5096,4.000,0.000,0.400,0.350,0.120,0.200,0.030,0.050,0.060,0.040,1.600,0.400,0.700,0.400,1.200,0.100,0.200,0.040,1.000,0.500,0.800,0.300,0.400
Shrub,5095,4.000,0.000,0.400,0.350,0.120,0.200,0.030,0.050,0.060,0.040,1.600,0.400,0.700,0.400,1.200,0.100,0.200,0.040,1.000,0.500,0.800,0.300,0.400
Shrub,5094,4.000,0.000,0.400,0.350,0.120,0.200,0.030,0.050,0.060,0.040,1.600,0.400,0.700,0.400,1.200,0.100,0.200,0.040,1.000,0.500,0.800,0.300,0.400
Shrub,5093,4.000,0.000,0.400,0.350,0.120,0.200,0.030,0.050,0.060,0.040,1.600,0.400,0.700,0.400,1.200,0.100,0.200,0.040,1.000,0.500,0.800,0.300,0.400
Shrub,5092,4.000,0.000,0.400,0.350,0.120,0.200,0.030,0.050,0.060,0.040,1.600,0.400,0.700,0.400,1.200,0.100,0.200,0.040,1.000,0.500,0.800,0.300,0.400
Shrub,5091,4.000,0.000,0.400,0.350,0.120,0.200,0.030,0.050,0.060,0.040,1.600,0.400,0.700,0.400,1.200,0.100,0.200,0.040,1.000,0.500,0.800,0.300,0.400
Shrub,5090,4.000,0.000,0.400,0.350,0.120,0.200,0.030,0.050,0.060,0.040,1.600,0.400,0.700,0.400,1.200,0.100,0.200,0.040,1.000,0.500,0.800,0.300,0.400
Shrub,5089,4.000,0.000,0.400,0.350,0.120,0.200,0.030,0.050,0.060,0.040,1.600,0.400,0.700,0.400,1.200,0.100,0.200,0.040,1.000,0.500,0.800,0.300,0.400
Shrub,5088,4.000,0.000,0.400,0.350,0.120,0.200,0.030,0.050,0.060,0.040,1.600,0.400,0.700,0.400,1.200,0.100,0.200,0.040,1.000,0.500,0.800,0.300,0.400
Shrub,5087,4.000,0.000,0.400,0.350,0.120,0.200,0.030,0.050,0.060,0.040,1.600,0.400,0.700,0.400,1.200,0.100,0.200,0.040,1.000,0.500,0.800,0.300,0.400
Shrub,5085,4.000,0.000,0.400,0.350,0.120,0.200,0.030,0.050,0.060,0.040,1.600,0.400,0.700,0.400,1.200,0.100,0.200,0.040,1.000,0.500,0.800,0.300,0.400
Shrub,5110,4.000,0.000,0.400,0.350,0.120,0.200,0.030,0.050,0.060,0.040,1.600,0.400,0.700,0.400,1.200,0.100,0.200,0.040,1.000,0.500,0.800,0.300,0.400
Shrub,5058,4.000,0.000,0.400,0.350,0.120,0.200,0.030,0.050,0.060,0.040,1.600,0.400,0.700,0.400,1.200,0.100,0.200,0.040,1.000,0.500,0.800,0.300,0.400
Shrub,5056,4.000,0.000,0.400,0.350,0.120,0.200,0.030,0.050,0.060,0.040,1.600,0.400,0.700,0.400,1.200,0.100,0.200,0.040,1.000,0.500,0.800,0.300,0.400
Shrub,5028,4.000,0.000,0.400,0.350,0.120,0.200,0.030,0.050,0.060,0.040,1.600,0.400,0.700,0.400,1.200,0.100,0.200,0.040,1.000,0.500,0.800,0.300,0.400
Shrub,5027,4.000,0.000,0.400,0.350,0.120,0.200,0.030,0.050,0.060,0.040,1.600,0.400,0.700,0.400,1.200,0.100,0.200,0.040,1.000,0.500,0.800,0.300,0.400
Shrub,5026,4.000,0.000,0.400,0.350,0.120,0.200,0.030,0.050,0.060,0.040,1.600,0.400,0.700,0.400,1.200,0.100,0.200,0.040,1.000,0.500,0.800,0.300,0.400
Shrub,5025,4.000,0.000,0.400,0.350,0.120,0.200,0.030,0.050,0.060,0.040,1.600,0.400,0.700,0.400,1.200,0.100,0.200,0.040,1.000,0.500,0.800,0.300,0.400
Shrub,5024,4.000,0.000,0.400,0.350,0.120,0.200,0.030,0.050,0.060,0.040,1.600,0.400,0.700,0.400,1.200,0.100,0.200,0.040,1.000,0.500,0.800,0.300,0.400
Shrub,5023,4.000,0.000,0.400,0.350,0.120,0.200,0.030,0.050,0.060,0.040,1.600,0.400,0.700,0.400,1.200,0.100,0.200,0.040,1.000,0.500,0.800,0.300,0.400
Shrub,5022,4.000,0.000,0.400,0.350,0.120,0.200,0.030,0.050,0.060,0.040,1.600,0.400,0.700,0.400,1.200,0.100,0.200,0.040,1.000,0.500,0.800,0.300,0.400
Shrub,5021,4.000,0.000,0.400,0.350,0.120,0.200,0.030,0.050,0.060,0.040,1.600,0.400,0.700,0.400,1.200,0.100,0.200,0.040,1.000,0.500,0.800,0.300,0.400
Shrub,5020,4.000,0.000,0.400,0.350,0.120,0.200,0.030,0.050,0.060,0.040,1.600,0.400,0.700,0.400,1.200,0.100,0.200,0.040,1.000,0.500,0.800,0.300,0.400
Shrub,5019,4.000,0.000,0.400,0.350,0.120,0.200,0.030,0.050,0.060,0.040,1.600,0.400,0.700,0.400,1.200,0.100,0.200,0.040,1.000,0.500,0.800,0.300,0.400
Shrub,5018,4.000,0.000,0.400,0.350,0.120,0.200,0.030,0.050,0.060,0.040,1.600,0.400,0.700,0.400,1.200,0.100,0.200,0.040,1.000,0.500,0.800,0.300,0.400
Shrub,5017,4.000,0.000,0.400,0.350,0.120,0.200,0.030,0.050,0.060,0.040,1.600,0.400,0.700,0.400,1.200,0.100,0.200,0.040,1.000,0.500,0.800,0.300,0.400
Shrub,5016,4.000,0.000,0.400,0.350,0.120,0.200,0.030,0.050,0.060,0.040,1.600,0.400,0.700,0.400,1.200,0.100,0.200,0.040,1.000,0.500,0.800,0.300,0.400
Shrub,5015,4.000,0.000,0.400,0.350,0.120,0.200,0.030,0.050,0.060,0.040,1.600,0.400,0.700,0.400,1.200,0.100,0.200,0.040,1.000,0.500,0.800,0.300,0.400
Shrub,5014,4.000,0.000,0.400,0.350,0.120,0.200,0.030,0.050,0.060,0.040,1.600,0.400,0.700,0.400,1.200,0.100,0.200,0.040,1.000,0.500,0.800,0.300,0.400
Shrub,5013,4.000,0.000,0.400,0.350,0.120,0.200,0.030,0.050,0.060,0.040,1.600,0.400,0.700,0.400,1.200,0.100,0.200,0.040,1.000,0.500,0.800,0.300,0.400
Shrub,5012,4.000,0.000,0.400,0.350,0.120,0.200,0.030,0.050,0.060,0.040,1.600,0.400,0.700,0.400,1.200,0.100,0.200,0.040,1.000,0.500,0.800,0.300,0.400
Shrub,5011,4.000,0.000,0.400,0.350,0.120,0.200,0.030,0.050,0.060,0.040,1.600,0.400,0.700,0.400,1.200,0.100,0.200,0.040,1.000,0.500,0.800,0.300,0.400
Shrub,5010,4.000,0.000,0.400,0.350,0.120,0.200,0.030,0.050,0.060,0.040,1.600,0.400,0.700,0.400,1.200,0.100,0.200,0.040,1.000,0.500,0.800,0.300,0.400
Shrub,5009,4.000,0.000,0.400,0.350,0.120,0.200,0.030,0.050,0.060,0.040,1.600,0.400,0.700,0.400,1.200,0.100,0.200,0.040,1.000,0.500,0.800,0.300,0.400
Shrub,5008,4.000,0.000,0.400,0.350,0.120,0.200,0.030,0.050,0.060,0.040,1.600,0.400,0.700,0.400,1.200,0.100,0.200,0.040,1.000,0.500,0.800,0.300,0.400
Shrub,5436,4.000,0.000,0.400,0.350,0.120,0.200,0.030,0.050,0.060,0.040,1.600,0.400,0.700,0.400,1.200,0.100,0.200,0.040,1.000,0.500,0.800,0.300,0.400
Shrub,5007,4.000,0.000,0.400,0.350,0.120,0.200,0.030,0.050,0.060,0.040,1.600,0.400,0.700,0.400,1.200,0.100,0.200,0.040,1.000,0.500,0.800,0.300,0.400
Shrub,5029,4.000,0.000,0.400,0.350,0.120,0.200,0.030,0.050,0.060,0.040,1.600,0.400,0.700,0.400,1.200,0.100,0.200,0.040,1.000,0.500,0.800,0.300,0.400
Shrub,5057,4.000,0.000,0.400,0.350,0.120,0.200,0.030,0.050,0.060,0.040,1.600,0.400,0.700,0.400,1.200,0.100,0.200,0.040,1.000,0.500,0.800,0.300,0.400
Shrub,5030,4.000,0.000,0.400,0.350,0.120,0.200,0.030,0.050,0.060,0.040,1.600,0.400,0.700,0.400,1.200,0.100,0.200,0.040,1.000,0.500,0.800,0.300,0.400
Shrub,5032,4.000,0.000,0.400,0.350,0.120,0.200,0.030,0.050,0.060,0.040,1.600,0.400,0.700,0.400,1.200,0.100,0.200,0.040,1.000,0.500,0.800,0.300,0.400
Shrub,5055,4.000,0.000,0.400,0.350,0.120,0.200,0.030,0.050,0.060,0.040,1.600,0.400,0.700,0.400,1.200,0.100,0.200,0.040,1.000,0.500,0.800,0.300,0.400
Shrub,5054,4.000,0.000,0.400,0.350,0.120,0.200,0.030,0.050,0.060,0.040,1.600,0.400,0.700,0.400,1.200,0.100,0.200,0.040,1.000,0.500,0.800,0.300,0.400
Shrub,5053,4.000,0.000,0.400,0.350,0.120,0.200,0.030,0.050,0.060,0.040,1.600,0.400,0.700,0.400,1.200,0.100,0.200,0.040,1.000,0.500,0.800,0.300,0.400
Shrub,5052,4.000,0.000,0.400,0.350,0.120,0.200,0.030,0.050,0.060,0.040,1.600,0.400,0.700,0.400,1.200,0.100,0.200,0.040,1.000,0.500,0.800,0.300,0.400
Shrub,5051,4.000,0.000,0.400,0.350,0.120,0.200,0.030,0.050,0.060,0.040,1.600,0.400,0.700,0.400,1.200,0.100,0.200,0.040,1.000,0.500,0.800,0.300,0.400
Shrub,5050,4.000,0.000,0.400,0.350,0.120,0.200,0.030,0.050,0.060,0.040,1.600,0.400,0.700,0.400,1.200,0.100,0.200,0.040,1.000,0.500,0.800,0.300,0.400
Shrub,5049,4.000,0.000,0.400,0.350,0.120,0.200,0.030,0.050,0.060,0.040,1.600,0.400,0.700,0.400,1.200,0.100,0.200,0.040,1.000,0.500,0.800,0.300,0.400
Shrub,5048,4.000,0.000,0.400,0.350,0.120,0.200,0.030,0.050,0.060,0.040,1.600,0.400,0.700,0.400,1.200,0.100,0.200,0.040,1.000,0.500,0.800,0.300,0.400
Shrub,5047,4.000,0.000,0.400,0.350,0.120,0.200,0.030,0.050,0.060,0.040,1.600,0.400,0.700,0.400,1.200,0.100,0.200,0.040,1.000,0.500,0.800,0.300,0.400
Shrub,5046,4.000,0.000,0.400,0.350,0.120,0.200,0.030,0.050,0.060,0.040,1.600,0.400,0.700,0.400,1.200,0.100,0.200,0.040,1.000,0.500,0.800,0.300,0.400
Shrub,5045,4.000,0.000,0.400,0.350,0.120,0.200,0.030,0.050,0.060,0.040,1.600,0.400,0.700,0.400,1.200,0.100,0.200,0.040,1.000,0.500,0.800,0.300,0.400
Shrub,5044,4.000,0.000,0.400,0.350,0.120,0.200,0.030,0.050,0.060,0.040,1.600,0.400,0.700,0.400,1.200,0.100,0.200,0.040,1.000,0.500,0.800,0.300,0.400
Shrub,5043,4.000,0.000,0.400,0.350,0.120,0.200,0.030,0.050,0.060,0.040,1.600,0.400,0.700,0.400,1.200,0.100,0.200,0.040,1.000,0.500,0.800,0.300,0.400
Shrub,5042,4.000,0.000,0.400,0.350,0.120,0.200,0.030,0.050,0.060,0.040,1.600,0.400,0.700,0.400,1.200,0.100,0.200,0.040,1.000,0.500,0.800,0.300,0.400
Shrub,5041,4.000,0.000,0.400,0.350,0.120,0.200,0.030,0.050,0.060,0.040,1.600,0.400,0.700,0.400,1.200,0.100,0.200,0.040,1.000,0.500,0.800,0.300,0.400
Shrub,5040,4.000,0.000,0.400,0.350,0.120,0.200,0.030,0.050,0.060,0.040,1.600,0.400,0.700,0.400,1.200,0.100,0.200,0.040,1.000,0.500,0.800,0.300,0.400
Shrub,5039,4.000,0.000,0.400,0.350,0.120,0.200,0.030,0.050,0.060,0.040,1.600,0.400,0.700,0.400,1.200,0.100,0.200,0.040,1.000,0.500,0.800,0.300,0.400
Shrub,5038,4.000,0.000,0.400,0.350,0.120,0.200,0.030,0.050,0.060,0.040,1.600,0.400,0.700,0.400,1.200,0.100,0.200,0.040,1.000,0.500,0.800,0.300,0.400
Shrub,5037,4.000,0.000,0.400,0.350,0.120,0.200,0.030,0.050,0.060,0.040,1.600,0.400,0.700,0.400,1.200,0.100,0.200,0.040,1.000,0.500,0.800,0.300,0.400
Shrub,5036,4.000,0.000,0.400,0.350,0.120,0.200,0.030,0.050,0.060,0.040,1.600,0.400,0.700,0.400,1.200,0.100,0.200,0.040,1.000,0.500,0.800,0.300,0.400
Shrub,5035,4.000,0.000,0.400,0.350,0.120,0.200,0.030,0.050,0.060,0.040,1.600,0.400,0.700,0.400,1.200,0.100,0.200,0.040,1.000,0.500,0.800,0.300,0.400
Shrub,5034,4.000,0.000,0.400,0.350,0.120,0.200,0.030,0.050,0.060,0.040,1.600,0.400,0.700,0.400,1.200,0.100,0.200,0.040,1.000,0.500,0.800,0.300,0.400
Shrub,5033,4.000,0.000,0.400,0.350,0.120,0.200,0.030,0.050,0.060,0.040,1.600,0.400,0.700,0.400,1.200,0.100,0.200,0.040,1.000,0.500,0.800,0.300,0.400
Shrub,5031,4.000,0.000,0.400,0.350,0.120,0.200,0.030,0.050,0.060,0.040,1.600,0.400,0.700,0.400,1.200,0.100,0.200,0.040,1.000,0.500,0.800,0.300,0.400
Shrub,5111,4.000,0.000,0.400,0.350,0.120,0.200,0.030,0.050,0.060,0.040,1.600,0.400,0.700,0.400,1.200,0.100,0.200,0.040,1.000,0.500,0.800,0.300,0.400
Shrub,5112,4.000,0.000,0.400,0.350,0.120,0.200,0.030,0.050,0.060,0.040,1.600,0.400,0.700,0.400,1.200,0.100,0.200,0.040,1.000,0.500,0.800,0.300,0.400
Shrub,5113,4.000,0.000,0.400,0.350,0.120,0.200,0.030,0.050,0.060,0.040,1.600,0.400,0.700,0.400,1.200,0.100,0.200,0.040,1.000,0.500,0.800,0.300,0.400
Shrub,5192,4.000,0.000,0.400,0.350,0.120,0.200,0.030,0.050,0.060,0.040,1.600,0.400,0.700,0.400,1.200,0.100,0.200,0.040,1.000,0.500,0.800,0.300,0.400
Shrub,5191,4.000,0.000,0.400,0.350,0.120,0.200,0.030,0.050,0.060,0.040,1.600,0.400,0.700,0.400,1.200,0.100,0.200,0.040,1.000,0.500,0.800,0.300,0.400
Shrub,5190,4.000,0.000,0.400,0.350,0.120,0.200,0.030,0.050,0.060,0.040,1.600,0.400,0.700,0.400,1.200,0.100,0.200,0.040,1.000,0.500,0.800,0.300,0.400
Shrub,5189,4.000,0.000,0.400,0.350,0.120,0.200,0.030,0.050,0.060,0.040,1.600,0.400,0.700,0.400,1.200,0.100,0.200,0.040,1.000,0.500,0.800,0.300,0.400
Shrub,5188,4.000,0.000,0.400,0.350,0.120,0.200,0.030,0.050,0.060,0.040,1.600,0.400,0.700,0.400,1.200,0.100,0.200,0.040,1.000,0.500,0.800,0.300,0.400
Shrub,5187,4.000,0.000,0.400,0.350,0.120,0.200,0.030,0.050,0.060,0.040,1.600,0.400,0.700,0.400,1.200,0.100,0.200,0.040,1.000,0.500,0.800,0.300,0.400
Shrub,5186,4.000,0.000,0.400,0.350,0.120,0.200,0.030,0.050,0.060,0.040,1.600,0.400,0.700,0.400,1.200,0.100,0.200,0.040,1.000,0.500,0.800,0.300,0.400
Shrub,5185,4.000,0.000,0.400,0.350,0.120,0.200,0.030,0.050,0.060,0.040,1.600,0.400,0.700,0.400,1.200,0.100,0.200,0.040,1.000,0.500,0.800,0.300,0.400
Shrub,5184,4.000,0.000,0.400,0.350,0.120,0.200,0.030,0.050,0.060,0.040,1.600,0.400,0.700,0.400,1.200,0.100,0.200,0.040,1.000,0.500,0.800,0.300,0.400
Shrub,5183,4.000,0.000,0.400,0.350,0.120,0.200,0.030,0.050,0.060,0.040,1.600,0.400,0.700,0.400,1.200,0.100,0.200,0.040,1.000,0.500,0.800,0.300,0.400
Shrub,5182,4.000,0.000,0.400,0.350,0.120,0.200,0.030,0.050,0.060,0.040,1.600,0.400,0.700,0.400,1.200,0.100,0.200,0.040,1.000,0.500,0.800,0.300,0.400
Shrub,5181,4.000,0.000,0.400,0.350,0.120,0.200,0.030,0.050,0.060,0.040,1.600,0.400,0.700,0.400,1.200,0.100,0.200,0.040,1.000,0.500,0.800,0.300,0.400
Shrub,5180,4.000,0.000,0.400,0.350,0.120,0.200,0.030,0.050,0.060,0.040,1.600,0.400,0.700,0.400,1.200,0.100,0.200,0.040,1.000,0.500,0.800,0.300,0.400
Shrub,5179,4.000,0.000,0.400,0.350,0.120,0.200,0.030,0.050,0.060,0.040,1.600,0.400,0.700,0.400,1.200,0.100,0.200,0.040,1.000,0.500,0.800,0.300,0.400
Shrub,5178,4.000,0.000,0.400,0.350,0.120,0.200,0.030,0.050,0.060,0.040,1.600,0.400,0.700,0.400,1.200,0.100,0.200,0.040,1.000,0.500,0.800,0.300,0.400
Shrub,5177,4.000,0.000,0.400,0.350,0.120,0.200,0.030,0.050,0.060,0.040,1.600,0.400,0.700,0.400,1.200,0.100,0.200,0.040,1.000,0.500,0.800,0.300,0.400
Shrub,5176,4.000,0.000,0.400,0.350,0.120,0.200,0.030,0.050,0.060,0.040,1.600,0.400,0.700,0.400,1.200,0.100,0.200,0.040,1.000,0.500,0.800,0.300,0.400
Shrub,5175,4.000,0.000,0.400,0.350,0.120,0.200,0.030,0.050,0.060,0.040,1.600,0.400,0.700,0.400,1.200,0.100,0.200,0.040,1.000,0.500,0.800,0.300,0.400
Shrub,5174,4.000,0.000,0.400,0.350,0.120,0.200,0.030,0.050,0.060,0.040,1.600,0.400,0.700,0.400,1.200,0.100,0.200,0.040,1.000,0.500,0.800,0.300,0.400
Shrub,5173,4.000,0.000,0.400,0.350,0.120,0.200,0.030,0.050,0.060,0.040,1.600,0.400,0.700,0.400,1.200,0.100,0.200,0.040,1.000,0.500,0.800,0.300,0.400
Shrub,5172,4.000,0.000,0.400,0.350,0.120,0.200,0.030,0.050,0.060,0.040,1.600,0.400,0.700,0.400,1.200,0.100,0.200,0.040,1.000,0.500,0.800,0.300,0.400
Shrub,5171,4.000,0.000,0.400,0.350,0.120,0.200,0.030,0.050,0.060,0.040,1.600,0.400,0.700,0.400,1.200,0.100,0.200,0.040,1.000,0.500,0.800,0.300,0.400
Shrub,5170,4.000,0.000,0.400,0.350,0.120,0.200,0.030,0.050,0.060,0.040,1.600,0.400,0.700,0.400,1.200,0.100,0.200,0.040,1.000,0.500,0.800,0.300,0.400
Shrub,5193,4.000,0.000,0.400,0.350,0.120,0.200,0.030,0.050,0.060,0.040,1.600,0.400,0.700,0.400,1.200,0.100,0.200,0.040,1.000,0.500,0.800,0.300,0.400
Shrub,5169,4.000,0.000,0.400,0.350,0.120,0.200,0.030,0.050,0.060,0.040,1.600,0.400,0.700,0.400,1.200,0.100,0.200,0.040,1.000,0.500,0.800,0.300,0.400
Shrub,5194,4.000,0.000,0.400,0.350,0.120,0.200,0.030,0.050,0.060,0.040,1.600,0.400,0.700,0.400,1.200,0.100,0.200,0.040,1.000,0.500,0.800,0.300,0.400
Shrub,5196,4.000,0.000,0.400,0.350,0.120,0.200,0.030,0.050,0.060,0.040,1.600,0.400,0.700,0.400,1.200,0.100,0.200,0.040,1.000,0.500,0.800,0.300,0.400
Shrub,5219,4.000,0.000,0.400,0.350,0.120,0.200,0.030,0.050,0.060,0.040,1.600,0.400,0.700,0.400,1.200,0.100,0.200,0.040,1.000,0.500,0.800,0.300,0.400
Shrub,5218,4.000,0.000,0.400,0.350,0.120,0.200,0.030,0.050,0.060,0.040,1.600,0.400,0.700,0.400,1.200,0.100,0.200,0.040,1.000,0.500,0.800,0.300,0.400
Shrub,5217,4.000,0.000,0.400,0.350,0.120,0.200,0.030,0.050,0.060,0.040,1.600,0.400,0.700,0.400,1.200,0.100,0.200,0.040,1.000,0.500,0.800,0.300,0.400
Shrub,5216,4.000,0.000,0.400,0.350,0.120,0.200,0.030,0.050,0.060,0.040,1.600,0.400,0.700,0.400,1.200,0.100,0.200,0.040,1.000,0.500,0.800,0.300,0.400
Shrub,5215,4.000,0.000,0.400,0.350,0.120,0.200,0.030,0.050,0.060,0.040,1.600,0.400,0.700,0.400,1.200,0.100,0.200,0.040,1.000,0.500,0.800,0.300,0.400
Shrub,5214,4.000,0.000,0.400,0.350,0.120,0.200,0.030,0.050,0.060,0.040,1.600,0.400,0.700,0.400,1.200,0.100,0.200,0.040,1.000,0.500,0.800,0.300,0.400
Shrub,5213,4.000,0.000,0.400,0.350,0.120,0.200,0.030,0.050,0.060,0.040,1.600,0.400,0.700,0.400,1.200,0.100,0.200,0.040,1.000,0.500,0.800,0.300,0.400
Shrub,5212,4.000,0.000,0.400,0.350,0.120,0.200,0.030,0.050,0.060,0.040,1.600,0.400,0.700,0.400,1.200,0.100,0.200,0.040,1.000,0.500,0.800,0.300,0.400
Shrub,5211,4.000,0.000,0.400,0.350,0.120,0.200,0.030,0.050,0.060,0.040,1.600,0.400,0.700,0.400,1.200,0.100,0.200,0.040,1.000,0.500,0.800,0.300,0.400
Shrub,5210,4.000,0.000,0.400,0.350,0.120,0.200,0.030,0.050,0.060,0.040,1.600,0.400,0.700,0.400,1.200,0.100,0.200,0.040,1.000,0.500,0.800,0.300,0.400
Shrub,5209,4.000,0.000,0.400,0.350,0.120,0.200,0.030,0.050,0.060,0.040,1.600,0.400,0.700,0.400,1.200,0.100,0.200,0.040,1.000,0.500,0.800,0.300,0.400
Shrub,5208,4.000,0.000,0.400,0.350,0.120,0.200,0.030,0.050,0.060,0.040,1.600,0.400,0.700,0.400,1.200,0.100,0.200,0.040,1.000,0.500,0.800,0.300,0.400
Shrub,5207,4.000,0.000,0.400,0.350,0.120,0.200,0.030,0.050,0.060,0.040,1.600,0.400,0.700,0.400,1.200,0.100,0.200,0.040,1.000,0.500,0.800,0.300,0.400
Shrub,5206,4.000,0.000,0.400,0.350,0.120,0.200,0.030,0.050,0.060,0.040,1.600,0.400,0.700,0.400,1.200,0.100,0.200,0.040,1.000,0.500,0.800,0.300,0.400
Shrub,5205,4.000,0.000,0.400,0.350,0.120,0.200,0.030,0.050,0.060,0.040,1.600,0.400,0.700,0.400,1.200,0.100,0.200,0.040,1.000,0.500,0.800,0.300,0.400
Shrub,5204,4.000,0.000,0.400,0.350,0.120,0.200,0.030,0.050,0.060,0.040,1.600,0.400,0.700,0.400,1.200,0.100,0.200,0.040,1.000,0.500,0.800,0.300,0.400
Shrub,5203,4.000,0.000,0.400,0.350,0.120,0.200,0.030,0.050,0.060,0.040,1.600,0.400,0.700,0.400,1.200,0.100,0.200,0.040,1.000,0.500,0.800,0.300,0.400
Shrub,5202,4.000,0.000,0.400,0.350,0.120,0.200,0.030,0.050,0.060,0.040,1.600,0.400,0.700,0.400,1.200,0.100,0.200,0.040,1.000,0.500,0.800,0.300,0.400
Shrub,5201,4.000,0.000,0.400,0.350,0.120,0.200,0.030,0.050,0.060,0.040,1.600,0.400,0.700,0.400,1.200,0.100,0.200,0.040,1.000,0.500,0.800,0.300,0.400
Shrub,5200,4.000,0.000,0.400,0.350,0.120,0.200,0.030,0.050,0.060,0.040,1.600,0.400,0.700,0.400,1.200,0.100,0.200,0.040,1.000,0.500,0.800,0.300,0.400
Shrub,5199,4.000,0.000,0.400,0.350,0.120,0.200,0.030,0.050,0.060,0.040,1.600,0.400,0.700,0.400,1.200,0.100,0.200,0.040,1.000,0.500,0.800,0.300,0.400
Shrub,5198,4.000,0.000,0.400,0.350,0.120,0.200,0.030,0.050,0.060,0.040,1.600,0.400,0.700,0.400,1.200,0.100,0.200,0.040,1.000,0.500,0.800,0.300,0.400
Shrub,5197,4.000,0.000,0.400,0.350,0.120,0.200,0.030,0.050,0.060,0.040,1.600,0.400,0.700,0.400,1.200,0.100,0.200,0.040,1.000,0.500,0.800,0.300,0.400
Shrub,5195,4.000,0.000,0.400,0.350,0.120,0.200,0.030,0.050,0.060,0.040,1.600,0.400,0.700,0.400,1.200,0.100,0.200,0.040,1.000,0.500,0.800,0.300,0.400
Shrub,5168,4.000,0.000,0.400,0.350,0.120,0.200,0.030,0.050,0.060,0.040,1.600,0.400,0.700,0.400,1.200,0.100,0.200,0.040,1.000,0.500,0.800,0.300,0.400
Shrub,5167,4.000,0.000,0.400,0.350,0.120,0.200,0.030,0.050,0.060,0.040,1.600,0.400,0.700,0.400,1.200,0.100,0.200,0.040,1.000,0.500,0.800,0.300,0.400
Shrub,5166,4.000,0.000,0.400,0.350,0.120,0.200,0.030,0.050,0.060,0.040,1.600,0.400,0.700,0.400,1.200,0.100,0.200,0.040,1.000,0.500,0.800,0.300,0.400
Shrub,5137,4.000,0.000,0.400,0.350,0.120,0.200,0.030,0.050,0.060,0.040,1.600,0.400,0.700,0.400,1.200,0.100,0.200,0.040,1.000,0.500,0.800,0.300,0.400
Shrub,5136,4.000,0.000,0.400,0.350,0.120,0.200,0.030,0.050,0.060,0.040,1.600,0.400,0.700,0.400,1.200,0.100,0.200,0.040,1.000,0.500,0.800,0.300,0.400
Shrub,5135,4.000,0.000,0.400,0.350,0.120,0.200,0.030,0.050,0.060,0.040,1.600,0.400,0.700,0.400,1.200,0.100,0.200,0.040,1.000,0.500,0.800,0.300,0.400
Shrub,5134,4.000,0.000,0.400,0.350,0.120,0.200,0.030,0.050,0.060,0.040,1.600,0.400,0.700,0.400,1.200,0.100,0.200,0.040,1.000,0.500,0.800,0.300,0.400
Shrub,5133,4.000,0.000,0.400,0.350,0.120,0.200,0.030,0.050,0.060,0.040,1.600,0.400,0.700,0.400,1.200,0.100,0.200,0.040,1.000,0.500,0.800,0.300,0.400
Shrub,5132,4.000,0.000,0.400,0.350,0.120,0.200,0.030,0.050,0.060,0.040,1.600,0.400,0.700,0.400,1.200,0.100,0.200,0.040,1.000,0.500,0.800,0.300,0.400
Shrub,5131,4.000,0.000,0.400,0.350,0.120,0.200,0.030,0.050,0.060,0.040,1.600,0.400,0.700,0.400,1.200,0.100,0.200,0.040,1.000,0.500,0.800,0.300,0.400
Shrub,5130,4.000,0.000,0.400,0.350,0.120,0.200,0.030,0.050,0.060,0.040,1.600,0.400,0.700,0.400,1.200,0.100,0.200,0.040,1.000,0.500,0.800,0.300,0.400
Shrub,5129,4.000,0.000,0.400,0.350,0.120,0.200,0.030,0.050,0.060,0.040,1.600,0.400,0.700,0.400,1.200,0.100,0.200,0.040,1.000,0.500,0.800,0.300,0.400
Shrub,5128,4.000,0.000,0.400,0.350,0.120,0.200,0.030,0.050,0.060,0.040,1.600,0.400,0.700,0.400,1.200,0.100,0.200,0.040,1.000,0.500,0.800,0.300,0.400
Shrub,5127,4.000,0.000,0.400,0.350,0.120,0.200,0.030,0.050,0.060,0.040,1.600,0.400,0.700,0.400,1.200,0.100,0.200,0.040,1.000,0.500,0.800,0.300,0.400
Shrub,5126,4.000,0.000,0.400,0.350,0.120,0.200,0.030,0.050,0.060,0.040,1.600,0.400,0.700,0.400,1.200,0.100,0.200,0.040,1.000,0.500,0.800,0.300,0.400
Shrub,5125,4.000,0.000,0.400,0.350,0.120,0.200,0.030,0.050,0.060,0.040,1.600,0.400,0.700,0.400,1.200,0.100,0.200,0.040,1.000,0.500,0.800,0.300,0.400
Shrub,5124,4.000,0.000,0.400,0.350,0.120,0.200,0.030,0.050,0.060,0.040,1.600,0.400,0.700,0.400,1.200,0.100,0.200,0.040,1.000,0.500,0.800,0.300,0.400
Shrub,5123,4.000,0.000,0.400,0.350,0.120,0.200,0.030,0.050,0.060,0.040,1.600,0.400,0.700,0.400,1.200,0.100,0.200,0.040,1.000,0.500,0.800,0.300,0.400
Shrub,5122,4.000,0.000,0.400,0.350,0.120,0.200,0.030,0.050,0.060,0.040,1.600,0.400,0.700,0.400,1.200,0.100,0.200,0.040,1.000,0.500,0.800,0.300,0.400
Shrub,5121,4.000,0.000,0.400,0.350,0.120,0.200,0.030,0.050,0.060,0.040,1.600,0.400,0.700,0.400,1.200,0.100,0.200,0.040,1.000,0.500,0.800,0.300,0.400
Shrub,5120,4.000,0.000,0.400,0.350,0.120,0.200,0.030,0.050,0.060,0.040,1.600,0.400,0.700,0.400,1.200,0.100,0.200,0.040,1.000,0.500,0.800,0.300,0.400
Shrub,5119,4.000,0.000,0.400,0.350,0.120,0.200,0.030,0.050,0.060,0.040,1.600,0.400,0.700,0.400,1.200,0.100,0.200,0.040,1.000,0.500,0.800,0.300,0.400
Shrub,5118,4.000,0.000,0.400,0.350,0.120,0.200,0.030,0.050,0.060,0.040,1.600,0.400,0.700,0.400,1.200,0.100,0.200,0.040,1.000,0.500,0.800,0.300,0.400
Shrub,5117,4.000,0.000,0.400,0.350,0.120,0.200,0.030,0.050,0.060,0.040,1.600,0.400,0.700,0.400,1.200,0.100,0.200,0.040,1.000,0.500,0.800,0.300,0.400
Shrub,5115,4.000,0.000,0.400,0.350,0.120,0.200,0.030,0.050,0.060,0.040,1.600,0.400,0.700,0.400,1.200,0.100,0.200,0.040,1.000,0.500,0.800,0.300,0.400
Shrub,5114,4.000,0.000,0.400,0.350,0.120,0.200,0.030,0.050,0.060,0.040,1.600,0.400,0.700,0.400,1.200,0.100,0.200,0.040,1.000,0.500,0.800,0.300,0.400
Shrub,5138,4.000,0.000,0.400,0.350,0.120,0.200,0.030,0.050,0.060,0.040,1.600,0.400,0.700,0.400,1.200,0.100,0.200,0.040,1.000,0.500,0.800,0.300,0.400
Shrub,5139,4.000,0.000,0.400,0.350,0.120,0.200,0.030,0.050,0.060,0.040,1.600,0.400,0.700,0.400,1.200,0.100,0.200,0.040,1.000,0.500,0.800,0.300,0.400
Shrub,5140,4.000,0.000,0.400,0.350,0.120,0.200,0.030,0.050,0.060,0.040,1.600,0.400,0.700,0.400,1.200,0.100,0.200,0.040,1.000,0.500,0.800,0.300,0.400
Shrub,5141,4.000,0.000,0.400,0.350,0.120,0.200,0.030,0.050,0.060,0.040,1.600,0.400,0.700,0.400,1.200,0.100,0.200,0.040,1.000,0.500,0.800,0.300,0.400
Shrub,5165,4.000,0.000,0.400,0.350,0.120,0.200,0.030,0.050,0.060,0.040,1.600,0.400,0.700,0.400,1.200,0.100,0.200,0.040,1.000,0.500,0.800,0.300,0.400
Shrub,5164,4.000,0.000,0.400,0.350,0.120,0.200,0.030,0.050,0.060,0.040,1.600,0.400,0.700,0.400,1.200,0.100,0.200,0.040,1.000,0.500,0.800,0.300,0.400
Shrub,5163,4.000,0.000,0.400,0.350,0.120,0.200,0.030,0.050,0.060,0.040,1.600,0.400,0.700,0.400,1.200,0.100,0.200,0.040,1.000,0.500,0.800,0.300,0.400
Shrub,5162,4.000,0.000,0.400,0.350,0.120,0.200,0.030,0.050,0.060,0.040,1.600,0.400,0.700,0.400,1.200,0.100,0.200,0.040,1.000,0.500,0.800,0.300,0.400
Shrub,5161,4.000,0.000,0.400,0.350,0.120,0.200,0.030,0.050,0.060,0.040,1.600,0.400,0.700,0.400,1.200,0.100,0.200,0.040,1.000,0.500,0.800,0.300,0.400
Shrub,5160,4.000,0.000,0.400,0.350,0.120,0.200,0.030,0.050,0.060,0.040,1.600,0.400,0.700,0.400,1.200,0.100,0.200,0.040,1.000,0.500,0.800,0.300,0.400
Shrub,5159,4.000,0.000,0.400,0.350,0.120,0.200,0.030,0.050,0.060,0.040,1.600,0.400,0.700,0.400,1.200,0.100,0.200,0.040,1.000,0.500,0.800,0.300,0.400
Shrub,5158,4.000,0.000,0.400,0.350,0.120,0.200,0.030,0.050,0.060,0.040,1.600,0.400,0.700,0.400,1.200,0.100,0.200,0.040,1.000,0.500,0.800,0.300,0.400
Shrub,5157,4.000,0.000,0.400,0.350,0.120,0.200,0.030,0.050,0.060,0.040,1.600,0.400,0.700,0.400,1.200,0.100,0.200,0.040,1.000,0.500,0.800,0.300,0.400
Shrub,5156,4.000,0.000,0.400,0.350,0.120,0.200,0.030,0.050,0.060,0.040,1.600,0.400,0.700,0.400,1.200,0.100,0.200,0.040,1.000,0.500,0.800,0.300,0.400
Shrub,5155,4.000,0.000,0.400,0.350,0.120,0.200,0.030,0.050,0.060,0.040,1.600,0.400,0.700,0.400,1.200,0.100,0.200,0.040,1.000,0.500,0.800,0.300,0.400
Shrub,5221,4.000,0.000,0.400,0.350,0.120,0.200,0.030,0.050,0.060,0.040,1.600,0.400,0.700,0.400,1.200,0.100,0.200,0.040,1.000,0.500,0.800,0.300,0.400
Shrub,5154,4.000,0.000,0.400,0.350,0.120,0.200,0.030,0.050,0.060,0.040,1.600,0.400,0.700,0.400,1.200,0.100,0.200,0.040,1.000,0.500,0.800,0.300,0.400
Shrub,5152,4.000,0.000,0.400,0.350,0.120,0.200,0.030,0.050,0.060,0.040,1.600,0.400,0.700,0.400,1.200,0.100,0.200,0.040,1.000,0.500,0.800,0.300,0.400
Shrub,5151,4.000,0.000,0.400,0.350,0.120,0.200,0.030,0.050,0.060,0.040,1.600,0.400,0.700,0.400,1.200,0.100,0.200,0.040,1.000,0.500,0.800,0.300,0.400
Shrub,5150,4.000,0.000,0.400,0.350,0.120,0.200,0.030,0.050,0.060,0.040,1.600,0.400,0.700,0.400,1.200,0.100,0.200,0.040,1.000,0.500,0.800,0.300,0.400
Shrub,5149,4.000,0.000,0.400,0.350,0.120,0.200,0.030,0.050,0.060,0.040,1.600,0.400,0.700,0.400,1.200,0.100,0.200,0.040,1.000,0.500,0.800,0.300,0.400
Shrub,5148,4.000,0.000,0.400,0.350,0.120,0.200,0.030,0.050,0.060,0.040,1.600,0.400,0.700,0.400,1.200,0.100,0.200,0.040,1.000,0.500,0.800,0.300,0.400
Shrub,5147,4.000,0.000,0.400,0.350,0.120,0.200,0.030,0.050,0.060,0.040,1.600,0.400,0.700,0.400,1.200,0.100,0.200,0.040,1.000,0.500,0.800,0.300,0.400
Shrub,5146,4.000,0.000,0.400,0.350,0.120,0.200,0.030,0.050,0.060,0.040,1.600,0.400,0.700,0.400,1.200,0.100,0.200,0.040,1.000,0.500,0.800,0.300,0.400
Shrub,5145,4.000,0.000,0.400,0.350,0.120,0.200,0.030,0.050,0.060,0.040,1.600,0.400,0.700,0.400,1.200,0.100,0.200,0.040,1.000,0.500,0.800,0.300,0.400
Shrub,5144,4.000,0.000,0.400,0.350,0.120,0.200,0.030,0.050,0.060,0.040,1.600,0.400,0.700,0.400,1.200,0.100,0.200,0.040,1.000,0.500,0.800,0.300,0.400
Shrub,5143,4.000,0.000,0.400,0.350,0.120,0.200,0.030,0.050,0.060,0.040,1.600,0.400,0.700,0.400,1.200,0.100,0.200,0.040,1.000,0.500,0.800,0.300,0.400
Shrub,5142,4.000,0.000,0.400,0.350,0.120,0.200,0.030,0.050,0.060,0.040,1.600,0.400,0.700,0.400,1.200,0.100,0.200,0.040,1.000,0.500,0.800,0.300,0.400
Shrub,5153,4.000,0.000,0.400,0.350,0.120,0.200,0.030,0.050,0.060,0.040,1.600,0.400,0.700,0.400,1.200,0.100,0.200,0.040,1.000,0.500,0.800,0.300,0.400
Shrub,5437,4.000,0.000,0.400,0.350,0.120,0.200,0.030,0.050,0.060,0.040,1.600,0.400,0.700,0.400,1.200,0.100,0.200,0.040,1.000,0.500,0.800,0.300,0.400
Shrub,5653,4.000,0.000,0.400,0.350,0.120,0.200,0.030,0.050,0.060,0.040,1.600,0.400,0.700,0.400,1.200,0.100,0.200,0.040,1.000,0.500,0.800,0.300,0.400
Shrub,5439,4.000,0.000,0.400,0.350,0.120,0.200,0.030,0.050,0.060,0.040,1.600,0.400,0.700,0.400,1.200,0.100,0.200,0.040,1.000,0.500,0.800,0.300,0.400
Shrub,5734,4.000,0.000,0.400,0.350,0.120,0.200,0.030,0.050,0.060,0.040,1.600,0.400,0.700,0.400,1.200,0.100,0.200,0.040,1.000,0.500,0.800,0.300,0.400
Shrub,5733,4.000,0.000,0.400,0.350,0.120,0.200,0.030,0.050,0.060,0.040,1.600,0.400,0.700,0.400,1.200,0.100,0.200,0.040,1.000,0.500,0.800,0.300,0.400
Shrub,5732,4.000,0.000,0.400,0.350,0.120,0.200,0.030,0.050,0.060,0.040,1.600,0.400,0.700,0.400,1.200,0.100,0.200,0.040,1.000,0.500,0.800,0.300,0.400
Shrub,5731,4.000,0.000,0.400,0.350,0.120,0.200,0.030,0.050,0.060,0.040,1.600,0.400,0.700,0.400,1.200,0.100,0.200,0.040,1.000,0.500,0.800,0.300,0.400
Shrub,5730,4.000,0.000,0.400,0.350,0.120,0.200,0.030,0.050,0.060,0.040,1.600,0.400,0.700,0.400,1.200,0.100,0.200,0.040,1.000,0.500,0.800,0.300,0.400
Shrub,5729,4.000,0.000,0.400,0.350,0.120,0.200,0.030,0.050,0.060,0.040,1.600,0.400,0.700,0.400,1.200,0.100,0.200,0.040,1.000,0.500,0.800,0.300,0.400
Shrub,5728,4.000,0.000,0.400,0.350,0.120,0.200,0.030,0.050,0.060,0.040,1.600,0.400,0.700,0.400,1.200,0.100,0.200,0.040,1.000,0.500,0.800,0.300,0.400
Shrub,5727,4.000,0.000,0.400,0.350,0.120,0.200,0.030,0.050,0.060,0.040,1.600,0.400,0.700,0.400,1.200,0.100,0.200,0.040,1.000,0.500,0.800,0.300,0.400
Shrub,5726,4.000,0.000,0.400,0.350,0.120,0.200,0.030,0.050,0.060,0.040,1.600,0.400,0.700,0.400,1.200,0.100,0.200,0.040,1.000,0.500,0.800,0.300,0.400
Shrub,5725,4.000,0.000,0.400,0.350,0.120,0.200,0.030,0.050,0.060,0.040,1.600,0.400,0.700,0.400,1.200,0.100,0.200,0.040,1.000,0.500,0.800,0.300,0.400
Shrub,5724,4.000,0.000,0.400,0.350,0.120,0.200,0.030,0.050,0.060,0.040,1.600,0.400,0.700,0.400,1.200,0.100,0.200,0.040,1.000,0.500,0.800,0.300,0.400
Shrub,5723,4.000,0.000,0.400,0.350,0.120,0.200,0.030,0.050,0.060,0.040,1.600,0.400,0.700,0.400,1.200,0.100,0.200,0.040,1.000,0.500,0.800,0.300,0.400
Shrub,5722,4.000,0.000,0.400,0.350,0.120,0.200,0.030,0.050,0.060,0.040,1.600,0.400,0.700,0.400,1.200,0.100,0.200,0.040,1.000,0.500,0.800,0.300,0.400
Shrub,5721,4.000,0.000,0.400,0.350,0.120,0.200,0.030,0.050,0.060,0.040,1.600,0.400,0.700,0.400,1.200,0.100,0.200,0.040,1.000,0.500,0.800,0.300,0.400
Shrub,5720,4.000,0.000,0.400,0.350,0.120,0.200,0.030,0.050,0.060,0.040,1.600,0.400,0.700,0.400,1.200,0.100,0.200,0.040,1.000,0.500,0.800,0.300,0.400
Shrub,5719,4.000,0.000,0.400,0.350,0.120,0.200,0.030,0.050,0.060,0.040,1.600,0.400,0.700,0.400,1.200,0.100,0.200,0.040,1.000,0.500,0.800,0.300,0.400
Shrub,5718,4.000,0.000,0.400,0.350,0.120,0.200,0.030,0.050,0.060,0.040,1.600,0.400,0.700,0.400,1.200,0.100,0.200,0.040,1.000,0.500,0.800,0.300,0.400
Shrub,5717,4.000,0.000,0.400,0.350,0.120,0.200,0.030,0.050,0.060,0.040,1.600,0.400,0.700,0.400,1.200,0.100,0.200,0.040,1.000,0.500,0.800,0.300,0.400
Shrub,5716,4.000,0.000,0.400,0.350,0.120,0.200,0.030,0.050,0.060,0.040,1.600,0.400,0.700,0.400,1.200,0.100,0.200,0.040,1.000,0.500,0.800,0.300,0.400
Shrub,5715,4.000,0.000,0.400,0.350,0.120,0.200,0.030,0.050,0.060,0.040,1.600,0.400,0.700,0.400,1.200,0.100,0.200,0.040,1.000,0.500,0.800,0.300,0.400
Shrub,5714,4.000,0.000,0.400,0.350,0.120,0.200,0.030,0.050,0.060,0.040,1.600,0.400,0.700,0.400,1.200,0.100,0.200,0.040,1.000,0.500,0.800,0.300,0.400
Shrub,5713,4.000,0.000,0.400,0.350,0.120,0.200,0.030,0.050,0.060,0.040,1.600,0.400,0.700,0.400,1.200,0.100,0.200,0.040,1.000,0.500,0.800,0.300,0.400
Shrub,5712,4.000,0.000,0.400,0.350,0.120,0.200,0.030,0.050,0.060,0.040,1.600,0.400,0.700,0.400,1.200,0.100,0.200,0.040,1.000,0.500,0.800,0.300,0.400
Shrub,5735,4.000,0.000,0.400,0.350,0.120,0.200,0.030,0.050,0.060,0.040,1.600,0.400,0.700,0.400,1.200,0.100,0.200,0.040,1.000,0.500,0.800,0.300,0.400
Shrub,5711,4.000,0.000,0.400,0.350,0.120,0.200,0.030,0.050,0.060,0.040,1.600,0.400,0.700,0.400,1.200,0.100,0.200,0.040,1.000,0.500,0.800,0.300,0.400
Shrub,5736,4.000,0.000,0.400,0.350,0.120,0.200,0.030,0.050,0.060,0.040,1.600,0.400,0.700,0.400,1.200,0.100,0.200,0.040,1.000,0.500,0.800,0.300,0.400
Shrub,5738,4.000,0.000,0.400,0.350,0.120,0.200,0.030,0.050,0.060,0.040,1.600,0.400,0.700,0.400,1.200,0.100,0.200,0.040,1.000,0.500,0.800,0.300,0.400
Shrub,5761,4.000,0.000,0.400,0.350,0.120,0.200,0.030,0.050,0.060,0.040,1.600,0.400,0.700,0.400,1.200,0.100,0.200,0.040,1.000,0.500,0.800,0.300,0.400
Shrub,5760,4.000,0.000,0.400,0.350,0.120,0.200,0.030,0.050,0.060,0.040,1.600,0.400,0.700,0.400,1.200,0.100,0.200,0.040,1.000,0.500,0.800,0.300,0.400
Shrub,5759,4.000,0.000,0.400,0.350,0.120,0.200,0.030,0.050,0.060,0.040,1.600,0.400,0.700,0.400,1.200,0.100,0.200,0.040,1.000,0.500,0.800,0.300,0.400
Shrub,5758,4.000,0.000,0.400,0.350,0.120,0.200,0.030,0.050,0.060,0.040,1.600,0.400,0.700,0.400,1.200,0.100,0.200,0.040,1.000,0.500,0.800,0.300,0.400
Shrub,5757,4.000,0.000,0.400,0.350,0.120,0.200,0.030,0.050,0.060,0.040,1.600,0.400,0.700,0.400,1.200,0.100,0.200,0.040,1.000,0.500,0.800,0.300,0.400
Shrub,5756,4.000,0.000,0.400,0.350,0.120,0.200,0.030,0.050,0.060,0.040,1.600,0.400,0.700,0.400,1.200,0.100,0.200,0.040,1.000,0.500,0.800,0.300,0.400
Shrub,5755,4.000,0.000,0.400,0.350,0.120,0.200,0.030,0.050,0.060,0.040,1.600,0.400,0.700,0.400,1.200,0.100,0.200,0.040,1.000,0.500,0.800,0.300,0.400
Shrub,5754,4.000,0.000,0.400,0.350,0.120,0.200,0.030,0.050,0.060,0.040,1.600,0.400,0.700,0.400,1.200,0.100,0.200,0.040,1.000,0.500,0.800,0.300,0.400
Shrub,5753,4.000,0.000,0.400,0.350,0.120,0.200,0.030,0.050,0.060,0.040,1.600,0.400,0.700,0.400,1.200,0.100,0.200,0.040,1.000,0.500,0.800,0.300,0.400
Shrub,5752,4.000,0.000,0.400,0.350,0.120,0.200,0.030,0.050,0.060,0.040,1.600,0.400,0.700,0.400,1.200,0.100,0.200,0.040,1.000,0.500,0.800,0.300,0.400
Shrub,5751,4.000,0.000,0.400,0.350,0.120,0.200,0.030,0.050,0.060,0.040,1.600,0.400,0.700,0.400,1.200,0.100,0.200,0.040,1.000,0.500,0.800,0.300,0.400
Shrub,5750,4.000,0.000,0.400,0.350,0.120,0.200,0.030,0.050,0.060,0.040,1.600,0.400,0.700,0.400,1.200,0.100,0.200,0.040,1.000,0.500,0.800,0.300,0.400
Shrub,5749,4.000,0.000,0.400,0.350,0.120,0.200,0.030,0.050,0.060,0.040,1.600,0.400,0.700,0.400,1.200,0.100,0.200,0.040,1.000,0.500,0.800,0.300,0.400
Shrub,5748,4.000,0.000,0.400,0.350,0.120,0.200,0.030,0.050,0.060,0.040,1.600,0.400,0.700,0.400,1.200,0.100,0.200,0.040,1.000,0.500,0.800,0.300,0.400
Shrub,5747,4.000,0.000,0.400,0.350,0.120,0.200,0.030,0.050,0.060,0.040,1.600,0.400,0.700,0.400,1.200,0.100,0.200,0.040,1.000,0.500,0.800,0.300,0.400
Shrub,5746,4.000,0.000,0.400,0.350,0.120,0.200,0.030,0.050,0.060,0.040,1.600,0.400,0.700,0.400,1.200,0.100,0.200,0.040,1.000,0.500,0.800,0.300,0.400
Shrub,5745,4.000,0.000,0.400,0.350,0.120,0.200,0.030,0.050,0.060,0.040,1.600,0.400,0.700,0.400,1.200,0.100,0.200,0.040,1.000,0.500,0.800,0.300,0.400
Shrub,5744,4.000,0.000,0.400,0.350,0.120,0.200,0.030,0.050,0.060,0.040,1.600,0.400,0.700,0.400,1.200,0.100,0.200,0.040,1.000,0.500,0.800,0.300,0.400
Shrub,5743,4.000,0.000,0.400,0.350,0.120,0.200,0.030,0.050,0.060,0.040,1.600,0.400,0.700,0.400,1.200,0.100,0.200,0.040,1.000,0.500,0.800,0.300,0.400
Shrub,5742,4.000,0.000,0.400,0.350,0.120,0.200,0.030,0.050,0.060,0.040,1.600,0.400,0.700,0.400,1.200,0.100,0.200,0.040,1.000,0.500,0.800,0.300,0.400
Shrub,5741,4.000,0.000,0.400,0.350,0.120,0.200,0.030,0.050,0.060,0.040,1.600,0.400,0.700,0.400,1.200,0.100,0.200,0.040,1.000,0.500,0.800,0.300,0.400
Shrub,5740,4.000,0.000,0.400,0.350,0.120,0.200,0.030,0.050,0.060,0.040,1.600,0.400,0.700,0.400,1.200,0.100,0.200,0.040,1.000,0.500,0.800,0.300,0.400
Shrub,5739,4.000,0.000,0.400,0.350,0.120,0.200,0.030,0.050,0.060,0.040,1.600,0.400,0.700,0.400,1.200,0.100,0.200,0.040,1.000,0.500,0.800,0.300,0.400
Shrub,5737,4.000,0.000,0.400,0.350,0.120,0.200,0.030,0.050,0.060,0.040,1.600,0.400,0.700,0.400,1.200,0.100,0.200,0.040,1.000,0.500,0.800,0.300,0.400
Shrub,5762,4.000,0.000,0.400,0.350,0.120,0.200,0.030,0.050,0.060,0.040,1.600,0.400,0.700,0.400,1.200,0.100,0.200,0.040,1.000,0.500,0.800,0.300,0.400
Shrub,5710,4.000,0.000,0.400,0.350,0.120,0.200,0.030,0.050,0.060,0.040,1.600,0.400,0.700,0.400,1.200,0.100,0.200,0.040,1.000,0.500,0.800,0.300,0.400
Shrub,5708,4.000,0.000,0.400,0.350,0.120,0.200,0.030,0.050,0.060,0.040,1.600,0.400,0.700,0.400,1.200,0.100,0.200,0.040,1.000,0.500,0.800,0.300,0.400
Shrub,5680,4.000,0.000,0.400,0.350,0.120,0.200,0.030,0.050,0.060,0.040,1.600,0.400,0.700,0.400,1.200,0.100,0.200,0.040,1.000,0.500,0.800,0.300,0.400
Shrub,5679,4.000,0.000,0.400,0.350,0.120,0.200,0.030,0.050,0.060,0.040,1.600,0.400,0.700,0.400,1.200,0.100,0.200,0.040,1.000,0.500,0.800,0.300,0.400
Shrub,5678,4.000,0.000,0.400,0.350,0.120,0.200,0.030,0.050,0.060,0.040,1.600,0.400,0.700,0.400,1.200,0.100,0.200,0.040,1.000,0.500,0.800,0.300,0.400
Shrub,5677,4.000,0.000,0.400,0.350,0.120,0.200,0.030,0.050,0.060,0.040,1.600,0.400,0.700,0.400,1.200,0.100,0.200,0.040,1.000,0.500,0.800,0.300,0.400
Shrub,5676,4.000,0.000,0.400,0.350,0.120,0.200,0.030,0.050,0.060,0.040,1.600,0.400,0.700,0.400,1.200,0.100,0.200,0.040,1.000,0.500,0.800,0.300,0.400
Shrub,5675,4.000,0.000,0.400,0.350,0.120,0.200,0.030,0.050,0.060,0.040,1.600,0.400,0.700,0.400,1.200,0.100,0.200,0.040,1.000,0.500,0.800,0.300,0.400
Shrub,5674,4.000,0.000,0.400,0.350,0.120,0.200,0.030,0.050,0.060,0.040,1.600,0.400,0.700,0.400,1.200,0.100,0.200,0.040,1.000,0.500,0.800,0.300,0.400
Shrub,5673,4.000,0.000,0.400,0.350,0.120,0.200,0.030,0.050,0.060,0.040,1.600,0.400,0.700,0.400,1.200,0.100,0.200,0.040,1.000,0.500,0.800,0.300,0.400
Shrub,5672,4.000,0.000,0.400,0.350,0.120,0.200,0.030,0.050,0.060,0.040,1.600,0.400,0.700,0.400,1.200,0.100,0.200,0.040,1.000,0.500,0.800,0.300,0.400
Shrub,5671,4.000,0.000,0.400,0.350,0.120,0.200,0.030,0.050,0.060,0.040,1.600,0.400,0.700,0.400,1.200,0.100,0.200,0.040,1.000,0.500,0.800,0.300,0.400
Shrub,5670,4.000,0.000,0.400,0.350,0.120,0.200,0.030,0.050,0.060,0.040,1.600,0.400,0.700,0.400,1.200,0.100,0.200,0.040,1.000,0.500,0.800,0.300,0.400
Shrub,5669,4.000,0.000,0.400,0.350,0.120,0.200,0.030,0.050,0.060,0.040,1.600,0.400,0.700,0.400,1.200,0.100,0.200,0.040,1.000,0.500,0.800,0.300,0.400
Shrub,5668,4.000,0.000,0.400,0.350,0.120,0.200,0.030,0.050,0.060,0.040,1.600,0.400,0.700,0.400,1.200,0.100,0.200,0.040,1.000,0.500,0.800,0.300,0.400
Shrub,5667,4.000,0.000,0.400,0.350,0.120,0.200,0.030,0.050,0.060,0.040,1.600,0.400,0.700,0.400,1.200,0.100,0.200,0.040,1.000,0.500,0.800,0.300,0.400
Shrub,5666,4.000,0.000,0.400,0.350,0.120,0.200,0.030,0.050,0.060,0.040,1.600,0.400,0.700,0.400,1.200,0.100,0.200,0.040,1.000,0.500,0.800,0.300,0.400
Shrub,5665,4.000,0.000,0.400,0.350,0.120,0.200,0.030,0.050,0.060,0.040,1.600,0.400,0.700,0.400,1.200,0.100,0.200,0.040,1.000,0.500,0.800,0.300,0.400
Shrub,5664,4.000,0.000,0.400,0.350,0.120,0.200,0.030,0.050,0.060,0.040,1.600,0.400,0.700,0.400,1.200,0.100,0.200,0.040,1.000,0.500,0.800,0.300,0.400
Shrub,5663,4.000,0.000,0.400,0.350,0.120,0.200,0.030,0.050,0.060,0.040,1.600,0.400,0.700,0.400,1.200,0.100,0.200,0.040,1.000,0.500,0.800,0.300,0.400
Shrub,5662,4.000,0.000,0.400,0.350,0.120,0.200,0.030,0.050,0.060,0.040,1.600,0.400,0.700,0.400,1.200,0.100,0.200,0.040,1.000,0.500,0.800,0.300,0.400
Shrub,5661,4.000,0.000,0.400,0.350,0.120,0.200,0.030,0.050,0.060,0.040,1.600,0.400,0.700,0.400,1.200,0.100,0.200,0.040,1.000,0.500,0.800,0.300,0.400
Shrub,5660,4.000,0.000,0.400,0.350,0.120,0.200,0.030,0.050,0.060,0.040,1.600,0.400,0.700,0.400,1.200,0.100,0.200,0.040,1.000,0.500,0.800,0.300,0.400
Shrub,5659,4.000,0.000,0.400,0.350,0.120,0.200,0.030,0.050,0.060,0.040,1.600,0.400,0.700,0.400,1.200,0.100,0.200,0.040,1.000,0.500,0.800,0.300,0.400
Shrub,5658,4.000,0.000,0.400,0.350,0.120,0.200,0.030,0.050,0.060,0.040,1.600,0.400,0.700,0.400,1.200,0.100,0.200,0.040,1.000,0.500,0.800,0.300,0.400
Shrub,5681,4.000,0.000,0.400,0.350,0.120,0.200,0.030,0.050,0.060,0.040,1.600,0.400,0.700,0.400,1.200,0.100,0.200,0.040,1.000,0.500,0.800,0.300,0.400
Shrub,5709,4.000,0.000,0.400,0.350,0.120,0.200,0.030,0.050,0.060,0.040,1.600,0.400,0.700,0.400,1.200,0.100,0.200,0.040,1.000,0.500,0.800,0.300,0.400
Shrub,5682,4.000,0.000,0.400,0.350,0.120,0.200,0.030,0.050,0.060,0.040,1.600,0.400,0.700,0.400,1.200,0.100,0.200,0.040,1.000,0.500,0.800,0.300,0.400
Shrub,5684,4.000,0.000,0.400,0.350,0.120,0.200,0.030,0.050,0.060,0.040,1.600,0.400,0.700,0.400,1.200,0.100,0.200,0.040,1.000,0.500,0.800,0.300,0.400
Shrub,5707,4.000,0.000,0.400,0.350,0.120,0.200,0.030,0.050,0.060,0.040,1.600,0.400,0.700,0.400,1.200,0.100,0.200,0.040,1.000,0.500,0.800,0.300,0.400
Shrub,5706,4.000,0.000,0.400,0.350,0.120,0.200,0.030,0.050,0.060,0.040,1.600,0.400,0.700,0.400,1.200,0.100,0.200,0.040,1.000,0.500,0.800,0.300,0.400
Shrub,5705,4.000,0.000,0.400,0.350,0.120,0.200,0.030,0.050,0.060,0.040,1.600,0.400,0.700,0.400,1.200,0.100,0.200,0.040,1.000,0.500,0.800,0.300,0.400
Shrub,5704,4.000,0.000,0.400,0.350,0.120,0.200,0.030,0.050,0.060,0.040,1.600,0.400,0.700,0.400,1.200,0.100,0.200,0.040,1.000,0.500,0.800,0.300,0.400
Shrub,5703,4.000,0.000,0.400,0.350,0.120,0.200,0.030,0.050,0.060,0.040,1.600,0.400,0.700,0.400,1.200,0.100,0.200,0.040,1.000,0.500,0.800,0.300,0.400
Shrub,5702,4.000,0.000,0.400,0.350,0.120,0.200,0.030,0.050,0.060,0.040,1.600,0.400,0.700,0.400,1.200,0.100,0.200,0.040,1.000,0.500,0.800,0.300,0.400
Shrub,5701,4.000,0.000,0.400,0.350,0.120,0.200,0.030,0.050,0.060,0.040,1.600,0.400,0.700,0.400,1.200,0.100,0.200,0.040,1.000,0.500,0.800,0.300,0.400
Shrub,5700,4.000,0.000,0.400,0.350,0.120,0.200,0.030,0.050,0.060,0.040,1.600,0.400,0.700,0.400,1.200,0.100,0.200,0.040,1.000,0.500,0.800,0.300,0.400
Shrub,5699,4.000,0.000,0.400,0.350,0.120,0.200,0.030,0.050,0.060,0.040,1.600,0.400,0.700,0.400,1.200,0.100,0.200,0.040,1.000,0.500,0.800,0.300,0.400
Shrub,5698,4.000,0.000,0.400,0.350,0.120,0.200,0.030,0.050,0.060,0.040,1.600,0.400,0.700,0.400,1.200,0.100,0.200,0.040,1.000,0.500,0.800,0.300,0.400
Shrub,5697,4.000,0.000,0.400,0.350,0.120,0.200,0.030,0.050,0.060,0.040,1.600,0.400,0.700,0.400,1.200,0.100,0.200,0.040,1.000,0.500,0.800,0.300,0.400
Shrub,5696,4.000,0.000,0.400,0.350,0.120,0.200,0.030,0.050,0.060,0.040,1.600,0.400,0.700,0.400,1.200,0.100,0.200,0.040,1.000,0.500,0.800,0.300,0.400
Shrub,5695,4.000,0.000,0.400,0.350,0.120,0.200,0.030,0.050,0.060,0.040,1.600,0.400,0.700,0.400,1.200,0.100,0.200,0.040,1.000,0.500,0.800,0.300,0.400
Shrub,5694,4.000,0.000,0.400,0.350,0.120,0.200,0.030,0.050,0.060,0.040,1.600,0.400,0.700,0.400,1.200,0.100,0.200,0.040,1.000,0.500,0.800,0.300,0.400
Shrub,5693,4.000,0.000,0.400,0.350,0.120,0.200,0.030,0.050,0.060,0.040,1.600,0.400,0.700,0.400,1.200,0.100,0.200,0.040,1.000,0.500,0.800,0.300,0.400
Shrub,5692,4.000,0.000,0.400,0.350,0.120,0.200,0.030,0.050,0.060,0.040,1.600,0.400,0.700,0.400,1.200,0.100,0.200,0.040,1.000,0.500,0.800,0.300,0.400
Shrub,5691,4.000,0.000,0.400,0.350,0.120,0.200,0.030,0.050,0.060,0.040,1.600,0.400,0.700,0.400,1.200,0.100,0.200,0.040,1.000,0.500,0.800,0.300,0.400
Shrub,5690,4.000,0.000,0.400,0.350,0.120,0.200,0.030,0.050,0.060,0.040,1.600,0.400,0.700,0.400,1.200,0.100,0.200,0.040,1.000,0.500,0.800,0.300,0.400
Shrub,5689,4.000,0.000,0.400,0.350,0.120,0.200,0.030,0.050,0.060,0.040,1.600,0.400,0.700,0.400,1.200,0.100,0.200,0.040,1.000,0.500,0.800,0.300,0.400
Shrub,5688,4.000,0.000,0.400,0.350,0.120,0.200,0.030,0.050,0.060,0.040,1.600,0.400,0.700,0.400,1.200,0.100,0.200,0.040,1.000,0.500,0.800,0.300,0.400
Shrub,5687,4.000,0.000,0.400,0.350,0.120,0.200,0.030,0.050,0.060,0.040,1.600,0.400,0.700,0.400,1.200,0.100,0.200,0.040,1.000,0.500,0.800,0.300,0.400
Shrub,5686,4.000,0.000,0.400,0.350,0.120,0.200,0.030,0.050,0.060,0.040,1.600,0.400,0.700,0.400,1.200,0.100,0.200,0.040,1.000,0.500,0.800,0.300,0.400
Shrub,5685,4.000,0.000,0.400,0.350,0.120,0.200,0.030,0.050,0.060,0.040,1.600,0.400,0.700,0.400,1.200,0.100,0.200,0.040,1.000,0.500,0.800,0.300,0.400
Shrub,5683,4.000,0.000,0.400,0.350,0.120,0.200,0.030,0.050,0.060,0.040,1.600,0.400,0.700,0.400,1.200,0.100,0.200,0.040,1.000,0.500,0.800,0.300,0.400
Shrub,5763,4.000,0.000,0.400,0.350,0.120,0.200,0.030,0.050,0.060,0.040,1.600,0.400,0.700,0.400,1.200,0.100,0.200,0.040,1.000,0.500,0.800,0.300,0.400
Shrub,5764,4.000,0.000,0.400,0.350,0.120,0.200,0.030,0.050,0.060,0.040,1.600,0.400,0.700,0.400,1.200,0.100,0.200,0.040,1.000,0.500,0.800,0.300,0.400
Shrub,5765,4.000,0.000,0.400,0.350,0.120,0.200,0.030,0.050,0.060,0.040,1.600,0.400,0.700,0.400,1.200,0.100,0.200,0.040,1.000,0.500,0.800,0.300,0.400
Shrub,5843,4.000,0.000,0.400,0.350,0.120,0.200,0.030,0.050,0.060,0.040,1.600,0.400,0.700,0.400,1.200,0.100,0.200,0.040,1.000,0.500,0.800,0.300,0.400
Shrub,5842,4.000,0.000,0.400,0.350,0.120,0.200,0.030,0.050,0.060,0.040,1.600,0.400,0.700,0.400,1.200,0.100,0.200,0.040,1.000,0.500,0.800,0.300,0.400
Shrub,5841,4.000,0.000,0.400,0.350,0.120,0.200,0.030,0.050,0.060,0.040,1.600,0.400,0.700,0.400,1.200,0.100,0.200,0.040,1.000,0.500,0.800,0.300,0.400
Shrub,5840,4.000,0.000,0.400,0.350,0.120,0.200,0.030,0.050,0.060,0.040,1.600,0.400,0.700,0.400,1.200,0.100,0.200,0.040,1.000,0.500,0.800,0.300,0.400
Shrub,5839,4.000,0.000,0.400,0.350,0.120,0.200,0.030,0.050,0.060,0.040,1.600,0.400,0.700,0.400,1.200,0.100,0.200,0.040,1.000,0.500,0.800,0.300,0.400
Shrub,5838,4.000,0.000,0.400,0.350,0.120,0.200,0.030,0.050,0.060,0.040,1.600,0.400,0.700,0.400,1.200,0.100,0.200,0.040,1.000,0.500,0.800,0.300,0.400
Shrub,5837,4.000,0.000,0.400,0.350,0.120,0.200,0.030,0.050,0.060,0.040,1.600,0.400,0.700,0.400,1.200,0.100,0.200,0.040,1.000,0.500,0.800,0.300,0.400
Shrub,5836,4.000,0.000,0.400,0.350,0.120,0.200,0.030,0.050,0.060,0.040,1.600,0.400,0.700,0.400,1.200,0.100,0.200,0.040,1.000,0.500,0.800,0.300,0.400
Shrub,5835,4.000,0.000,0.400,0.350,0.120,0.200,0.030,0.050,0.060,0.040,1.600,0.400,0.700,0.400,1.200,0.100,0.200,0.040,1.000,0.500,0.800,0.300,0.400
Shrub,5834,4.000,0.000,0.400,0.350,0.120,0.200,0.030,0.050,0.060,0.040,1.600,0.400,0.700,0.400,1.200,0.100,0.200,0.040,1.000,0.500,0.800,0.300,0.400
Shrub,5833,4.000,0.000,0.400,0.350,0.120,0.200,0.030,0.050,0.060,0.040,1.600,0.400,0.700,0.400,1.200,0.100,0.200,0.040,1.000,0.500,0.800,0.300,0.400
Shrub,5832,4.000,0.000,0.400,0.350,0.120,0.200,0.030,0.050,0.060,0.040,1.600,0.400,0.700,0.400,1.200,0.100,0.200,0.040,1.000,0.500,0.800,0.300,0.400
Shrub,5831,4.000,0.000,0.400,0.350,0.120,0.200,0.030,0.050,0.060,0.040,1.600,0.400,0.700,0.400,1.200,0.100,0.200,0.040,1.000,0.500,0.800,0.300,0.400
Shrub,5830,4.000,0.000,0.400,0.350,0.120,0.200,0.030,0.050,0.060,0.040,1.600,0.400,0.700,0.400,1.200,0.100,0.200,0.040,1.000,0.500,0.800,0.300,0.400
Shrub,5829,4.000,0.000,0.400,0.350,0.120,0.200,0.030,0.050,0.060,0.040,1.600,0.400,0.700,0.400,1.200,0.100,0.200,0.040,1.000,0.500,0.800,0.300,0.400
Shrub,5828,4.000,0.000,0.400,0.350,0.120,0.200,0.030,0.050,0.060,0.040,1.600,0.400,0.700,0.400,1.200,0.100,0.200,0.040,1.000,0.500,0.800,0.300,0.400
Shrub,5827,4.000,0.000,0.400,0.350,0.120,0.200,0.030,0.050,0.060,0.040,1.600,0.400,0.700,0.400,1.200,0.100,0.200,0.040,1.000,0.500,0.800,0.300,0.400
Shrub,5826,4.000,0.000,0.400,0.350,0.120,0.200,0.030,0.050,0.060,0.040,1.600,0.400,0.700,0.400,1.200,0.100,0.200,0.040,1.000,0.500,0.800,0.300,0.400
Shrub,5825,4.000,0.000,0.400,0.350,0.120,0.200,0.030,0.050,0.060,0.040,1.600,0.400,0.700,0.400,1.200,0.100,0.200,0.040,1.000,0.500,0.800,0.300,0.400
Shrub,5824,4.000,0.000,0.400,0.350,0.120,0.200,0.030,0.050,0.060,0.040,1.600,0.400,0.700,0.400,1.200,0.100,0.200,0.040,1.000,0.500,0.800,0.300,0.400
Shrub,5823,4.000,0.000,0.400,0.350,0.120,0.200,0.030,0.050,0.060,0.040,1.600,0.400,0.700,0.400,1.200,0.100,0.200,0.040,1.000,0.500,0.800,0.300,0.400
Shrub,5822,4.000,0.000,0.400,0.350,0.120,0.200,0.030,0.050,0.060,0.040,1.600,0.400,0.700,0.400,1.200,0.100,0.200,0.040,1.000,0.500,0.800,0.300,0.400
Shrub,5821,4.000,0.000,0.400,0.350,0.120,0.200,0.030,0.050,0.060,0.040,1.600,0.400,0.700,0.400,1.200,0.100,0.200,0.040,1.000,0.500,0.800,0.300,0.400
Shrub,5844,4.000,0.000,0.400,0.350,0.120,0.200,0.030,0.050,0.060,0.040,1.600,0.400,0.700,0.400,1.200,0.100,0.200,0.040,1.000,0.500,0.800,0.300,0.400
Shrub,5820,4.000,0.000,0.400,0.350,0.120,0.200,0.030,0.050,0.060,0.040,1.600,0.400,0.700,0.400,1.200,0.100,0.200,0.040,1.000,0.500,0.800,0.300,0.400
Shrub,5845,4.000,0.000,0.400,0.350,0.120,0.200,0.030,0.050,0.060,0.040,1.600,0.400,0.700,0.400,1.200,0.100,0.200,0.040,1.000,0.500,0.800,0.300,0.400
Shrub,5847,4.000,0.000,0.400,0.350,0.120,0.200,0.030,0.050,0.060,0.040,1.600,0.400,0.700,0.400,1.200,0.100,0.200,0.040,1.000,0.500,0.800,0.300,0.400
Shrub,5869,4.000,0.000,0.400,0.350,0.120,0.200,0.030,0.050,0.060,0.040,1.600,0.400,0.700,0.400,1.200,0.100,0.200,0.040,1.000,0.500,0.800,0.300,0.400
Shrub,5006,4.000,0.000,0.400,0.350,0.120,0.200,0.030,0.050,0.060,0.040,1.600,0.400,0.700,0.400,1.200,0.100,0.200,0.040,1.000,0.500,0.800,0.300,0.400
Shrub,5868,4.000,0.000,0.400,0.350,0.120,0.200,0.030,0.050,0.060,0.040,1.600,0.400,0.700,0.400,1.200,0.100,0.200,0.040,1.000,0.500,0.800,0.300,0.400
Shrub,5867,4.000,0.000,0.400,0.350,0.120,0.200,0.030,0.050,0.060,0.040,1.600,0.400,0.700,0.400,1.200,0.100,0.200,0.040,1.000,0.500,0.800,0.300,0.400
Shrub,5866,4.000,0.000,0.400,0.350,0.120,0.200,0.030,0.050,0.060,0.040,1.600,0.400,0.700,0.400,1.200,0.100,0.200,0.040,1.000,0.500,0.800,0.300,0.400
Shrub,5865,4.000,0.000,0.400,0.350,0.120,0.200,0.030,0.050,0.060,0.040,1.600,0.400,0.700,0.400,1.200,0.100,0.200,0.040,1.000,0.500,0.800,0.300,0.400
Shrub,5864,4.000,0.000,0.400,0.350,0.120,0.200,0.030,0.050,0.060,0.040,1.600,0.400,0.700,0.400,1.200,0.100,0.200,0.040,1.000,0.500,0.800,0.300,0.400
Shrub,5863,4.000,0.000,0.400,0.350,0.120,0.200,0.030,0.050,0.060,0.040,1.600,0.400,0.700,0.400,1.200,0.100,0.200,0.040,1.000,0.500,0.800,0.300,0.400
Shrub,5862,4.000,0.000,0.400,0.350,0.120,0.200,0.030,0.050,0.060,0.040,1.600,0.400,0.700,0.400,1.200,0.100,0.200,0.040,1.000,0.500,0.800,0.300,0.400
Shrub,5861,4.000,0.000,0.400,0.350,0.120,0.200,0.030,0.050,0.060,0.040,1.600,0.400,0.700,0.400,1.200,0.100,0.200,0.040,1.000,0.500,0.800,0.300,0.400
Shrub,5860,4.000,0.000,0.400,0.350,0.120,0.200,0.030,0.050,0.060,0.040,1.600,0.400,0.700,0.400,1.200,0.100,0.200,0.040,1.000,0.500,0.800,0.300,0.400
Shrub,5859,4.000,0.000,0.400,0.350,0.120,0.200,0.030,0.050,0.060,0.040,1.600,0.400,0.700,0.400,1.200,0.100,0.200,0.040,1.000,0.500,0.800,0.300,0.400
Shrub,5858,4.000,0.000,0.400,0.350,0.120,0.200,0.030,0.050,0.060,0.040,1.600,0.400,0.700,0.400,1.200,0.100,0.200,0.040,1.000,0.500,0.800,0.300,0.400
Shrub,5857,4.000,0.000,0.400,0.350,0.120,0.200,0.030,0.050,0.060,0.040,1.600,0.400,0.700,0.400,1.200,0.100,0.200,0.040,1.000,0.500,0.800,0.300,0.400
Shrub,5856,4.000,0.000,0.400,0.350,0.120,0.200,0.030,0.050,0.060,0.040,1.600,0.400,0.700,0.400,1.200,0.100,0.200,0.040,1.000,0.500,0.800,0.300,0.400
Shrub,5855,4.000,0.000,0.400,0.350,0.120,0.200,0.030,0.050,0.060,0.040,1.600,0.400,0.700,0.400,1.200,0.100,0.200,0.040,1.000,0.500,0.800,0.300,0.400
Shrub,5854,4.000,0.000,0.400,0.350,0.120,0.200,0.030,0.050,0.060,0.040,1.600,0.400,0.700,0.400,1.200,0.100,0.200,0.040,1.000,0.500,0.800,0.300,0.400
Shrub,5853,4.000,0.000,0.400,0.350,0.120,0.200,0.030,0.050,0.060,0.040,1.600,0.400,0.700,0.400,1.200,0.100,0.200,0.040,1.000,0.500,0.800,0.300,0.400
Shrub,5852,4.000,0.000,0.400,0.350,0.120,0.200,0.030,0.050,0.060,0.040,1.600,0.400,0.700,0.400,1.200,0.100,0.200,0.040,1.000,0.500,0.800,0.300,0.400
Shrub,5851,4.000,0.000,0.400,0.350,0.120,0.200,0.030,0.050,0.060,0.040,1.600,0.400,0.700,0.400,1.200,0.100,0.200,0.040,1.000,0.500,0.800,0.300,0.400
Shrub,5850,4.000,0.000,0.400,0.350,0.120,0.200,0.030,0.050,0.060,0.040,1.600,0.400,0.700,0.400,1.200,0.100,0.200,0.040,1.000,0.500,0.800,0.300,0.400
Shrub,5849,4.000,0.000,0.400,0.350,0.120,0.200,0.030,0.050,0.060,0.040,1.600,0.400,0.700,0.400,1.200,0.100,0.200,0.040,1.000,0.500,0.800,0.300,0.400
Shrub,5848,4.000,0.000,0.400,0.350,0.120,0.200,0.030,0.050,0.060,0.040,1.600,0.400,0.700,0.400,1.200,0.100,0.200,0.040,1.000,0.500,0.800,0.300,0.400
Shrub,5846,4.000,0.000,0.400,0.350,0.120,0.200,0.030,0.050,0.060,0.040,1.600,0.400,0.700,0.400,1.200,0.100,0.200,0.040,1.000,0.500,0.800,0.300,0.400
Shrub,5819,4.000,0.000,0.400,0.350,0.120,0.200,0.030,0.050,0.060,0.040,1.600,0.400,0.700,0.400,1.200,0.100,0.200,0.040,1.000,0.500,0.800,0.300,0.400
Shrub,5818,4.000,0.000,0.400,0.350,0.120,0.200,0.030,0.050,0.060,0.040,1.600,0.400,0.700,0.400,1.200,0.100,0.200,0.040,1.000,0.500,0.800,0.300,0.400
Shrub,5817,4.000,0.000,0.400,0.350,0.120,0.200,0.030,0.050,0.060,0.040,1.600,0.400,0.700,0.400,1.200,0.100,0.200,0.040,1.000,0.500,0.800,0.300,0.400
Shrub,5788,4.000,0.000,0.400,0.350,0.120,0.200,0.030,0.050,0.060,0.040,1.600,0.400,0.700,0.400,1.200,0.100,0.200,0.040,1.000,0.500,0.800,0.300,0.400
Shrub,5787,4.000,0.000,0.400,0.350,0.120,0.200,0.030,0.050,0.060,0.040,1.600,0.400,0.700,0.400,1.200,0.100,0.200,0.040,1.000,0.500,0.800,0.300,0.400
Shrub,5786,4.000,0.000,0.400,0.350,0.120,0.200,0.030,0.050,0.060,0.040,1.600,0.400,0.700,0.400,1.200,0.100,0.200,0.040,1.000,0.500,0.800,0.300,0.400
Shrub,5785,4.000,0.000,0.400,0.350,0.120,0.200,0.030,0.050,0.060,0.040,1.600,0.400,0.700,0.400,1.200,0.100,0.200,0.040,1.000,0.500,0.800,0.300,0.400
Shrub,5784,4.000,0.000,0.400,0.350,0.120,0.200,0.030,0.050,0.060,0.040,1.600,0.400,0.700,0.400,1.200,0.100,0.200,0.040,1.000,0.500,0.800,0.300,0.400
Shrub,5783,4.000,0.000,0.400,0.350,0.120,0.200,0.030,0.050,0.060,0.040,1.600,0.400,0.700,0.400,1.200,0.100,0.200,0.040,1.000,0.500,0.800,0.300,0.400
Shrub,5782,4.000,0.000,0.400,0.350,0.120,0.200,0.030,0.050,0.060,0.040,1.600,0.400,0.700,0.400,1.200,0.100,0.200,0.040,1.000,0.500,0.800,0.300,0.400
Shrub,5781,4.000,0.000,0.400,0.350,0.120,0.200,0.030,0.050,0.060,0.040,1.600,0.400,0.700,0.400,1.200,0.100,0.200,0.040,1.000,0.500,0.800,0.300,0.400
Shrub,5780,4.000,0.000,0.400,0.350,0.120,0.200,0.030,0.050,0.060,0.040,1.600,0.400,0.700,0.400,1.200,0.100,0.200,0.040,1.000,0.500,0.800,0.300,0.400
Shrub,5779,4.000,0.000,0.400,0.350,0.120,0.200,0.030,0.050,0.060,0.040,1.600,0.400,0.700,0.400,1.200,0.100,0.200,0.040,1.000,0.500,0.800,0.300,0.400
Shrub,5778,4.000,0.000,0.400,0.350,0.120,0.200,0.030,0.050,0.060,0.040,1.600,0.400,0.700,0.400,1.200,0.100,0.200,0.040,1.000,0.500,0.800,0.300,0.400
Shrub,5777,4.000,0.000,0.400,0.350,0.120,0.200,0.030,0.050,0.060,0.040,1.600,0.400,0.700,0.400,1.200,0.100,0.200,0.040,1.000,0.500,0.800,0.300,0.400
Shrub,5776,4.000,0.000,0.400,0.350,0.120,0.200,0.030,0.050,0.060,0.040,1.600,0.400,0.700,0.400,1.200,0.100,0.200,0.040,1.000,0.500,0.800,0.300,0.400
Shrub,5775,4.000,0.000,0.400,0.350,0.120,0.200,0.030,0.050,0.060,0.040,1.600,0.400,0.700,0.400,1.200,0.100,0.200,0.040,1.000,0.500,0.800,0.300,0.400
Shrub,5774,4.000,0.000,0.400,0.350,0.120,0.200,0.030,0.050,0.060,0.040,1.600,0.400,0.700,0.400,1.200,0.100,0.200,0.040,1.000,0.500,0.800,0.300,0.400
Shrub,5773,4.000,0.000,0.400,0.350,0.120,0.200,0.030,0.050,0.060,0.040,1.600,0.400,0.700,0.400,1.200,0.100,0.200,0.040,1.000,0.500,0.800,0.300,0.400
Shrub,5772,4.000,0.000,0.400,0.350,0.120,0.200,0.030,0.050,0.060,0.040,1.600,0.400,0.700,0.400,1.200,0.100,0.200,0.040,1.000,0.500,0.800,0.300,0.400
Shrub,5771,4.000,0.000,0.400,0.350,0.120,0.200,0.030,0.050,0.060,0.040,1.600,0.400,0.700,0.400,1.200,0.100,0.200,0.040,1.000,0.500,0.800,0.300,0.400
Shrub,5770,4.000,0.000,0.400,0.350,0.120,0.200,0.030,0.050,0.060,0.040,1.600,0.400,0.700,0.400,1.200,0.100,0.200,0.040,1.000,0.500,0.800,0.300,0.400
Shrub,5769,4.000,0.000,0.400,0.350,0.120,0.200,0.030,0.050,0.060,0.040,1.600,0.400,0.700,0.400,1.200,0.100,0.200,0.040,1.000,0.500,0.800,0.300,0.400
Shrub,5768,4.000,0.000,0.400,0.350,0.120,0.200,0.030,0.050,0.060,0.040,1.600,0.400,0.700,0.400,1.200,0.100,0.200,0.040,1.000,0.500,0.800,0.300,0.400
Shrub,5767,4.000,0.000,0.400,0.350,0.120,0.200,0.030,0.050,0.060,0.040,1.600,0.400,0.700,0.400,1.200,0.100,0.200,0.040,1.000,0.500,0.800,0.300,0.400
Shrub,5766,4.000,0.000,0.400,0.350,0.120,0.200,0.030,0.050,0.060,0.040,1.600,0.400,0.700,0.400,1.200,0.100,0.200,0.040,1.000,0.500,0.800,0.300,0.400
Shrub,5789,4.000,0.000,0.400,0.350,0.120,0.200,0.030,0.050,0.060,0.040,1.600,0.400,0.700,0.400,1.200,0.100,0.200,0.040,1.000,0.500,0.800,0.300,0.400
Shrub,5790,4.000,0.000,0.400,0.350,0.120,0.200,0.030,0.050,0.060,0.040,1.600,0.400,0.700,0.400,1.200,0.100,0.200,0.040,1.000,0.500,0.800,0.300,0.400
Shrub,5791,4.000,0.000,0.400,0.350,0.120,0.200,0.030,0.050,0.060,0.040,1.600,0.400,0.700,0.400,1.200,0.100,0.200,0.040,1.000,0.500,0.800,0.300,0.400
Shrub,5792,4.000,0.000,0.400,0.350,0.120,0.200,0.030,0.050,0.060,0.040,1.600,0.400,0.700,0.400,1.200,0.100,0.200,0.040,1.000,0.500,0.800,0.300,0.400
Shrub,5816,4.000,0.000,0.400,0.350,0.120,0.200,0.030,0.050,0.060,0.040,1.600,0.400,0.700,0.400,1.200,0.100,0.200,0.040,1.000,0.500,0.800,0.300,0.400
Shrub,5815,4.000,0.000,0.400,0.350,0.120,0.200,0.030,0.050,0.060,0.040,1.600,0.400,0.700,0.400,1.200,0.100,0.200,0.040,1.000,0.500,0.800,0.300,0.400
Shrub,5814,4.000,0.000,0.400,0.350,0.120,0.200,0.030,0.050,0.060,0.040,1.600,0.400,0.700,0.400,1.200,0.100,0.200,0.040,1.000,0.500,0.800,0.300,0.400
Shrub,5813,4.000,0.000,0.400,0.350,0.120,0.200,0.030,0.050,0.060,0.040,1.600,0.400,0.700,0.400,1.200,0.100,0.200,0.040,1.000,0.500,0.800,0.300,0.400
Shrub,5812,4.000,0.000,0.400,0.350,0.120,0.200,0.030,0.050,0.060,0.040,1.600,0.400,0.700,0.400,1.200,0.100,0.200,0.040,1.000,0.500,0.800,0.300,0.400
Shrub,5811,4.000,0.000,0.400,0.350,0.120,0.200,0.030,0.050,0.060,0.040,1.600,0.400,0.700,0.400,1.200,0.100,0.200,0.040,1.000,0.500,0.800,0.300,0.400
Shrub,5810,4.000,0.000,0.400,0.350,0.120,0.200,0.030,0.050,0.060,0.040,1.600,0.400,0.700,0.400,1.200,0.100,0.200,0.040,1.000,0.500,0.800,0.300,0.400
Shrub,5809,4.000,0.000,0.400,0.350,0.120,0.200,0.030,0.050,0.060,0.040,1.600,0.400,0.700,0.400,1.200,0.100,0.200,0.040,1.000,0.500,0.800,0.300,0.400
Shrub,5808,4.000,0.000,0.400,0.350,0.120,0.200,0.030,0.050,0.060,0.040,1.600,0.400,0.700,0.400,1.200,0.100,0.200,0.040,1.000,0.500,0.800,0.300,0.400
Shrub,5807,4.000,0.000,0.400,0.350,0.120,0.200,0.030,0.050,0.060,0.040,1.600,0.400,0.700,0.400,1.200,0.100,0.200,0.040,1.000,0.500,0.800,0.300,0.400
Shrub,5806,4.000,0.000,0.400,0.350,0.120,0.200,0.030,0.050,0.060,0.040,1.600,0.400,0.700,0.400,1.200,0.100,0.200,0.040,1.000,0.500,0.800,0.300,0.400
Shrub,5657,4.000,0.000,0.400,0.350,0.120,0.200,0.030,0.050,0.060,0.040,1.600,0.400,0.700,0.400,1.200,0.100,0.200,0.040,1.000,0.500,0.800,0.300,0.400
Shrub,5805,4.000,0.000,0.400,0.350,0.120,0.200,0.030,0.050,0.060,0.040,1.600,0.400,0.700,0.400,1.200,0.100,0.200,0.040,1.000,0.500,0.800,0.300,0.400
Shrub,5803,4.000,0.000,0.400,0.350,0.120,0.200,0.030,0.050,0.060,0.040,1.600,0.400,0.700,0.400,1.200,0.100,0.200,0.040,1.000,0.500,0.800,0.300,0.400
Shrub,5802,4.000,0.000,0.400,0.350,0.120,0.200,0.030,0.050,0.060,0.040,1.600,0.400,0.700,0.400,1.200,0.100,0.200,0.040,1.000,0.500,0.800,0.300,0.400
Shrub,5801,4.000,0.000,0.400,0.350,0.120,0.200,0.030,0.050,0.060,0.040,1.600,0.400,0.700,0.400,1.200,0.100,0.200,0.040,1.000,0.500,0.800,0.300,0.400
Shrub,5800,4.000,0.000,0.400,0.350,0.120,0.200,0.030,0.050,0.060,0.040,1.600,0.400,0.700,0.400,1.200,0.100,0.200,0.040,1.000,0.500,0.800,0.300,0.400
Shrub,5799,4.000,0.000,0.400,0.350,0.120,0.200,0.030,0.050,0.060,0.040,1.600,0.400,0.700,0.400,1.200,0.100,0.200,0.040,1.000,0.500,0.800,0.300,0.400
Shrub,5798,4.000,0.000,0.400,0.350,0.120,0.200,0.030,0.050,0.060,0.040,1.600,0.400,0.700,0.400,1.200,0.100,0.200,0.040,1.000,0.500,0.800,0.300,0.400
Shrub,5797,4.000,0.000,0.400,0.350,0.120,0.200,0.030,0.050,0.060,0.040,1.600,0.400,0.700,0.400,1.200,0.100,0.200,0.040,1.000,0.500,0.800,0.300,0.400
Shrub,5796,4.000,0.000,0.400,0.350,0.120,0.200,0.030,0.050,0.060,0.040,1.600,0.400,0.700,0.400,1.200,0.100,0.200,0.040,1.000,0.500,0.800,0.300,0.400
Shrub,5795,4.000,0.000,0.400,0.350,0.120,0.200,0.030,0.050,0.060,0.040,1.600,0.400,0.700,0.400,1.200,0.100,0.200,0.040,1.000,0.500,0.800,0.300,0.400
Shrub,5794,4.000,0.000,0.400,0.350,0.120,0.200,0.030,0.050,0.060,0.040,1.600,0.400,0.700,0.400,1.200,0.100,0.200,0.040,1.000,0.500,0.800,0.300,0.400
Shrub,5793,4.000,0.000,0.400,0.350,0.120,0.200,0.030,0.050,0.060,0.040,1.600,0.400,0.700,0.400,1.200,0.100,0.200,0.040,1.000,0.500,0.800,0.300,0.400
Shrub,5804,4.000,0.000,0.400,0.350,0.120,0.200,0.030,0.050,0.060,0.040,1.600,0.400,0.700,0.400,1.200,0.100,0.200,0.040,1.000,0.500,0.800,0.300,0.400
Shrub,5438,4.000,0.000,0.400,0.350,0.120,0.200,0.030,0.050,0.060,0.040,1.600,0.400,0.700,0.400,1.200,0.100,0.200,0.040,1.000,0.500,0.800,0.300,0.400
Shrub,5656,4.000,0.000,0.400,0.350,0.120,0.200,0.030,0.050,0.060,0.040,1.600,0.400,0.700,0.400,1.200,0.100,0.200,0.040,1.000,0.500,0.800,0.300,0.400
Shrub,5654,4.000,0.000,0.400,0.350,0.120,0.200,0.030,0.050,0.060,0.040,1.600,0.400,0.700,0.400,1.200,0.100,0.200,0.040,1.000,0.500,0.800,0.300,0.400
Shrub,5516,4.000,0.000,0.400,0.350,0.120,0.200,0.030,0.050,0.060,0.040,1.600,0.400,0.700,0.400,1.200,0.100,0.200,0.040,1.000,0.500,0.800,0.300,0.400
Shrub,5515,4.000,0.000,0.400,0.350,0.120,0.200,0.030,0.050,0.060,0.040,1.600,0.400,0.700,0.400,1.200,0.100,0.200,0.040,1.000,0.500,0.800,0.300,0.400
Shrub,5514,4.000,0.000,0.400,0.350,0.120,0.200,0.030,0.050,0.060,0.040,1.600,0.400,0.700,0.400,1.200,0.100,0.200,0.040,1.000,0.500,0.800,0.300,0.400
Shrub,5513,4.000,0.000,0.400,0.350,0.120,0.200,0.030,0.050,0.060,0.040,1.600,0.400,0.700,0.400,1.200,0.100,0.200,0.040,1.000,0.500,0.800,0.300,0.400
Shrub,5512,4.000,0.000,0.400,0.350,0.120,0.200,0.030,0.050,0.060,0.040,1.600,0.400,0.700,0.400,1.200,0.100,0.200,0.040,1.000,0.500,0.800,0.300,0.400
Shrub,5511,4.000,0.000,0.400,0.350,0.120,0.200,0.030,0.050,0.060,0.040,1.600,0.400,0.700,0.400,1.200,0.100,0.200,0.040,1.000,0.500,0.800,0.300,0.400
Shrub,5510,4.000,0.000,0.400,0.350,0.120,0.200,0.030,0.050,0.060,0.040,1.600,0.400,0.700,0.400,1.200,0.100,0.200,0.040,1.000,0.500,0.800,0.300,0.400
Shrub,5509,4.000,0.000,0.400,0.350,0.120,0.200,0.030,0.050,0.060,0.040,1.600,0.400,0.700,0.400,1.200,0.100,0.200,0.040,1.000,0.500,0.800,0.300,0.400
Shrub,5508,4.000,0.000,0.400,0.350,0.120,0.200,0.030,0.050,0.060,0.040,1.600,0.400,0.700,0.400,1.200,0.100,0.200,0.040,1.000,0.500,0.800,0.300,0.400
Shrub,5507,4.000,0.000,0.400,0.350,0.120,0.200,0.030,0.050,0.060,0.040,1.600,0.400,0.700,0.400,1.200,0.100,0.200,0.040,1.000,0.500,0.800,0.300,0.400
Shrub,5506,4.000,0.000,0.400,0.350,0.120,0.200,0.030,0.050,0.060,0.040,1.600,0.400,0.700,0.400,1.200,0.100,0.200,0.040,1.000,0.500,0.800,0.300,0.400
Shrub,5505,4.000,0.000,0.400,0.350,0.120,0.200,0.030,0.050,0.060,0.040,1.600,0.400,0.700,0.400,1.200,0.100,0.200,0.040,1.000,0.500,0.800,0.300,0.400
Shrub,5504,4.000,0.000,0.400,0.350,0.120,0.200,0.030,0.050,0.060,0.040,1.600,0.400,0.700,0.400,1.200,0.100,0.200,0.040,1.000,0.500,0.800,0.300,0.400
Shrub,5503,4.000,0.000,0.400,0.350,0.120,0.200,0.030,0.050,0.060,0.040,1.600,0.400,0.700,0.400,1.200,0.100,0.200,0.040,1.000,0.500,0.800,0.300,0.400
Shrub,5502,4.000,0.000,0.400,0.350,0.120,0.200,0.030,0.050,0.060,0.040,1.600,0.400,0.700,0.400,1.200,0.100,0.200,0.040,1.000,0.500,0.800,0.300,0.400
Shrub,5501,4.000,0.000,0.400,0.350,0.120,0.200,0.030,0.050,0.060,0.040,1.600,0.400,0.700,0.400,1.200,0.100,0.200,0.040,1.000,0.500,0.800,0.300,0.400
Shrub,5500,4.000,0.000,0.400,0.350,0.120,0.200,0.030,0.050,0.060,0.040,1.600,0.400,0.700,0.400,1.200,0.100,0.200,0.040,1.000,0.500,0.800,0.300,0.400
Shrub,5499,4.000,0.000,0.400,0.350,0.120,0.200,0.030,0.050,0.060,0.040,1.600,0.400,0.700,0.400,1.200,0.100,0.200,0.040,1.000,0.500,0.800,0.300,0.400
Shrub,5498,4.000,0.000,0.400,0.350,0.120,0.200,0.030,0.050,0.060,0.040,1.600,0.400,0.700,0.400,1.200,0.100,0.200,0.040,1.000,0.500,0.800,0.300,0.400
Shrub,5497,4.000,0.000,0.400,0.350,0.120,0.200,0.030,0.050,0.060,0.040,1.600,0.400,0.700,0.400,1.200,0.100,0.200,0.040,1.000,0.500,0.800,0.300,0.400
Shrub,5496,4.000,0.000,0.400,0.350,0.120,0.200,0.030,0.050,0.060,0.040,1.600,0.400,0.700,0.400,1.200,0.100,0.200,0.040,1.000,0.500,0.800,0.300,0.400
Shrub,5495,4.000,0.000,0.400,0.350,0.120,0.200,0.030,0.050,0.060,0.040,1.600,0.400,0.700,0.400,1.200,0.100,0.200,0.040,1.000,0.500,0.800,0.300,0.400
Shrub,5494,4.000,0.000,0.400,0.350,0.120,0.200,0.030,0.050,0.060,0.040,1.600,0.400,0.700,0.400,1.200,0.100,0.200,0.040,1.000,0.500,0.800,0.300,0.400
Shrub,5517,4.000,0.000,0.400,0.350,0.120,0.200,0.030,0.050,0.060,0.040,1.600,0.400,0.700,0.400,1.200,0.100,0.200,0.040,1.000,0.500,0.800,0.300,0.400
Shrub,5493,4.000,0.000,0.400,0.350,0.120,0.200,0.030,0.050,0.060,0.040,1.600,0.400,0.700,0.400,1.200,0.100,0.200,0.040,1.000,0.500,0.800,0.300,0.400
Shrub,5518,4.000,0.000,0.400,0.350,0.120,0.200,0.030,0.050,0.060,0.040,1.600,0.400,0.700,0.400,1.200,0.100,0.200,0.040,1.000,0.500,0.800,0.300,0.400
Shrub,5520,4.000,0.000,0.400,0.350,0.120,0.200,0.030,0.050,0.060,0.040,1.600,0.400,0.700,0.400,1.200,0.100,0.200,0.040,1.000,0.500,0.800,0.300,0.400
Shrub,5543,4.000,0.000,0.400,0.350,0.120,0.200,0.030,0.050,0.060,0.040,1.600,0.400,0.700,0.400,1.200,0.100,0.200,0.040,1.000,0.500,0.800,0.300,0.400
Shrub,5542,4.000,0.000,0.400,0.350,0.120,0.200,0.030,0.050,0.060,0.040,1.600,0.400,0.700,0.400,1.200,0.100,0.200,0.040,1.000,0.500,0.800,0.300,0.400
Shrub,5541,4.000,0.000,0.400,0.350,0.120,0.200,0.030,0.050,0.060,0.040,1.600,0.400,0.700,0.400,1.200,0.100,0.200,0.040,1.000,0.500,0.800,0.300,0.400
Shrub,5540,4.000,0.000,0.400,0.350,0.120,0.200,0.030,0.050,0.060,0.040,1.600,0.400,0.700,0.400,1.200,0.100,0.200,0.040,1.000,0.500,0.800,0.300,0.400
Shrub,5539,4.000,0.000,0.400,0.350,0.120,0.200,0.030,0.050,0.060,0.040,1.600,0.400,0.700,0.400,1.200,0.100,0.200,0.040,1.000,0.500,0.800,0.300,0.400
Shrub,5538,4.000,0.000,0.400,0.350,0.120,0.200,0.030,0.050,0.060,0.040,1.600,0.400,0.700,0.400,1.200,0.100,0.200,0.040,1.000,0.500,0.800,0.300,0.400
Shrub,5537,4.000,0.000,0.400,0.350,0.120,0.200,0.030,0.050,0.060,0.040,1.600,0.400,0.700,0.400,1.200,0.100,0.200,0.040,1.000,0.500,0.800,0.300,0.400
Shrub,5536,4.000,0.000,0.400,0.350,0.120,0.200,0.030,0.050,0.060,0.040,1.600,0.400,0.700,0.400,1.200,0.100,0.200,0.040,1.000,0.500,0.800,0.300,0.400
Shrub,5535,4.000,0.000,0.400,0.350,0.120,0.200,0.030,0.050,0.060,0.040,1.600,0.400,0.700,0.400,1.200,0.100,0.200,0.040,1.000,0.500,0.800,0.300,0.400
Shrub,5534,4.000,0.000,0.400,0.350,0.120,0.200,0.030,0.050,0.060,0.040,1.600,0.400,0.700,0.400,1.200,0.100,0.200,0.040,1.000,0.500,0.800,0.300,0.400
Shrub,5533,4.000,0.000,0.400,0.350,0.120,0.200,0.030,0.050,0.060,0.040,1.600,0.400,0.700,0.400,1.200,0.100,0.200,0.040,1.000,0.500,0.800,0.300,0.400
Shrub,5532,4.000,0.000,0.400,0.350,0.120,0.200,0.030,0.050,0.060,0.040,1.600,0.400,0.700,0.400,1.200,0.100,0.200,0.040,1.000,0.500,0.800,0.300,0.400
Shrub,5531,4.000,0.000,0.400,0.350,0.120,0.200,0.030,0.050,0.060,0.040,1.600,0.400,0.700,0.400,1.200,0.100,0.200,0.040,1.000,0.500,0.800,0.300,0.400
Shrub,5530,4.000,0.000,0.400,0.350,0.120,0.200,0.030,0.050,0.060,0.040,1.600,0.400,0.700,0.400,1.200,0.100,0.200,0.040,1.000,0.500,0.800,0.300,0.400
Shrub,5529,4.000,0.000,0.400,0.350,0.120,0.200,0.030,0.050,0.060,0.040,1.600,0.400,0.700,0.400,1.200,0.100,0.200,0.040,1.000,0.500,0.800,0.300,0.400
Shrub,5528,4.000,0.000,0.400,0.350,0.120,0.200,0.030,0.050,0.060,0.040,1.600,0.400,0.700,0.400,1.200,0.100,0.200,0.040,1.000,0.500,0.800,0.300,0.400
Shrub,5527,4.000,0.000,0.400,0.350,0.120,0.200,0.030,0.050,0.060,0.040,1.600,0.400,0.700,0.400,1.200,0.100,0.200,0.040,1.000,0.500,0.800,0.300,0.400
Shrub,5526,4.000,0.000,0.400,0.350,0.120,0.200,0.030,0.050,0.060,0.040,1.600,0.400,0.700,0.400,1.200,0.100,0.200,0.040,1.000,0.500,0.800,0.300,0.400
Shrub,5525,4.000,0.000,0.400,0.350,0.120,0.200,0.030,0.050,0.060,0.040,1.600,0.400,0.700,0.400,1.200,0.100,0.200,0.040,1.000,0.500,0.800,0.300,0.400
Shrub,5524,4.000,0.000,0.400,0.350,0.120,0.200,0.030,0.050,0.060,0.040,1.600,0.400,0.700,0.400,1.200,0.100,0.200,0.040,1.000,0.500,0.800,0.300,0.400
Shrub,5523,4.000,0.000,0.400,0.350,0.120,0.200,0.030,0.050,0.060,0.040,1.600,0.400,0.700,0.400,1.200,0.100,0.200,0.040,1.000,0.500,0.800,0.300,0.400
Shrub,5522,4.000,0.000,0.400,0.350,0.120,0.200,0.030,0.050,0.060,0.040,1.600,0.400,0.700,0.400,1.200,0.100,0.200,0.040,1.000,0.500,0.800,0.300,0.400
Shrub,5521,4.000,0.000,0.400,0.350,0.120,0.200,0.030,0.050,0.060,0.040,1.600,0.400,0.700,0.400,1.200,0.100,0.200,0.040,1.000,0.500,0.800,0.300,0.400
Shrub,5519,4.000,0.000,0.400,0.350,0.120,0.200,0.030,0.050,0.060,0.040,1.600,0.400,0.700,0.400,1.200,0.100,0.200,0.040,1.000,0.500,0.800,0.300,0.400
Shrub,5544,4.000,0.000,0.400,0.350,0.120,0.200,0.030,0.050,0.060,0.040,1.600,0.400,0.700,0.400,1.200,0.100,0.200,0.040,1.000,0.500,0.800,0.300,0.400
Shrub,5492,4.000,0.000,0.400,0.350,0.120,0.200,0.030,0.050,0.060,0.040,1.600,0.400,0.700,0.400,1.200,0.100,0.200,0.040,1.000,0.500,0.800,0.300,0.400
Shrub,5490,4.000,0.000,0.400,0.350,0.120,0.200,0.030,0.050,0.060,0.040,1.600,0.400,0.700,0.400,1.200,0.100,0.200,0.040,1.000,0.500,0.800,0.300,0.400
Shrub,5462,4.000,0.000,0.400,0.350,0.120,0.200,0.030,0.050,0.060,0.040,1.600,0.400,0.700,0.400,1.200,0.100,0.200,0.040,1.000,0.500,0.800,0.300,0.400
Shrub,5461,4.000,0.000,0.400,0.350,0.120,0.200,0.030,0.050,0.060,0.040,1.600,0.400,0.700,0.400,1.200,0.100,0.200,0.040,1.000,0.500,0.800,0.300,0.400
Shrub,5460,4.000,0.000,0.400,0.350,0.120,0.200,0.030,0.050,0.060,0.040,1.600,0.400,0.700,0.400,1.200,0.100,0.200,0.040,1.000,0.500,0.800,0.300,0.400
Shrub,5459,4.000,0.000,0.400,0.350,0.120,0.200,0.030,0.050,0.060,0.040,1.600,0.400,0.700,0.400,1.200,0.100,0.200,0.040,1.000,0.500,0.800,0.300,0.400
Shrub,5458,4.000,0.000,0.400,0.350,0.120,0.200,0.030,0.050,0.060,0.040,1.600,0.400,0.700,0.400,1.200,0.100,0.200,0.040,1.000,0.500,0.800,0.300,0.400
Shrub,5457,4.000,0.000,0.400,0.350,0.120,0.200,0.030,0.050,0.060,0.040,1.600,0.400,0.700,0.400,1.200,0.100,0.200,0.040,1.000,0.500,0.800,0.300,0.400
Shrub,5456,4.000,0.000,0.400,0.350,0.120,0.200,0.030,0.050,0.060,0.040,1.600,0.400,0.700,0.400,1.200,0.100,0.200,0.040,1.000,0.500,0.800,0.300,0.400
Shrub,5455,4.000,0.000,0.400,0.350,0.120,0.200,0.030,0.050,0.060,0.040,1.600,0.400,0.700,0.400,1.200,0.100,0.200,0.040,1.000,0.500,0.800,0.300,0.400
Shrub,5454,4.000,0.000,0.400,0.350,0.120,0.200,0.030,0.050,0.060,0.040,1.600,0.400,0.700,0.400,1.200,0.100,0.200,0.040,1.000,0.500,0.800,0.300,0.400
Shrub,5453,4.000,0.000,0.400,0.350,0.120,0.200,0.030,0.050,0.060,0.040,1.600,0.400,0.700,0.400,1.200,0.100,0.200,0.040,1.000,0.500,0.800,0.300,0.400
Shrub,5452,4.000,0.000,0.400,0.350,0.120,0.200,0.030,0.050,0.060,0.040,1.600,0.400,0.700,0.400,1.200,0.100,0.200,0.040,1.000,0.500,0.800,0.300,0.400
Shrub,5451,4.000,0.000,0.400,0.350,0.120,0.200,0.030,0.050,0.060,0.040,1.600,0.400,0.700,0.400,1.200,0.100,0.200,0.040,1.000,0.500,0.800,0.300,0.400
Shrub,5450,4.000,0.000,0.400,0.350,0.120,0.200,0.030,0.050,0.060,0.040,1.600,0.400,0.700,0.400,1.200,0.100,0.200,0.040,1.000,0.500,0.800,0.300,0.400
Shrub,5449,4.000,0.000,0.400,0.350,0.120,0.200,0.030,0.050,0.060,0.040,1.600,0.400,0.700,0.400,1.200,0.100,0.200,0.040,1.000,0.500,0.800,0.300,0.400
Shrub,5448,4.000,0.000,0.400,0.350,0.120,0.200,0.030,0.050,0.060,0.040,1.600,0.400,0.700,0.400,1.200,0.100,0.200,0.040,1.000,0.500,0.800,0.300,0.400
Shrub,5447,4.000,0.000,0.400,0.350,0.120,0.200,0.030,0.050,0.060,0.040,1.600,0.400,0.700,0.400,1.200,0.100,0.200,0.040,1.000,0.500,0.800,0.300,0.400
Shrub,5446,4.000,0.000,0.400,0.350,0.120,0.200,0.030,0.050,0.060,0.040,1.600,0.400,0.700,0.400,1.200,0.100,0.200,0.040,1.000,0.500,0.800,0.300,0.400
Shrub,5445,4.000,0.000,0.400,0.350,0.120,0.200,0.030,0.050,0.060,0.040,1.600,0.400,0.700,0.400,1.200,0.100,0.200,0.040,1.000,0.500,0.800,0.300,0.400
Shrub,5444,4.000,0.000,0.400,0.350,0.120,0.200,0.030,0.050,0.060,0.040,1.600,0.400,0.700,0.400,1.200,0.100,0.200,0.040,1.000,0.500,0.800,0.300,0.400
Shrub,5443,4.000,0.000,0.400,0.350,0.120,0.200,0.030,0.050,0.060,0.040,1.600,0.400,0.700,0.400,1.200,0.100,0.200,0.040,1.000,0.500,0.800,0.300,0.400
Shrub,5442,4.000,0.000,0.400,0.350,0.120,0.200,0.030,0.050,0.060,0.040,1.600,0.400,0.700,0.400,1.200,0.100,0.200,0.040,1.000,0.500,0.800,0.300,0.400
Shrub,5441,4.000,0.000,0.400,0.350,0.120,0.200,0.030,0.050,0.060,0.040,1.600,0.400,0.700,0.400,1.200,0.100,0.200,0.040,1.000,0.500,0.800,0.300,0.400
Shrub,5440,4.000,0.000,0.400,0.350,0.120,0.200,0.030,0.050,0.060,0.040,1.600,0.400,0.700,0.400,1.200,0.100,0.200,0.040,1.000,0.500,0.800,0.300,0.400
Shrub,5463,4.000,0.000,0.400,0.350,0.120,0.200,0.030,0.050,0.060,0.040,1.600,0.400,0.700,0.400,1.200,0.100,0.200,0.040,1.000,0.500,0.800,0.300,0.400
Shrub,5491,4.000,0.000,0.400,0.350,0.120,0.200,0.030,0.050,0.060,0.040,1.600,0.400,0.700,0.400,1.200,0.100,0.200,0.040,1.000,0.500,0.800,0.300,0.400
Shrub,5464,4.000,0.000,0.400,0.350,0.120,0.200,0.030,0.050,0.060,0.040,1.600,0.400,0.700,0.400,1.200,0.100,0.200,0.040,1.000,0.500,0.800,0.300,0.400
Shrub,5466,4.000,0.000,0.400,0.350,0.120,0.200,0.030,0.050,0.060,0.040,1.600,0.400,0.700,0.400,1.200,0.100,0.200,0.040,1.000,0.500,0.800,0.300,0.400
Shrub,5489,4.000,0.000,0.400,0.350,0.120,0.200,0.030,0.050,0.060,0.040,1.600,0.400,0.700,0.400,1.200,0.100,0.200,0.040,1.000,0.500,0.800,0.300,0.400
Shrub,5488,4.000,0.000,0.400,0.350,0.120,0.200,0.030,0.050,0.060,0.040,1.600,0.400,0.700,0.400,1.200,0.100,0.200,0.040,1.000,0.500,0.800,0.300,0.400
Shrub,5487,4.000,0.000,0.400,0.350,0.120,0.200,0.030,0.050,0.060,0.040,1.600,0.400,0.700,0.400,1.200,0.100,0.200,0.040,1.000,0.500,0.800,0.300,0.400
Shrub,5486,4.000,0.000,0.400,0.350,0.120,0.200,0.030,0.050,0.060,0.040,1.600,0.400,0.700,0.400,1.200,0.100,0.200,0.040,1.000,0.500,0.800,0.300,0.400
Shrub,5485,4.000,0.000,0.400,0.350,0.120,0.200,0.030,0.050,0.060,0.040,1.600,0.400,0.700,0.400,1.200,0.100,0.200,0.040,1.000,0.500,0.800,0.300,0.400
Shrub,5484,4.000,0.000,0.400,0.350,0.120,0.200,0.030,0.050,0.060,0.040,1.600,0.400,0.700,0.400,1.200,0.100,0.200,0.040,1.000,0.500,0.800,0.300,0.400
Shrub,5483,4.000,0.000,0.400,0.350,0.120,0.200,0.030,0.050,0.060,0.040,1.600,0.400,0.700,0.400,1.200,0.100,0.200,0.040,1.000,0.500,0.800,0.300,0.400
Shrub,5482,4.000,0.000,0.400,0.350,0.120,0.200,0.030,0.050,0.060,0.040,1.600,0.400,0.700,0.400,1.200,0.100,0.200,0.040,1.000,0.500,0.800,0.300,0.400
Shrub,5481,4.000,0.000,0.400,0.350,0.120,0.200,0.030,0.050,0.060,0.040,1.600,0.400,0.700,0.400,1.200,0.100,0.200,0.040,1.000,0.500,0.800,0.300,0.400
Shrub,5480,4.000,0.000,0.400,0.350,0.120,0.200,0.030,0.050,0.060,0.040,1.600,0.400,0.700,0.400,1.200,0.100,0.200,0.040,1.000,0.500,0.800,0.300,0.400
Shrub,5479,4.000,0.000,0.400,0.350,0.120,0.200,0.030,0.050,0.060,0.040,1.600,0.400,0.700,0.400,1.200,0.100,0.200,0.040,1.000,0.500,0.800,0.300,0.400
Shrub,5478,4.000,0.000,0.400,0.350,0.120,0.200,0.030,0.050,0.060,0.040,1.600,0.400,0.700,0.400,1.200,0.100,0.200,0.040,1.000,0.500,0.800,0.300,0.400
Shrub,5477,4.000,0.000,0.400,0.350,0.120,0.200,0.030,0.050,0.060,0.040,1.600,0.400,0.700,0.400,1.200,0.100,0.200,0.040,1.000,0.500,0.800,0.300,0.400
Shrub,5476,4.000,0.000,0.400,0.350,0.120,0.200,0.030,0.050,0.060,0.040,1.600,0.400,0.700,0.400,1.200,0.100,0.200,0.040,1.000,0.500,0.800,0.300,0.400
Shrub,5475,4.000,0.000,0.400,0.350,0.120,0.200,0.030,0.050,0.060,0.040,1.600,0.400,0.700,0.400,1.200,0.100,0.200,0.040,1.000,0.500,0.800,0.300,0.400
Shrub,5474,4.000,0.000,0.400,0.350,0.120,0.200,0.030,0.050,0.060,0.040,1.600,0.400,0.700,0.400,1.200,0.100,0.200,0.040,1.000,0.500,0.800,0.300,0.400
Shrub,5473,4.000,0.000,0.400,0.350,0.120,0.200,0.030,0.050,0.060,0.040,1.600,0.400,0.700,0.400,1.200,0.100,0.200,0.040,1.000,0.500,0.800,0.300,0.400
Shrub,5472,4.000,0.000,0.400,0.350,0.120,0.200,0.030,0.050,0.060,0.040,1.600,0.400,0.700,0.400,1.200,0.100,0.200,0.040,1.000,0.500,0.800,0.300,0.400
Shrub,5471,4.000,0.000,0.400,0.350,0.120,0.200,0.030,0.050,0.060,0.040,1.600,0.400,0.700,0.400,1.200,0.100,0.200,0.040,1.000,0.500,0.800,0.300,0.400
Shrub,5470,4.000,0.000,0.400,0.350,0.120,0.200,0.030,0.050,0.060,0.040,1.600,0.400,0.700,0.400,1.200,0.100,0.200,0.040,1.000,0.500,0.800,0.300,0.400
Shrub,5469,4.000,0.000,0.400,0.350,0.120,0.200,0.030,0.050,0.060,0.040,1.600,0.400,0.700,0.400,1.200,0.100,0.200,0.040,1.000,0.500,0.800,0.300,0.400
Shrub,5468,4.000,0.000,0.400,0.350,0.120,0.200,0.030,0.050,0.060,0.040,1.600,0.400,0.700,0.400,1.200,0.100,0.200,0.040,1.000,0.500,0.800,0.300,0.400
Shrub,5467,4.000,0.000,0.400,0.350,0.120,0.200,0.030,0.050,0.060,0.040,1.600,0.400,0.700,0.400,1.200,0.100,0.200,0.040,1.000,0.500,0.800,0.300,0.400
Shrub,5465,4.000,0.000,0.400,0.350,0.120,0.200,0.030,0.050,0.060,0.040,1.600,0.400,0.700,0.400,1.200,0.100,0.200,0.040,1.000,0.500,0.800,0.300,0.400
Shrub,5545,4.000,0.000,0.400,0.350,0.120,0.200,0.030,0.050,0.060,0.040,1.600,0.400,0.700,0.400,1.200,0.100,0.200,0.040,1.000,0.500,0.800,0.300,0.400
Shrub,5546,4.000,0.000,0.400,0.350,0.120,0.200,0.030,0.050,0.060,0.040,1.600,0.400,0.700,0.400,1.200,0.100,0.200,0.040,1.000,0.500,0.800,0.300,0.400
Shrub,5547,4.000,0.000,0.400,0.350,0.120,0.200,0.030,0.050,0.060,0.040,1.600,0.400,0.700,0.400,1.200,0.100,0.200,0.040,1.000,0.500,0.800,0.300,0.400
Shrub,5625,4.000,0.000,0.400,0.350,0.120,0.200,0.030,0.050,0.060,0.040,1.600,0.400,0.700,0.400,1.200,0.100,0.200,0.040,1.000,0.500,0.800,0.300,0.400
Shrub,5624,4.000,0.000,0.400,0.350,0.120,0.200,0.030,0.050,0.060,0.040,1.600,0.400,0.700,0.400,1.200,0.100,0.200,0.040,1.000,0.500,0.800,0.300,0.400
Shrub,5623,4.000,0.000,0.400,0.350,0.120,0.200,0.030,0.050,0.060,0.040,1.600,0.400,0.700,0.400,1.200,0.100,0.200,0.040,1.000,0.500,0.800,0.300,0.400
Shrub,5622,4.000,0.000,0.400,0.350,0.120,0.200,0.030,0.050,0.060,0.040,1.600,0.400,0.700,0.400,1.200,0.100,0.200,0.040,1.000,0.500,0.800,0.300,0.400
Shrub,5621,4.000,0.000,0.400,0.350,0.120,0.200,0.030,0.050,0.060,0.040,1.600,0.400,0.700,0.400,1.200,0.100,0.200,0.040,1.000,0.500,0.800,0.300,0.400
Shrub,5620,4.000,0.000,0.400,0.350,0.120,0.200,0.030,0.050,0.060,0.040,1.600,0.400,0.700,0.400,1.200,0.100,0.200,0.040,1.000,0.500,0.800,0.300,0.400
Shrub,5619,4.000,0.000,0.400,0.350,0.120,0.200,0.030,0.050,0.060,0.040,1.600,0.400,0.700,0.400,1.200,0.100,0.200,0.040,1.000,0.500,0.800,0.300,0.400
Shrub,5618,4.000,0.000,0.400,0.350,0.120,0.200,0.030,0.050,0.060,0.040,1.600,0.400,0.700,0.400,1.200,0.100,0.200,0.040,1.000,0.500,0.800,0.300,0.400
Shrub,5617,4.000,0.000,0.400,0.350,0.120,0.200,0.030,0.050,0.060,0.040,1.600,0.400,0.700,0.400,1.200,0.100,0.200,0.040,1.000,0.500,0.800,0.300,0.400
Shrub,5616,4.000,0.000,0.400,0.350,0.120,0.200,0.030,0.050,0.060,0.040,1.600,0.400,0.700,0.400,1.200,0.100,0.200,0.040,1.000,0.500,0.800,0.300,0.400
Shrub,5615,4.000,0.000,0.400,0.350,0.120,0.200,0.030,0.050,0.060,0.040,1.600,0.400,0.700,0.400,1.200,0.100,0.200,0.040,1.000,0.500,0.800,0.300,0.400
Shrub,5614,4.000,0.000,0.400,0.350,0.120,0.200,0.030,0.050,0.060,0.040,1.600,0.400,0.700,0.400,1.200,0.100,0.200,0.040,1.000,0.500,0.800,0.300,0.400
Shrub,5613,4.000,0.000,0.400,0.350,0.120,0.200,0.030,0.050,0.060,0.040,1.600,0.400,0.700,0.400,1.200,0.100,0.200,0.040,1.000,0.500,0.800,0.300,0.400
Shrub,5612,4.000,0.000,0.400,0.350,0.120,0.200,0.030,0.050,0.060,0.040,1.600,0.400,0.700,0.400,1.200,0.100,0.200,0.040,1.000,0.500,0.800,0.300,0.400
Shrub,5611,4.000,0.000,0.400,0.350,0.120,0.200,0.030,0.050,0.060,0.040,1.600,0.400,0.700,0.400,1.200,0.100,0.200,0.040,1.000,0.500,0.800,0.300,0.400
Shrub,5610,4.000,0.000,0.400,0.350,0.120,0.200,0.030,0.050,0.060,0.040,1.600,0.400,0.700,0.400,1.200,0.100,0.200,0.040,1.000,0.500,0.800,0.300,0.400
Shrub,5609,4.000,0.000,0.400,0.350,0.120,0.200,0.030,0.050,0.060,0.040,1.600,0.400,0.700,0.400,1.200,0.100,0.200,0.040,1.000,0.500,0.800,0.300,0.400
Shrub,5608,4.000,0.000,0.400,0.350,0.120,0.200,0.030,0.050,0.060,0.040,1.600,0.400,0.700,0.400,1.200,0.100,0.200,0.040,1.000,0.500,0.800,0.300,0.400
Shrub,5607,4.000,0.000,0.400,0.350,0.120,0.200,0.030,0.050,0.060,0.040,1.600,0.400,0.700,0.400,1.200,0.100,0.200,0.040,1.000,0.500,0.800,0.300,0.400
Shrub,5606,4.000,0.000,0.400,0.350,0.120,0.200,0.030,0.050,0.060,0.040,1.600,0.400,0.700,0.400,1.200,0.100,0.200,0.040,1.000,0.500,0.800,0.300,0.400
Shrub,5605,4.000,0.000,0.400,0.350,0.120,0.200,0.030,0.050,0.060,0.040,1.600,0.400,0.700,0.400,1.200,0.100,0.200,0.040,1.000,0.500,0.800,0.300,0.400
Shrub,5604,4.000,0.000,0.400,0.350,0.120,0.200,0.030,0.050,0.060,0.040,1.600,0.400,0.700,0.400,1.200,0.100,0.200,0.040,1.000,0.500,0.800,0.300,0.400
Shrub,5603,4.000,0.000,0.400,0.350,0.120,0.200,0.030,0.050,0.060,0.040,1.600,0.400,0.700,0.400,1.200,0.100,0.200,0.040,1.000,0.500,0.800,0.300,0.400
Shrub,5626,4.000,0.000,0.400,0.350,0.120,0.200,0.030,0.050,0.060,0.040,1.600,0.400,0.700,0.400,1.200,0.100,0.200,0.040,1.000,0.500,0.800,0.300,0.400
Shrub,5602,4.000,0.000,0.400,0.350,0.120,0.200,0.030,0.050,0.060,0.040,1.600,0.400,0.700,0.400,1.200,0.100,0.200,0.040,1.000,0.500,0.800,0.300,0.400
Shrub,5627,4.000,0.000,0.400,0.350,0.120,0.200,0.030,0.050,0.060,0.040,1.600,0.400,0.700,0.400,1.200,0.100,0.200,0.040,1.000,0.500,0.800,0.300,0.400
Shrub,5629,4.000,0.000,0.400,0.350,0.120,0.200,0.030,0.050,0.060,0.040,1.600,0.400,0.700,0.400,1.200,0.100,0.200,0.040,1.000,0.500,0.800,0.300,0.400
Shrub,5652,4.000,0.000,0.400,0.350,0.120,0.200,0.030,0.050,0.060,0.040,1.600,0.400,0.700,0.400,1.200,0.100,0.200,0.040,1.000,0.500,0.800,0.300,0.400
Shrub,5651,4.000,0.000,0.400,0.350,0.120,0.200,0.030,0.050,0.060,0.040,1.600,0.400,0.700,0.400,1.200,0.100,0.200,0.040,1.000,0.500,0.800,0.300,0.400
Shrub,5650,4.000,0.000,0.400,0.350,0.120,0.200,0.030,0.050,0.060,0.040,1.600,0.400,0.700,0.400,1.200,0.100,0.200,0.040,1.000,0.500,0.800,0.300,0.400
Shrub,5649,4.000,0.000,0.400,0.350,0.120,0.200,0.030,0.050,0.060,0.040,1.600,0.400,0.700,0.400,1.200,0.100,0.200,0.040,1.000,0.500,0.800,0.300,0.400
Shrub,5648,4.000,0.000,0.400,0.350,0.120,0.200,0.030,0.050,0.060,0.040,1.600,0.400,0.700,0.400,1.200,0.100,0.200,0.040,1.000,0.500,0.800,0.300,0.400
Shrub,5647,4.000,0.000,0.400,0.350,0.120,0.200,0.030,0.050,0.060,0.040,1.600,0.400,0.700,0.400,1.200,0.100,0.200,0.040,1.000,0.500,0.800,0.300,0.400
Shrub,5646,4.000,0.000,0.400,0.350,0.120,0.200,0.030,0.050,0.060,0.040,1.600,0.400,0.700,0.400,1.200,0.100,0.200,0.040,1.000,0.500,0.800,0.300,0.400
Shrub,5645,4.000,0.000,0.400,0.350,0.120,0.200,0.030,0.050,0.060,0.040,1.600,0.400,0.700,0.400,1.200,0.100,0.200,0.040,1.000,0.500,0.800,0.300,0.400
Shrub,5644,4.000,0.000,0.400,0.350,0.120,0.200,0.030,0.050,0.060,0.040,1.600,0.400,0.700,0.400,1.200,0.100,0.200,0.040,1.000,0.500,0.800,0.300,0.400
Shrub,5643,4.000,0.000,0.400,0.350,0.120,0.200,0.030,0.050,0.060,0.040,1.600,0.400,0.700,0.400,1.200,0.100,0.200,0.040,1.000,0.500,0.800,0.300,0.400
Shrub,5642,4.000,0.000,0.400,0.350,0.120,0.200,0.030,0.050,0.060,0.040,1.600,0.400,0.700,0.400,1.200,0.100,0.200,0.040,1.000,0.500,0.800,0.300,0.400
Shrub,5641,4.000,0.000,0.400,0.350,0.120,0.200,0.030,0.050,0.060,0.040,1.600,0.400,0.700,0.400,1.200,0.100,0.200,0.040,1.000,0.500,0.800,0.300,0.400
Shrub,5640,4.000,0.000,0.400,0.350,0.120,0.200,0.030,0.050,0.060,0.040,1.600,0.400,0.700,0.400,1.200,0.100,0.200,0.040,1.000,0.500,0.800,0.300,0.400
Shrub,5639,4.000,0.000,0.400,0.350,0.120,0.200,0.030,0.050,0.060,0.040,1.600,0.400,0.700,0.400,1.200,0.100,0.200,0.040,1.000,0.500,0.800,0.300,0.400
Shrub,5638,4.000,0.000,0.400,0.350,0.120,0.200,0.030,0.050,0.060,0.040,1.600,0.400,0.700,0.400,1.200,0.100,0.200,0.040,1.000,0.500,0.800,0.300,0.400
Shrub,5637,4.000,0.000,0.400,0.350,0.120,0.200,0.030,0.050,0.060,0.040,1.600,0.400,0.700,0.400,1.200,0.100,0.200,0.040,1.000,0.500,0.800,0.300,0.400
Shrub,5636,4.000,0.000,0.400,0.350,0.120,0.200,0.030,0.050,0.060,0.040,1.600,0.400,0.700,0.400,1.200,0.100,0.200,0.040,1.000,0.500,0.800,0.300,0.400
Shrub,5635,4.000,0.000,0.400,0.350,0.120,0.200,0.030,0.050,0.060,0.040,1.600,0.400,0.700,0.400,1.200,0.100,0.200,0.040,1.000,0.500,0.800,0.300,0.400
Shrub,5634,4.000,0.000,0.400,0.350,0.120,0.200,0.030,0.050,0.060,0.040,1.600,0.400,0.700,0.400,1.200,0.100,0.200,0.040,1.000,0.500,0.800,0.300,0.400
Shrub,5633,4.000,0.000,0.400,0.350,0.120,0.200,0.030,0.050,0.060,0.040,1.600,0.400,0.700,0.400,1.200,0.100,0.200,0.040,1.000,0.500,0.800,0.300,0.400
Shrub,5632,4.000,0.000,0.400,0.350,0.120,0.200,0.030,0.050,0.060,0.040,1.600,0.400,0.700,0.400,1.200,0.100,0.200,0.040,1.000,0.500,0.800,0.300,0.400
Shrub,5631,4.000,0.000,0.400,0.350,0.120,0.200,0.030,0.050,0.060,0.040,1.600,0.400,0.700,0.400,1.200,0.100,0.200,0.040,1.000,0.500,0.800,0.300,0.400
Shrub,5630,4.000,0.000,0.400,0.350,0.120,0.200,0.030,0.050,0.060,0.040,1.600,0.400,0.700,0.400,1.200,0.100,0.200,0.040,1.000,0.500,0.800,0.300,0.400
Shrub,5628,4.000,0.000,0.400,0.350,0.120,0.200,0.030,0.050,0.060,0.040,1.600,0.400,0.700,0.400,1.200,0.100,0.200,0.040,1.000,0.500,0.800,0.300,0.400
Shrub,5601,4.000,0.000,0.400,0.350,0.120,0.200,0.030,0.050,0.060,0.040,1.600,0.400,0.700,0.400,1.200,0.100,0.200,0.040,1.000,0.500,0.800,0.300,0.400
Shrub,5600,4.000,0.000,0.400,0.350,0.120,0.200,0.030,0.050,0.060,0.040,1.600,0.400,0.700,0.400,1.200,0.100,0.200,0.040,1.000,0.500,0.800,0.300,0.400
Shrub,5599,4.000,0.000,0.400,0.350,0.120,0.200,0.030,0.050,0.060,0.040,1.600,0.400,0.700,0.400,1.200,0.100,0.200,0.040,1.000,0.500,0.800,0.300,0.400
Shrub,5570,4.000,0.000,0.400,0.350,0.120,0.200,0.030,0.050,0.060,0.040,1.600,0.400,0.700,0.400,1.200,0.100,0.200,0.040,1.000,0.500,0.800,0.300,0.400
Shrub,5569,4.000,0.000,0.400,0.350,0.120,0.200,0.030,0.050,0.060,0.040,1.600,0.400,0.700,0.400,1.200,0.100,0.200,0.040,1.000,0.500,0.800,0.300,0.400
Shrub,5568,4.000,0.000,0.400,0.350,0.120,0.200,0.030,0.050,0.060,0.040,1.600,0.400,0.700,0.400,1.200,0.100,0.200,0.040,1.000,0.500,0.800,0.300,0.400
Shrub,5567,4.000,0.000,0.400,0.350,0.120,0.200,0.030,0.050,0.060,0.040,1.600,0.400,0.700,0.400,1.200,0.100,0.200,0.040,1.000,0.500,0.800,0.300,0.400
Shrub,5566,4.000,0.000,0.400,0.350,0.120,0.200,0.030,0.050,0.060,0.040,1.600,0.400,0.700,0.400,1.200,0.100,0.200,0.040,1.000,0.500,0.800,0.300,0.400
Shrub,5565,4.000,0.000,0.400,0.350,0.120,0.200,0.030,0.050,0.060,0.040,1.600,0.400,0.700,0.400,1.200,0.100,0.200,0.040,1.000,0.500,0.800,0.300,0.400
Shrub,5564,4.000,0.000,0.400,0.350,0.120,0.200,0.030,0.050,0.060,0.040,1.600,0.400,0.700,0.400,1.200,0.100,0.200,0.040,1.000,0.500,0.800,0.300,0.400
Shrub,5563,4.000,0.000,0.400,0.350,0.120,0.200,0.030,0.050,0.060,0.040,1.600,0.400,0.700,0.400,1.200,0.100,0.200,0.040,1.000,0.500,0.800,0.300,0.400
Shrub,5562,4.000,0.000,0.400,0.350,0.120,0.200,0.030,0.050,0.060,0.040,1.600,0.400,0.700,0.400,1.200,0.100,0.200,0.040,1.000,0.500,0.800,0.300,0.400
Shrub,5561,4.000,0.000,0.400,0.350,0.120,0.200,0.030,0.050,0.060,0.040,1.600,0.400,0.700,0.400,1.200,0.100,0.200,0.040,1.000,0.500,0.800,0.300,0.400
Shrub,5560,4.000,0.000,0.400,0.350,0.120,0.200,0.030,0.050,0.060,0.040,1.600,0.400,0.700,0.400,1.200,0.100,0.200,0.040,1.000,0.500,0.800,0.300,0.400
Shrub,5559,4.000,0.000,0.400,0.350,0.120,0.200,0.030,0.050,0.060,0.040,1.600,0.400,0.700,0.400,1.200,0.100,0.200,0.040,1.000,0.500,0.800,0.300,0.400
Shrub,5558,4.000,0.000,0.400,0.350,0.120,0.200,0.030,0.050,0.060,0.040,1.600,0.400,0.700,0.400,1.200,0.100,0.200,0.040,1.000,0.500,0.800,0.300,0.400
Shrub,5557,4.000,0.000,0.400,0.350,0.120,0.200,0.030,0.050,0.060,0.040,1.600,0.400,0.700,0.400,1.200,0.100,0.200,0.040,1.000,0.500,0.800,0.300,0.400
Shrub,5556,4.000,0.000,0.400,0.350,0.120,0.200,0.030,0.050,0.060,0.040,1.600,0.400,0.700,0.400,1.200,0.100,0.200,0.040,1.000,0.500,0.800,0.300,0.400
Shrub,5555,4.000,0.000,0.400,0.350,0.120,0.200,0.030,0.050,0.060,0.040,1.600,0.400,0.700,0.400,1.200,0.100,0.200,0.040,1.000,0.500,0.800,0.300,0.400
Shrub,5554,4.000,0.000,0.400,0.350,0.120,0.200,0.030,0.050,0.060,0.040,1.600,0.400,0.700,0.400,1.200,0.100,0.200,0.040,1.000,0.500,0.800,0.300,0.400
Shrub,5553,4.000,0.000,0.400,0.350,0.120,0.200,0.030,0.050,0.060,0.040,1.600,0.400,0.700,0.400,1.200,0.100,0.200,0.040,1.000,0.500,0.800,0.300,0.400
Shrub,5552,4.000,0.000,0.400,0.350,0.120,0.200,0.030,0.050,0.060,0.040,1.600,0.400,0.700,0.400,1.200,0.100,0.200,0.040,1.000,0.500,0.800,0.300,0.400
Shrub,5551,4.000,0.000,0.400,0.350,0.120,0.200,0.030,0.050,0.060,0.040,1.600,0.400,0.700,0.400,1.200,0.100,0.200,0.040,1.000,0.500,0.800,0.300,0.400
Shrub,5550,4.000,0.000,0.400,0.350,0.120,0.200,0.030,0.050,0.060,0.040,1.600,0.400,0.700,0.400,1.200,0.100,0.200,0.040,1.000,0.500,0.800,0.300,0.400
Shrub,5549,4.000,0.000,0.400,0.350,0.120,0.200,0.030,0.050,0.060,0.040,1.600,0.400,0.700,0.400,1.200,0.100,0.200,0.040,1.000,0.500,0.800,0.300,0.400
Shrub,5548,4.000,0.000,0.400,0.350,0.120,0.200,0.030,0.050,0.060,0.040,1.600,0.400,0.700,0.400,1.200,0.100,0.200,0.040,1.000,0.500,0.800,0.300,0.400
Shrub,5571,4.000,0.000,0.400,0.350,0.120,0.200,0.030,0.050,0.060,0.040,1.600,0.400,0.700,0.400,1.200,0.100,0.200,0.040,1.000,0.500,0.800,0.300,0.400
Shrub,5572,4.000,0.000,0.400,0.350,0.120,0.200,0.030,0.050,0.060,0.040,1.600,0.400,0.700,0.400,1.200,0.100,0.200,0.040,1.000,0.500,0.800,0.300,0.400
Shrub,5573,4.000,0.000,0.400,0.350,0.120,0.200,0.030,0.050,0.060,0.040,1.600,0.400,0.700,0.400,1.200,0.100,0.200,0.040,1.000,0.500,0.800,0.300,0.400
Shrub,5574,4.000,0.000,0.400,0.350,0.120,0.200,0.030,0.050,0.060,0.040,1.600,0.400,0.700,0.400,1.200,0.100,0.200,0.040,1.000,0.500,0.800,0.300,0.400
Shrub,5598,4.000,0.000,0.400,0.350,0.120,0.200,0.030,0.050,0.060,0.040,1.600,0.400,0.700,0.400,1.200,0.100,0.200,0.040,1.000,0.500,0.800,0.300,0.400
Shrub,5597,4.000,0.000,0.400,0.350,0.120,0.200,0.030,0.050,0.060,0.040,1.600,0.400,0.700,0.400,1.200,0.100,0.200,0.040,1.000,0.500,0.800,0.300,0.400
Shrub,5596,4.000,0.000,0.400,0.350,0.120,0.200,0.030,0.050,0.060,0.040,1.600,0.400,0.700,0.400,1.200,0.100,0.200,0.040,1.000,0.500,0.800,0.300,0.400
Shrub,5595,4.000,0.000,0.400,0.350,0.120,0.200,0.030,0.050,0.060,0.040,1.600,0.400,0.700,0.400,1.200,0.100,0.200,0.040,1.000,0.500,0.800,0.300,0.400
Shrub,5594,4.000,0.000,0.400,0.350,0.120,0.200,0.030,0.050,0.060,0.040,1.600,0.400,0.700,0.400,1.200,0.100,0.200,0.040,1.000,0.500,0.800,0.300,0.400
Shrub,5593,4.000,0.000,0.400,0.350,0.120,0.200,0.030,0.050,0.060,0.040,1.600,0.400,0.700,0.400,1.200,0.100,0.200,0.040,1.000,0.500,0.800,0.300,0.400
Shrub,5592,4.000,0.000,0.400,0.350,0.120,0.200,0.030,0.050,0.060,0.040,1.600,0.400,0.700,0.400,1.200,0.100,0.200,0.040,1.000,0.500,0.800,0.300,0.400
Shrub,5591,4.000,0.000,0.400,0.350,0.120,0.200,0.030,0.050,0.060,0.040,1.600,0.400,0.700,0.400,1.200,0.100,0.200,0.040,1.000,0.500,0.800,0.300,0.400
Shrub,5590,4.000,0.000,0.400,0.350,0.120,0.200,0.030,0.050,0.060,0.040,1.600,0.400,0.700,0.400,1.200,0.100,0.200,0.040,1.000,0.500,0.800,0.300,0.400
Shrub,5589,4.000,0.000,0.400,0.350,0.120,0.200,0.030,0.050,0.060,0.040,1.600,0.400,0.700,0.400,1.200,0.100,0.200,0.040,1.000,0.500,0.800,0.300,0.400
Shrub,5588,4.000,0.000,0.400,0.350,0.120,0.200,0.030,0.050,0.060,0.040,1.600,0.400,0.700,0.400,1.200,0.100,0.200,0.040,1.000,0.500,0.800,0.300,0.400
Shrub,5655,4.000,0.000,0.400,0.350,0.120,0.200,0.030,0.050,0.060,0.040,1.600,0.400,0.700,0.400,1.200,0.100,0.200,0.040,1.000,0.500,0.800,0.300,0.400
Shrub,5587,4.000,0.000,0.400,0.350,0.120,0.200,0.030,0.050,0.060,0.040,1.600,0.400,0.700,0.400,1.200,0.100,0.200,0.040,1.000,0.500,0.800,0.300,0.400
Shrub,5585,4.000,0.000,0.400,0.350,0.120,0.200,0.030,0.050,0.060,0.040,1.600,0.400,0.700,0.400,1.200,0.100,0.200,0.040,1.000,0.500,0.800,0.300,0.400
Shrub,5584,4.000,0.000,0.400,0.350,0.120,0.200,0.030,0.050,0.060,0.040,1.600,0.400,0.700,0.400,1.200,0.100,0.200,0.040,1.000,0.500,0.800,0.300,0.400
Shrub,5583,4.000,0.000,0.400,0.350,0.120,0.200,0.030,0.050,0.060,0.040,1.600,0.400,0.700,0.400,1.200,0.100,0.200,0.040,1.000,0.500,0.800,0.300,0.400
Shrub,5582,4.000,0.000,0.400,0.350,0.120,0.200,0.030,0.050,0.060,0.040,1.600,0.400,0.700,0.400,1.200,0.100,0.200,0.040,1.000,0.500,0.800,0.300,0.400
Shrub,5581,4.000,0.000,0.400,0.350,0.120,0.200,0.030,0.050,0.060,0.040,1.600,0.400,0.700,0.400,1.200,0.100,0.200,0.040,1.000,0.500,0.800,0.300,0.400
Shrub,5580,4.000,0.000,0.400,0.350,0.120,0.200,0.030,0.050,0.060,0.040,1.600,0.400,0.700,0.400,1.200,0.100,0.200,0.040,1.000,0.500,0.800,0.300,0.400
Shrub,5579,4.000,0.000,0.400,0.350,0.120,0.200,0.030,0.050,0.060,0.040,1.600,0.400,0.700,0.400,1.200,0.100,0.200,0.040,1.000,0.500,0.800,0.300,0.400
Shrub,5578,4.000,0.000,0.400,0.350,0.120,0.200,0.030,0.050,0.060,0.040,1.600,0.400,0.700,0.400,1.200,0.100,0.200,0.040,1.000,0.500,0.800,0.300,0.400
Shrub,5577,4.000,0.000,0.400,0.350,0.120,0.200,0.030,0.050,0.060,0.040,1.600,0.400,0.700,0.400,1.200,0.100,0.200,0.040,1.000,0.500,0.800,0.300,0.400
Shrub,5576,4.000,0.000,0.400,0.350,0.120,0.200,0.030,0.050,0.060,0.040,1.600,0.400,0.700,0.400,1.200,0.100,0.200,0.040,1.000,0.500,0.800,0.300,0.400
Shrub,5575,4.000,0.000,0.400,0.350,0.120,0.200,0.030,0.050,0.060,0.040,1.600,0.400,0.700,0.400,1.200,0.100,0.200,0.040,1.000,0.500,0.800,0.300,0.400
Shrub,5586,4.000,0.000,0.400,0.350,0.120,0.200,0.030,0.050,0.060,0.040,1.600,0.400,0.700,0.400,1.200,0.100,0.200,0.040,1.000,0.500,0.800,0.300,0.400
Shrub,5005,4.000,0.000,0.400,0.350,0.120,0.200,0.030,0.050,0.060,0.040,1.600,0.400,0.700,0.400,1.200,0.100,0.200,0.040,1.000,0.500,0.800,0.300,0.400
Shrub,5331,4.000,0.000,0.400,0.350,0.120,0.200,0.030,0.050,0.060,0.040,1.600,0.400,0.700,0.400,1.200,0.100,0.200,0.040,1.000,0.500,0.800,0.300,0.400
Shrub,5003,4.000,0.000,0.400,0.350,0.120,0.200,0.030,0.050,0.060,0.040,1.600,0.400,0.700,0.400,1.200,0.100,0.200,0.040,1.000,0.500,0.800,0.300,0.400
Shrub,3300,4.000,0.000,0.400,0.350,0.120,0.200,0.030,0.050,0.060,0.040,1.600,0.400,0.700,0.400,1.200,0.100,0.200,0.040,1.000,0.500,0.800,0.300,0.400
Shrub,3299,4.000,0.000,0.400,0.350,0.120,0.200,0.030,0.050,0.060,0.040,1.600,0.400,0.700,0.400,1.200,0.100,0.200,0.040,1.000,0.500,0.800,0.300,0.400
Shrub,3298,4.000,0.000,0.400,0.350,0.120,0.200,0.030,0.050,0.060,0.040,1.600,0.400,0.700,0.400,1.200,0.100,0.200,0.040,1.000,0.500,0.800,0.300,0.400
Shrub,3297,4.000,0.000,0.400,0.350,0.120,0.200,0.030,0.050,0.060,0.040,1.600,0.400,0.700,0.400,1.200,0.100,0.200,0.040,1.000,0.500,0.800,0.300,0.400
Shrub,3296,4.000,0.000,0.400,0.350,0.120,0.200,0.030,0.050,0.060,0.040,1.600,0.400,0.700,0.400,1.200,0.100,0.200,0.040,1.000,0.500,0.800,0.300,0.400
Shrub,3295,4.000,0.000,0.400,0.350,0.120,0.200,0.030,0.050,0.060,0.040,1.600,0.400,0.700,0.400,1.200,0.100,0.200,0.040,1.000,0.500,0.800,0.300,0.400
Shrub,3294,4.000,0.000,0.400,0.350,0.120,0.200,0.030,0.050,0.060,0.040,1.600,0.400,0.700,0.400,1.200,0.100,0.200,0.040,1.000,0.500,0.800,0.300,0.400
Shrub,3293,4.000,0.000,0.400,0.350,0.120,0.200,0.030,0.050,0.060,0.040,1.600,0.400,0.700,0.400,1.200,0.100,0.200,0.040,1.000,0.500,0.800,0.300,0.400
Shrub,3292,4.000,0.000,0.400,0.350,0.120,0.200,0.030,0.050,0.060,0.040,1.600,0.400,0.700,0.400,1.200,0.100,0.200,0.040,1.000,0.500,0.800,0.300,0.400
Shrub,3291,4.000,0.000,0.400,0.350,0.120,0.200,0.030,0.050,0.060,0.040,1.600,0.400,0.700,0.400,1.200,0.100,0.200,0.040,1.000,0.500,0.800,0.300,0.400
Shrub,3290,4.000,0.000,0.400,0.350,0.120,0.200,0.030,0.050,0.060,0.040,1.600,0.400,0.700,0.400,1.200,0.100,0.200,0.040,1.000,0.500,0.800,0.300,0.400
Shrub,3289,4.000,0.000,0.400,0.350,0.120,0.200,0.030,0.050,0.060,0.040,1.600,0.400,0.700,0.400,1.200,0.100,0.200,0.040,1.000,0.500,0.800,0.300,0.400
Shrub,3288,4.000,0.000,0.400,0.350,0.120,0.200,0.030,0.050,0.060,0.040,1.600,0.400,0.700,0.400,1.200,0.100,0.200,0.040,1.000,0.500,0.800,0.300,0.400
Shrub,3287,4.000,0.000,0.400,0.350,0.120,0.200,0.030,0.050,0.060,0.040,1.600,0.400,0.700,0.400,1.200,0.100,0.200,0.040,1.000,0.500,0.800,0.300,0.400
Shrub,3286,4.000,0.000,0.400,0.350,0.120,0.200,0.030,0.050,0.060,0.040,1.600,0.400,0.700,0.400,1.200,0.100,0.200,0.040,1.000,0.500,0.800,0.300,0.400
Shrub,3285,4.000,0.000,0.400,0.350,0.120,0.200,0.030,0.050,0.060,0.040,1.600,0.400,0.700,0.400,1.200,0.100,0.200,0.040,1.000,0.500,0.800,0.300,0.400
Shrub,3284,4.000,0.000,0.400,0.350,0.120,0.200,0.030,0.050,0.060,0.040,1.600,0.400,0.700,0.400,1.200,0.100,0.200,0.040,1.000,0.500,0.800,0.300,0.400
Shrub,3283,4.000,0.000,0.400,0.350,0.120,0.200,0.030,0.050,0.060,0.040,1.600,0.400,0.700,0.400,1.200,0.100,0.200,0.040,1.000,0.500,0.800,0.300,0.400
Shrub,3282,4.000,0.000,0.400,0.350,0.120,0.200,0.030,0.050,0.060,0.040,1.600,0.400,0.700,0.400,1.200,0.100,0.200,0.040,1.000,0.500,0.800,0.300,0.400
Shrub,3281,4.000,0.000,0.400,0.350,0.120,0.200,0.030,0.050,0.060,0.040,1.600,0.400,0.700,0.400,1.200,0.100,0.200,0.040,1.000,0.500,0.800,0.300,0.400
Shrub,3280,4.000,0.000,0.400,0.350,0.120,0.200,0.030,0.050,0.060,0.040,1.600,0.400,0.700,0.400,1.200,0.100,0.200,0.040,1.000,0.500,0.800,0.300,0.400
Shrub,3279,4.000,0.000,0.400,0.350,0.120,0.200,0.030,0.050,0.060,0.040,1.600,0.400,0.700,0.400,1.200,0.100,0.200,0.040,1.000,0.500,0.800,0.300,0.400
Shrub,3278,4.000,0.000,0.400,0.350,0.120,0.200,0.030,0.050,0.060,0.040,1.600,0.400,0.700,0.400,1.200,0.100,0.200,0.040,1.000,0.500,0.800,0.300,0.400
Shrub,3301,4.000,0.000,0.400,0.350,0.120,0.200,0.030,0.050,0.060,0.040,1.600,0.400,0.700,0.400,1.200,0.100,0.200,0.040,1.000,0.500,0.800,0.300,0.400
Shrub,3277,4.000,0.000,0.400,0.350,0.120,0.200,0.030,0.050,0.060,0.040,1.600,0.400,0.700,0.400,1.200,0.100,0.200,0.040,1.000,0.500,0.800,0.300,0.400
Shrub,3302,4.000,0.000,0.400,0.350,0.120,0.200,0.030,0.050,0.060,0.040,1.600,0.400,0.700,0.400,1.200,0.100,0.200,0.040,1.000,0.500,0.800,0.300,0.400
Shrub,3304,4.000,0.000,0.400,0.350,0.120,0.200,0.030,0.050,0.060,0.040,1.600,0.400,0.700,0.400,1.200,0.100,0.200,0.040,1.000,0.500,0.800,0.300,0.400
Shrub,3327,4.000,0.000,0.400,0.350,0.120,0.200,0.030,0.050,0.060,0.040,1.600,0.400,0.700,0.400,1.200,0.100,0.200,0.040,1.000,0.500,0.800,0.300,0.400
Shrub,3326,4.000,0.000,0.400,0.350,0.120,0.200,0.030,0.050,0.060,0.040,1.600,0.400,0.700,0.400,1.200,0.100,0.200,0.040,1.000,0.500,0.800,0.300,0.400
Shrub,3325,4.000,0.000,0.400,0.350,0.120,0.200,0.030,0.050,0.060,0.040,1.600,0.400,0.700,0.400,1.200,0.100,0.200,0.040,1.000,0.500,0.800,0.300,0.400
Shrub,3324,4.000,0.000,0.400,0.350,0.120,0.200,0.030,0.050,0.060,0.040,1.600,0.400,0.700,0.400,1.200,0.100,0.200,0.040,1.000,0.500,0.800,0.300,0.400
Shrub,3323,4.000,0.000,0.400,0.350,0.120,0.200,0.030,0.050,0.060,0.040,1.600,0.400,0.700,0.400,1.200,0.100,0.200,0.040,1.000,0.500,0.800,0.300,0.400
Shrub,3322,4.000,0.000,0.400,0.350,0.120,0.200,0.030,0.050,0.060,0.040,1.600,0.400,0.700,0.400,1.200,0.100,0.200,0.040,1.000,0.500,0.800,0.300,0.400
Shrub,3321,4.000,0.000,0.400,0.350,0.120,0.200,0.030,0.050,0.060,0.040,1.600,0.400,0.700,0.400,1.200,0.100,0.200,0.040,1.000,0.500,0.800,0.300,0.400
Shrub,3320,4.000,0.000,0.400,0.350,0.120,0.200,0.030,0.050,0.060,0.040,1.600,0.400,0.700,0.400,1.200,0.100,0.200,0.040,1.000,0.500,0.800,0.300,0.400
Shrub,3319,4.000,0.000,0.400,0.350,0.120,0.200,0.030,0.050,0.060,0.040,1.600,0.400,0.700,0.400,1.200,0.100,0.200,0.040,1.000,0.500,0.800,0.300,0.400
Shrub,3318,4.000,0.000,0.400,0.350,0.120,0.200,0.030,0.050,0.060,0.040,1.600,0.400,0.700,0.400,1.200,0.100,0.200,0.040,1.000,0.500,0.800,0.300,0.400
Shrub,3317,4.000,0.000,0.400,0.350,0.120,0.200,0.030,0.050,0.060,0.040,1.600,0.400,0.700,0.400,1.200,0.100,0.200,0.040,1.000,0.500,0.800,0.300,0.400
Shrub,3316,4.000,0.000,0.400,0.350,0.120,0.200,0.030,0.050,0.060,0.040,1.600,0.400,0.700,0.400,1.200,0.100,0.200,0.040,1.000,0.500,0.800,0.300,0.400
Shrub,3315,4.000,0.000,0.400,0.350,0.120,0.200,0.030,0.050,0.060,0.040,1.600,0.400,0.700,0.400,1.200,0.100,0.200,0.040,1.000,0.500,0.800,0.300,0.400
Shrub,3314,4.000,0.000,0.400,0.350,0.120,0.200,0.030,0.050,0.060,0.040,1.600,0.400,0.700,0.400,1.200,0.100,0.200,0.040,1.000,0.500,0.800,0.300,0.400
Shrub,3313,4.000,0.000,0.400,0.350,0.120,0.200,0.030,0.050,0.060,0.040,1.600,0.400,0.700,0.400,1.200,0.100,0.200,0.040,1.000,0.500,0.800,0.300,0.400
Shrub,3312,4.000,0.000,0.400,0.350,0.120,0.200,0.030,0.050,0.060,0.040,1.600,0.400,0.700,0.400,1.200,0.100,0.200,0.040,1.000,0.500,0.800,0.300,0.400
Shrub,3311,4.000,0.000,0.400,0.350,0.120,0.200,0.030,0.050,0.060,0.040,1.600,0.400,0.700,0.400,1.200,0.100,0.200,0.040,1.000,0.500,0.800,0.300,0.400
Shrub,3310,4.000,0.000,0.400,0.350,0.120,0.200,0.030,0.050,0.060,0.040,1.600,0.400,0.700,0.400,1.200,0.100,0.200,0.040,1.000,0.500,0.800,0.300,0.400
Shrub,3309,4.000,0.000,0.400,0.350,0.120,0.200,0.030,0.050,0.060,0.040,1.600,0.400,0.700,0.400,1.200,0.100,0.200,0.040,1.000,0.500,0.800,0.300,0.400
Shrub,3308,4.000,0.000,0.400,0.350,0.120,0.200,0.030,0.050,0.060,0.040,1.600,0.400,0.700,0.400,1.200,0.100,0.200,0.040,1.000,0.500,0.800,0.300,0.400
Shrub,3307,4.000,0.000,0.400,0.350,0.120,0.200,0.030,0.050,0.060,0.040,1.600,0.400,0.700,0.400,1.200,0.100,0.200,0.040,1.000,0.500,0.800,0.300,0.400
Shrub,3306,4.000,0.000,0.400,0.350,0.120,0.200,0.030,0.050,0.060,0.040,1.600,0.400,0.700,0.400,1.200,0.100,0.200,0.040,1.000,0.500,0.800,0.300,0.400
Shrub,3305,4.000,0.000,0.400,0.350,0.120,0.200,0.030,0.050,0.060,0.040,1.600,0.400,0.700,0.400,1.200,0.100,0.200,0.040,1.000,0.500,0.800,0.300,0.400
Shrub,3303,4.000,0.000,0.400,0.350,0.120,0.200,0.030,0.050,0.060,0.040,1.600,0.400,0.700,0.400,1.200,0.100,0.200,0.040,1.000,0.500,0.800,0.300,0.400
Shrub,3328,4.000,0.000,0.400,0.350,0.120,0.200,0.030,0.050,0.060,0.040,1.600,0.400,0.700,0.400,1.200,0.100,0.200,0.040,1.000,0.500,0.800,0.300,0.400
Shrub,3276,4.000,0.000,0.400,0.350,0.120,0.200,0.030,0.050,0.060,0.040,1.600,0.400,0.700,0.400,1.200,0.100,0.200,0.040,1.000,0.500,0.800,0.300,0.400
Shrub,3274,4.000,0.000,0.400,0.350,0.120,0.200,0.030,0.050,0.060,0.040,1.600,0.400,0.700,0.400,1.200,0.100,0.200,0.040,1.000,0.500,0.800,0.300,0.400
Shrub,3245,4.000,0.000,0.400,0.350,0.120,0.200,0.030,0.050,0.060,0.040,1.600,0.400,0.700,0.400,1.200,0.100,0.200,0.040,1.000,0.500,0.800,0.300,0.400
Shrub,3244,4.000,0.000,0.400,0.350,0.120,0.200,0.030,0.050,0.060,0.040,1.600,0.400,0.700,0.400,1.200,0.100,0.200,0.040,1.000,0.500,0.800,0.300,0.400
Shrub,3243,4.000,0.000,0.400,0.350,0.120,0.200,0.030,0.050,0.060,0.040,1.600,0.400,0.700,0.400,1.200,0.100,0.200,0.040,1.000,0.500,0.800,0.300,0.400
Shrub,3242,4.000,0.000,0.400,0.350,0.120,0.200,0.030,0.050,0.060,0.040,1.600,0.400,0.700,0.400,1.200,0.100,0.200,0.040,1.000,0.500,0.800,0.300,0.400
Shrub,3241,4.000,0.000,0.400,0.350,0.120,0.200,0.030,0.050,0.060,0.040,1.600,0.400,0.700,0.400,1.200,0.100,0.200,0.040,1.000,0.500,0.800,0.300,0.400
Shrub,3240,4.000,0.000,0.400,0.350,0.120,0.200,0.030,0.050,0.060,0.040,1.600,0.400,0.700,0.400,1.200,0.100,0.200,0.040,1.000,0.500,0.800,0.300,0.400
Shrub,3239,4.000,0.000,0.400,0.350,0.120,0.200,0.030,0.050,0.060,0.040,1.600,0.400,0.700,0.400,1.200,0.100,0.200,0.040,1.000,0.500,0.800,0.300,0.400
Shrub,3238,4.000,0.000,0.400,0.350,0.120,0.200,0.030,0.050,0.060,0.040,1.600,0.400,0.700,0.400,1.200,0.100,0.200,0.040,1.000,0.500,0.800,0.300,0.400
Shrub,3237,4.000,0.000,0.400,0.350,0.120,0.200,0.030,0.050,0.060,0.040,1.600,0.400,0.700,0.400,1.200,0.100,0.200,0.040,1.000,0.500,0.800,0.300,0.400
Shrub,3236,4.000,0.000,0.400,0.350,0.120,0.200,0.030,0.050,0.060,0.040,1.600,0.400,0.700,0.400,1.200,0.100,0.200,0.040,1.000,0.500,0.800,0.300,0.400
Shrub,3235,4.000,0.000,0.400,0.350,0.120,0.200,0.030,0.050,0.060,0.040,1.600,0.400,0.700,0.400,1.200,0.100,0.200,0.040,1.000,0.500,0.800,0.300,0.400
Shrub,3234,4.000,0.000,0.400,0.350,0.120,0.200,0.030,0.050,0.060,0.040,1.600,0.400,0.700,0.400,1.200,0.100,0.200,0.040,1.000,0.500,0.800,0.300,0.400
Shrub,3233,4.000,0.000,0.400,0.350,0.120,0.200,0.030,0.050,0.060,0.040,1.600,0.400,0.700,0.400,1.200,0.100,0.200,0.040,1.000,0.500,0.800,0.300,0.400
Shrub,3232,4.000,0.000,0.400,0.350,0.120,0.200,0.030,0.050,0.060,0.040,1.600,0.400,0.700,0.400,1.200,0.100,0.200,0.040,1.000,0.500,0.800,0.300,0.400
Shrub,3231,4.000,0.000,0.400,0.350,0.120,0.200,0.030,0.050,0.060,0.040,1.600,0.400,0.700,0.400,1.200,0.100,0.200,0.040,1.000,0.500,0.800,0.300,0.400
Shrub,3230,4.000,0.000,0.400,0.350,0.120,0.200,0.030,0.050,0.060,0.040,1.600,0.400,0.700,0.400,1.200,0.100,0.200,0.040,1.000,0.500,0.800,0.300,0.400
Shrub,3229,4.000,0.000,0.400,0.350,0.120,0.200,0.030,0.050,0.060,0.040,1.600,0.400,0.700,0.400,1.200,0.100,0.200,0.040,1.000,0.500,0.800,0.300,0.400
Shrub,3228,4.000,0.000,0.400,0.350,0.120,0.200,0.030,0.050,0.060,0.040,1.600,0.400,0.700,0.400,1.200,0.100,0.200,0.040,1.000,0.500,0.800,0.300,0.400
Shrub,3227,4.000,0.000,0.400,0.350,0.120,0.200,0.030,0.050,0.060,0.040,1.600,0.400,0.700,0.400,1.200,0.100,0.200,0.040,1.000,0.500,0.800,0.300,0.400
Shrub,3223,4.000,0.000,0.400,0.350,0.120,0.200,0.030,0.050,0.060,0.040,1.600,0.400,0.700,0.400,1.200,0.100,0.200,0.040,1.000,0.500,0.800,0.300,0.400
Shrub,3222,4.000,0.000,0.400,0.350,0.120,0.200,0.030,0.050,0.060,0.040,1.600,0.400,0.700,0.400,1.200,0.100,0.200,0.040,1.000,0.500,0.800,0.300,0.400
Shrub,3221,4.000,0.000,0.400,0.350,0.120,0.200,0.030,0.050,0.060,0.040,1.600,0.400,0.700,0.400,1.200,0.100,0.200,0.040,1.000,0.500,0.800,0.300,0.400
Shrub,3220,4.000,0.000,0.400,0.350,0.120,0.200,0.030,0.050,0.060,0.040,1.600,0.400,0.700,0.400,1.200,0.100,0.200,0.040,1.000,0.500,0.800,0.300,0.400
Shrub,3247,4.000,0.000,0.400,0.350,0.120,0.200,0.030,0.050,0.060,0.040,1.600,0.400,0.700,0.400,1.200,0.100,0.200,0.040,1.000,0.500,0.800,0.300,0.400
Shrub,3275,4.000,0.000,0.400,0.350,0.120,0.200,0.030,0.050,0.060,0.040,1.600,0.400,0.700,0.400,1.200,0.100,0.200,0.040,1.000,0.500,0.800,0.300,0.400
Shrub,3248,4.000,0.000,0.400,0.350,0.120,0.200,0.030,0.050,0.060,0.040,1.600,0.400,0.700,0.400,1.200,0.100,0.200,0.040,1.000,0.500,0.800,0.300,0.400
Shrub,3250,4.000,0.000,0.400,0.350,0.120,0.200,0.030,0.050,0.060,0.040,1.600,0.400,0.700,0.400,1.200,0.100,0.200,0.040,1.000,0.500,0.800,0.300,0.400
Shrub,3273,4.000,0.000,0.400,0.350,0.120,0.200,0.030,0.050,0.060,0.040,1.600,0.400,0.700,0.400,1.200,0.100,0.200,0.040,1.000,0.500,0.800,0.300,0.400
Shrub,3272,4.000,0.000,0.400,0.350,0.120,0.200,0.030,0.050,0.060,0.040,1.600,0.400,0.700,0.400,1.200,0.100,0.200,0.040,1.000,0.500,0.800,0.300,0.400
Shrub,3271,4.000,0.000,0.400,0.350,0.120,0.200,0.030,0.050,0.060,0.040,1.600,0.400,0.700,0.400,1.200,0.100,0.200,0.040,1.000,0.500,0.800,0.300,0.400
Shrub,3270,4.000,0.000,0.400,0.350,0.120,0.200,0.030,0.050,0.060,0.040,1.600,0.400,0.700,0.400,1.200,0.100,0.200,0.040,1.000,0.500,0.800,0.300,0.400
Shrub,3269,4.000,0.000,0.400,0.350,0.120,0.200,0.030,0.050,0.060,0.040,1.600,0.400,0.700,0.400,1.200,0.100,0.200,0.040,1.000,0.500,0.800,0.300,0.400
Shrub,3268,4.000,0.000,0.400,0.350,0.120,0.200,0.030,0.050,0.060,0.040,1.600,0.400,0.700,0.400,1.200,0.100,0.200,0.040,1.000,0.500,0.800,0.300,0.400
Shrub,3267,4.000,0.000,0.400,0.350,0.120,0.200,0.030,0.050,0.060,0.040,1.600,0.400,0.700,0.400,1.200,0.100,0.200,0.040,1.000,0.500,0.800,0.300,0.400
Shrub,3266,4.000,0.000,0.400,0.350,0.120,0.200,0.030,0.050,0.060,0.040,1.600,0.400,0.700,0.400,1.200,0.100,0.200,0.040,1.000,0.500,0.800,0.300,0.400
Shrub,3265,4.000,0.000,0.400,0.350,0.120,0.200,0.030,0.050,0.060,0.040,1.600,0.400,0.700,0.400,1.200,0.100,0.200,0.040,1.000,0.500,0.800,0.300,0.400
Shrub,3264,4.000,0.000,0.400,0.350,0.120,0.200,0.030,0.050,0.060,0.040,1.600,0.400,0.700,0.400,1.200,0.100,0.200,0.040,1.000,0.500,0.800,0.300,0.400
Shrub,3263,4.000,0.000,0.400,0.350,0.120,0.200,0.030,0.050,0.060,0.040,1.600,0.400,0.700,0.400,1.200,0.100,0.200,0.040,1.000,0.500,0.800,0.300,0.400
Shrub,3262,4.000,0.000,0.400,0.350,0.120,0.200,0.030,0.050,0.060,0.040,1.600,0.400,0.700,0.400,1.200,0.100,0.200,0.040,1.000,0.500,0.800,0.300,0.400
Shrub,3261,4.000,0.000,0.400,0.350,0.120,0.200,0.030,0.050,0.060,0.040,1.600,0.400,0.700,0.400,1.200,0.100,0.200,0.040,1.000,0.500,0.800,0.300,0.400
Shrub,3260,4.000,0.000,0.400,0.350,0.120,0.200,0.030,0.050,0.060,0.040,1.600,0.400,0.700,0.400,1.200,0.100,0.200,0.040,1.000,0.500,0.800,0.300,0.400
Shrub,3259,4.000,0.000,0.400,0.350,0.120,0.200,0.030,0.050,0.060,0.040,1.600,0.400,0.700,0.400,1.200,0.100,0.200,0.040,1.000,0.500,0.800,0.300,0.400
Shrub,3258,4.000,0.000,0.400,0.350,0.120,0.200,0.030,0.050,0.060,0.040,1.600,0.400,0.700,0.400,1.200,0.100,0.200,0.040,1.000,0.500,0.800,0.300,0.400
Shrub,3257,4.000,0.000,0.400,0.350,0.120,0.200,0.030,0.050,0.060,0.040,1.600,0.400,0.700,0.400,1.200,0.100,0.200,0.040,1.000,0.500,0.800,0.300,0.400
Shrub,3256,4.000,0.000,0.400,0.350,0.120,0.200,0.030,0.050,0.060,0.040,1.600,0.400,0.700,0.400,1.200,0.100,0.200,0.040,1.000,0.500,0.800,0.300,0.400
Shrub,3255,4.000,0.000,0.400,0.350,0.120,0.200,0.030,0.050,0.060,0.040,1.600,0.400,0.700,0.400,1.200,0.100,0.200,0.040,1.000,0.500,0.800,0.300,0.400
Shrub,3254,4.000,0.000,0.400,0.350,0.120,0.200,0.030,0.050,0.060,0.040,1.600,0.400,0.700,0.400,1.200,0.100,0.200,0.040,1.000,0.500,0.800,0.300,0.400
Shrub,3253,4.000,0.000,0.400,0.350,0.120,0.200,0.030,0.050,0.060,0.040,1.600,0.400,0.700,0.400,1.200,0.100,0.200,0.040,1.000,0.500,0.800,0.300,0.400
Shrub,3252,4.000,0.000,0.400,0.350,0.120,0.200,0.030,0.050,0.060,0.040,1.600,0.400,0.700,0.400,1.200,0.100,0.200,0.040,1.000,0.500,0.800,0.300,0.400
Shrub,3251,4.000,0.000,0.400,0.350,0.120,0.200,0.030,0.050,0.060,0.040,1.600,0.400,0.700,0.400,1.200,0.100,0.200,0.040,1.000,0.500,0.800,0.300,0.400
Shrub,3249,4.000,0.000,0.400,0.350,0.120,0.200,0.030,0.050,0.060,0.040,1.600,0.400,0.700,0.400,1.200,0.100,0.200,0.040,1.000,0.500,0.800,0.300,0.400
Shrub,3219,4.000,0.000,0.400,0.350,0.120,0.200,0.030,0.050,0.060,0.040,1.600,0.400,0.700,0.400,1.200,0.100,0.200,0.040,1.000,0.500,0.800,0.300,0.400
Shrub,3329,4.000,0.000,0.400,0.350,0.120,0.200,0.030,0.050,0.060,0.040,1.600,0.400,0.700,0.400,1.200,0.100,0.200,0.040,1.000,0.500,0.800,0.300,0.400
Shrub,3331,4.000,0.000,0.400,0.350,0.120,0.200,0.030,0.050,0.060,0.040,1.600,0.400,0.700,0.400,1.200,0.100,0.200,0.040,1.000,0.500,0.800,0.300,0.400
Shrub,3413,4.000,0.000,0.400,0.350,0.120,0.200,0.030,0.050,0.060,0.040,1.600,0.400,0.700,0.400,1.200,0.100,0.200,0.040,1.000,0.500,0.800,0.300,0.400
Shrub,3412,4.000,0.000,0.400,0.350,0.120,0.200,0.030,0.050,0.060,0.040,1.600,0.400,0.700,0.400,1.200,0.100,0.200,0.040,1.000,0.500,0.800,0.300,0.400
Shrub,3411,4.000,0.000,0.400,0.350,0.120,0.200,0.030,0.050,0.060,0.040,1.600,0.400,0.700,0.400,1.200,0.100,0.200,0.040,1.000,0.500,0.800,0.300,0.400
Shrub,3410,4.000,0.000,0.400,0.350,0.120,0.200,0.030,0.050,0.060,0.040,1.600,0.400,0.700,0.400,1.200,0.100,0.200,0.040,1.000,0.500,0.800,0.300,0.400
Shrub,3409,4.000,0.000,0.400,0.350,0.120,0.200,0.030,0.050,0.060,0.040,1.600,0.400,0.700,0.400,1.200,0.100,0.200,0.040,1.000,0.500,0.800,0.300,0.400
Shrub,3408,4.000,0.000,0.400,0.350,0.120,0.200,0.030,0.050,0.060,0.040,1.600,0.400,0.700,0.400,1.200,0.100,0.200,0.040,1.000,0.500,0.800,0.300,0.400
Shrub,3407,4.000,0.000,0.400,0.350,0.120,0.200,0.030,0.050,0.060,0.040,1.600,0.400,0.700,0.400,1.200,0.100,0.200,0.040,1.000,0.500,0.800,0.300,0.400
Shrub,3406,4.000,0.000,0.400,0.350,0.120,0.200,0.030,0.050,0.060,0.040,1.600,0.400,0.700,0.400,1.200,0.100,0.200,0.040,1.000,0.500,0.800,0.300,0.400
Shrub,3405,4.000,0.000,0.400,0.350,0.120,0.200,0.030,0.050,0.060,0.040,1.600,0.400,0.700,0.400,1.200,0.100,0.200,0.040,1.000,0.500,0.800,0.300,0.400
Shrub,3403,4.000,0.000,0.400,0.350,0.120,0.200,0.030,0.050,0.060,0.040,1.600,0.400,0.700,0.400,1.200,0.100,0.200,0.040,1.000,0.500,0.800,0.300,0.400
Shrub,3402,4.000,0.000,0.400,0.350,0.120,0.200,0.030,0.050,0.060,0.040,1.600,0.400,0.700,0.400,1.200,0.100,0.200,0.040,1.000,0.500,0.800,0.300,0.400
Shrub,3401,4.000,0.000,0.400,0.350,0.120,0.200,0.030,0.050,0.060,0.040,1.600,0.400,0.700,0.400,1.200,0.100,0.200,0.040,1.000,0.500,0.800,0.300,0.400
Shrub,3400,4.000,0.000,0.400,0.350,0.120,0.200,0.030,0.050,0.060,0.040,1.600,0.400,0.700,0.400,1.200,0.100,0.200,0.040,1.000,0.500,0.800,0.300,0.400
Shrub,3399,4.000,0.000,0.400,0.350,0.120,0.200,0.030,0.050,0.060,0.040,1.600,0.400,0.700,0.400,1.200,0.100,0.200,0.040,1.000,0.500,0.800,0.300,0.400
Shrub,3398,4.000,0.000,0.400,0.350,0.120,0.200,0.030,0.050,0.060,0.040,1.600,0.400,0.700,0.400,1.200,0.100,0.200,0.040,1.000,0.500,0.800,0.300,0.400
Shrub,3397,4.000,0.000,0.400,0.350,0.120,0.200,0.030,0.050,0.060,0.040,1.600,0.400,0.700,0.400,1.200,0.100,0.200,0.040,1.000,0.500,0.800,0.300,0.400
Shrub,3396,4.000,0.000,0.400,0.350,0.120,0.200,0.030,0.050,0.060,0.040,1.600,0.400,0.700,0.400,1.200,0.100,0.200,0.040,1.000,0.500,0.800,0.300,0.400
Shrub,3395,4.000,0.000,0.400,0.350,0.120,0.200,0.030,0.050,0.060,0.040,1.600,0.400,0.700,0.400,1.200,0.100,0.200,0.040,1.000,0.500,0.800,0.300,0.400
Shrub,3394,4.000,0.000,0.400,0.350,0.120,0.200,0.030,0.050,0.060,0.040,1.600,0.400,0.700,0.400,1.200,0.100,0.200,0.040,1.000,0.500,0.800,0.300,0.400
Shrub,3393,4.000,0.000,0.400,0.350,0.120,0.200,0.030,0.050,0.060,0.040,1.600,0.400,0.700,0.400,1.200,0.100,0.200,0.040,1.000,0.500,0.800,0.300,0.400
Shrub,3392,4.000,0.000,0.400,0.350,0.120,0.200,0.030,0.050,0.060,0.040,1.600,0.400,0.700,0.400,1.200,0.100,0.200,0.040,1.000,0.500,0.800,0.300,0.400
Shrub,3391,4.000,0.000,0.400,0.350,0.120,0.200,0.030,0.050,0.060,0.040,1.600,0.400,0.700,0.400,1.200,0.100,0.200,0.040,1.000,0.500,0.800,0.300,0.400
Shrub,3390,4.000,0.000,0.400,0.350,0.120,0.200,0.030,0.050,0.060,0.040,1.600,0.400,0.700,0.400,1.200,0.100,0.200,0.040,1.000,0.500,0.800,0.300,0.400
Shrub,3414,4.000,0.000,0.400,0.350,0.120,0.200,0.030,0.050,0.060,0.040,1.600,0.400,0.700,0.400,1.200,0.100,0.200,0.040,1.000,0.500,0.800,0.300,0.400
Shrub,3389,4.000,0.000,0.400,0.350,0.120,0.200,0.030,0.050,0.060,0.040,1.600,0.400,0.700,0.400,1.200,0.100,0.200,0.040,1.000,0.500,0.800,0.300,0.400
Shrub,3415,4.000,0.000,0.400,0.350,0.120,0.200,0.030,0.050,0.060,0.040,1.600,0.400,0.700,0.400,1.200,0.100,0.200,0.040,1.000,0.500,0.800,0.300,0.400
Shrub,3417,4.000,0.000,0.400,0.350,0.120,0.200,0.030,0.050,0.060,0.040,1.600,0.400,0.700,0.400,1.200,0.100,0.200,0.040,1.000,0.500,0.800,0.300,0.400
Shrub,3446,4.000,0.000,0.400,0.350,0.120,0.200,0.030,0.050,0.060,0.040,1.600,0.400,0.700,0.400,1.200,0.100,0.200,0.040,1.000,0.500,0.800,0.300,0.400
Shrub,3444,4.000,0.000,0.400,0.350,0.120,0.200,0.030,0.050,0.060,0.040,1.600,0.400,0.700,0.400,1.200,0.100,0.200,0.040,1.000,0.500,0.800,0.300,0.400
Shrub,3443,4.000,0.000,0.400,0.350,0.120,0.200,0.030,0.050,0.060,0.040,1.600,0.400,0.700,0.400,1.200,0.100,0.200,0.040,1.000,0.500,0.800,0.300,0.400
Shrub,3442,4.000,0.000,0.400,0.350,0.120,0.200,0.030,0.050,0.060,0.040,1.600,0.400,0.700,0.400,1.200,0.100,0.200,0.040,1.000,0.500,0.800,0.300,0.400
Shrub,3440,4.000,0.000,0.400,0.350,0.120,0.200,0.030,0.050,0.060,0.040,1.600,0.400,0.700,0.400,1.200,0.100,0.200,0.040,1.000,0.500,0.800,0.300,0.400
Shrub,3439,4.000,0.000,0.400,0.350,0.120,0.200,0.030,0.050,0.060,0.040,1.600,0.400,0.700,0.400,1.200,0.100,0.200,0.040,1.000,0.500,0.800,0.300,0.400
Shrub,3438,4.000,0.000,0.400,0.350,0.120,0.200,0.030,0.050,0.060,0.040,1.600,0.400,0.700,0.400,1.200,0.100,0.200,0.040,1.000,0.500,0.800,0.300,0.400
Shrub,3437,4.000,0.000,0.400,0.350,0.120,0.200,0.030,0.050,0.060,0.040,1.600,0.400,0.700,0.400,1.200,0.100,0.200,0.040,1.000,0.500,0.800,0.300,0.400
Shrub,3436,4.000,0.000,0.400,0.350,0.120,0.200,0.030,0.050,0.060,0.040,1.600,0.400,0.700,0.400,1.200,0.100,0.200,0.040,1.000,0.500,0.800,0.300,0.400
Shrub,3435,4.000,0.000,0.400,0.350,0.120,0.200,0.030,0.050,0.060,0.040,1.600,0.400,0.700,0.400,1.200,0.100,0.200,0.040,1.000,0.500,0.800,0.300,0.400
Shrub,3434,4.000,0.000,0.400,0.350,0.120,0.200,0.030,0.050,0.060,0.040,1.600,0.400,0.700,0.400,1.200,0.100,0.200,0.040,1.000,0.500,0.800,0.300,0.400
Shrub,3433,4.000,0.000,0.400,0.350,0.120,0.200,0.030,0.050,0.060,0.040,1.600,0.400,0.700,0.400,1.200,0.100,0.200,0.040,1.000,0.500,0.800,0.300,0.400
Shrub,3430,4.000,0.000,0.400,0.350,0.120,0.200,0.030,0.050,0.060,0.040,1.600,0.400,0.700,0.400,1.200,0.100,0.200,0.040,1.000,0.500,0.800,0.300,0.400
Shrub,3429,4.000,0.000,0.400,0.350,0.120,0.200,0.030,0.050,0.060,0.040,1.600,0.400,0.700,0.400,1.200,0.100,0.200,0.040,1.000,0.500,0.800,0.300,0.400
Shrub,3428,4.000,0.000,0.400,0.350,0.120,0.200,0.030,0.050,0.060,0.040,1.600,0.400,0.700,0.400,1.200,0.100,0.200,0.040,1.000,0.500,0.800,0.300,0.400
Shrub,3426,4.000,0.000,0.400,0.350,0.120,0.200,0.030,0.050,0.060,0.040,1.600,0.400,0.700,0.400,1.200,0.100,0.200,0.040,1.000,0.500,0.800,0.300,0.400
Shrub,3425,4.000,0.000,0.400,0.350,0.120,0.200,0.030,0.050,0.060,0.040,1.600,0.400,0.700,0.400,1.200,0.100,0.200,0.040,1.000,0.500,0.800,0.300,0.400
Shrub,3423,4.000,0.000,0.400,0.350,0.120,0.200,0.030,0.050,0.060,0.040,1.600,0.400,0.700,0.400,1.200,0.100,0.200,0.040,1.000,0.500,0.800,0.300,0.400
Shrub,3422,4.000,0.000,0.400,0.350,0.120,0.200,0.030,0.050,0.060,0.040,1.600,0.400,0.700,0.400,1.200,0.100,0.200,0.040,1.000,0.500,0.800,0.300,0.400
Shrub,3421,4.000,0.000,0.400,0.350,0.120,0.200,0.030,0.050,0.060,0.040,1.600,0.400,0.700,0.400,1.200,0.100,0.200,0.040,1.000,0.500,0.800,0.300,0.400
Shrub,3420,4.000,0.000,0.400,0.350,0.120,0.200,0.030,0.050,0.060,0.040,1.600,0.400,0.700,0.400,1.200,0.100,0.200,0.040,1.000,0.500,0.800,0.300,0.400
Shrub,3419,4.000,0.000,0.400,0.350,0.120,0.200,0.030,0.050,0.060,0.040,1.600,0.400,0.700,0.400,1.200,0.100,0.200,0.040,1.000,0.500,0.800,0.300,0.400
Shrub,3418,4.000,0.000,0.400,0.350,0.120,0.200,0.030,0.050,0.060,0.040,1.600,0.400,0.700,0.400,1.200,0.100,0.200,0.040,1.000,0.500,0.800,0.300,0.400
Shrub,3416,4.000,0.000,0.400,0.350,0.120,0.200,0.030,0.050,0.060,0.040,1.600,0.400,0.700,0.400,1.200,0.100,0.200,0.040,1.000,0.500,0.800,0.300,0.400
Shrub,3330,4.000,0.000,0.400,0.350,0.120,0.200,0.030,0.050,0.060,0.040,1.600,0.400,0.700,0.400,1.200,0.100,0.200,0.040,1.000,0.500,0.800,0.300,0.400
Shrub,3387,4.000,0.000,0.400,0.350,0.120,0.200,0.030,0.050,0.060,0.040,1.600,0.400,0.700,0.400,1.200,0.100,0.200,0.040,1.000,0.500,0.800,0.300,0.400
Shrub,3385,4.000,0.000,0.400,0.350,0.120,0.200,0.030,0.050,0.060,0.040,1.600,0.400,0.700,0.400,1.200,0.100,0.200,0.040,1.000,0.500,0.800,0.300,0.400
Shrub,3356,4.000,0.000,0.400,0.350,0.120,0.200,0.030,0.050,0.060,0.040,1.600,0.400,0.700,0.400,1.200,0.100,0.200,0.040,1.000,0.500,0.800,0.300,0.400
Shrub,3355,4.000,0.000,0.400,0.350,0.120,0.200,0.030,0.050,0.060,0.040,1.600,0.400,0.700,0.400,1.200,0.100,0.200,0.040,1.000,0.500,0.800,0.300,0.400
Shrub,3354,4.000,0.000,0.400,0.350,0.120,0.200,0.030,0.050,0.060,0.040,1.600,0.400,0.700,0.400,1.200,0.100,0.200,0.040,1.000,0.500,0.800,0.300,0.400
Shrub,3353,4.000,0.000,0.400,0.350,0.120,0.200,0.030,0.050,0.060,0.040,1.600,0.400,0.700,0.400,1.200,0.100,0.200,0.040,1.000,0.500,0.800,0.300,0.400
Shrub,3352,4.000,0.000,0.400,0.350,0.120,0.200,0.030,0.050,0.060,0.040,1.600,0.400,0.700,0.400,1.200,0.100,0.200,0.040,1.000,0.500,0.800,0.300,0.400
Shrub,3351,4.000,0.000,0.400,0.350,0.120,0.200,0.030,0.050,0.060,0.040,1.600,0.400,0.700,0.400,1.200,0.100,0.200,0.040,1.000,0.500,0.800,0.300,0.400
Shrub,3350,4.000,0.000,0.400,0.350,0.120,0.200,0.030,0.050,0.060,0.040,1.600,0.400,0.700,0.400,1.200,0.100,0.200,0.040,1.000,0.500,0.800,0.300,0.400
Shrub,3349,4.000,0.000,0.400,0.350,0.120,0.200,0.030,0.050,0.060,0.040,1.600,0.400,0.700,0.400,1.200,0.100,0.200,0.040,1.000,0.500,0.800,0.300,0.400
Shrub,3348,4.000,0.000,0.400,0.350,0.120,0.200,0.030,0.050,0.060,0.040,1.600,0.400,0.700,0.400,1.200,0.100,0.200,0.040,1.000,0.500,0.800,0.300,0.400
Shrub,3347,4.000,0.000,0.400,0.350,0.120,0.200,0.030,0.050,0.060,0.040,1.600,0.400,0.700,0.400,1.200,0.100,0.200,0.040,1.000,0.500,0.800,0.300,0.400
Shrub,3346,4.000,0.000,0.400,0.350,0.120,0.200,0.030,0.050,0.060,0.040,1.600,0.400,0.700,0.400,1.200,0.100,0.200,0.040,1.000,0.500,0.800,0.300,0.400
Shrub,3344,4.000,0.000,0.400,0.350,0.120,0.200,0.030,0.050,0.060,0.040,1.600,0.400,0.700,0.400,1.200,0.100,0.200,0.040,1.000,0.500,0.800,0.300,0.400
Shrub,3343,4.000,0.000,0.400,0.350,0.120,0.200,0.030,0.050,0.060,0.040,1.600,0.400,0.700,0.400,1.200,0.100,0.200,0.040,1.000,0.500,0.800,0.300,0.400
Shrub,3342,4.000,0.000,0.400,0.350,0.120,0.200,0.030,0.050,0.060,0.040,1.600,0.400,0.700,0.400,1.200,0.100,0.200,0.040,1.000,0.500,0.800,0.300,0.400
Shrub,3340,4.000,0.000,0.400,0.350,0.120,0.200,0.030,0.050,0.060,0.040,1.600,0.400,0.700,0.400,1.200,0.100,0.200,0.040,1.000,0.500,0.800,0.300,0.400
Shrub,3339,4.000,0.000,0.400,0.350,0.120,0.200,0.030,0.050,0.060,0.040,1.600,0.400,0.700,0.400,1.200,0.100,0.200,0.040,1.000,0.500,0.800,0.300,0.400
Shrub,3338,4.000,0.000,0.400,0.350,0.120,0.200,0.030,0.050,0.060,0.040,1.600,0.400,0.700,0.400,1.200,0.100,0.200,0.040,1.000,0.500,0.800,0.300,0.400
Shrub,3337,4.000,0.000,0.400,0.350,0.120,0.200,0.030,0.050,0.060,0.040,1.600,0.400,0.700,0.400,1.200,0.100,0.200,0.040,1.000,0.500,0.800,0.300,0.400
Shrub,3336,4.000,0.000,0.400,0.350,0.120,0.200,0.030,0.050,0.060,0.040,1.600,0.400,0.700,0.400,1.200,0.100,0.200,0.040,1.000,0.500,0.800,0.300,0.400
Shrub,3335,4.000,0.000,0.400,0.350,0.120,0.200,0.030,0.050,0.060,0.040,1.600,0.400,0.700,0.400,1.200,0.100,0.200,0.040,1.000,0.500,0.800,0.300,0.400
Shrub,3334,4.000,0.000,0.400,0.350,0.120,0.200,0.030,0.050,0.060,0.040,1.600,0.400,0.700,0.400,1.200,0.100,0.200,0.040,1.000,0.500,0.800,0.300,0.400
Shrub,3333,4.000,0.000,0.400,0.350,0.120,0.200,0.030,0.050,0.060,0.040,1.600,0.400,0.700,0.400,1.200,0.100,0.200,0.040,1.000,0.500,0.800,0.300,0.400
Shrub,3332,4.000,0.000,0.400,0.350,0.120,0.200,0.030,0.050,0.060,0.040,1.600,0.400,0.700,0.400,1.200,0.100,0.200,0.040,1.000,0.500,0.800,0.300,0.400
Shrub,3357,4.000,0.000,0.400,0.350,0.120,0.200,0.030,0.050,0.060,0.040,1.600,0.400,0.700,0.400,1.200,0.100,0.200,0.040,1.000,0.500,0.800,0.300,0.400
Shrub,3386,4.000,0.000,0.400,0.350,0.120,0.200,0.030,0.050,0.060,0.040,1.600,0.400,0.700,0.400,1.200,0.100,0.200,0.040,1.000,0.500,0.800,0.300,0.400
Shrub,3358,4.000,0.000,0.400,0.350,0.120,0.200,0.030,0.050,0.060,0.040,1.600,0.400,0.700,0.400,1.200,0.100,0.200,0.040,1.000,0.500,0.800,0.300,0.400
Shrub,3361,4.000,0.000,0.400,0.350,0.120,0.200,0.030,0.050,0.060,0.040,1.600,0.400,0.700,0.400,1.200,0.100,0.200,0.040,1.000,0.500,0.800,0.300,0.400
Shrub,3384,4.000,0.000,0.400,0.350,0.120,0.200,0.030,0.050,0.060,0.040,1.600,0.400,0.700,0.400,1.200,0.100,0.200,0.040,1.000,0.500,0.800,0.300,0.400
Shrub,3383,4.000,0.000,0.400,0.350,0.120,0.200,0.030,0.050,0.060,0.040,1.600,0.400,0.700,0.400,1.200,0.100,0.200,0.040,1.000,0.500,0.800,0.300,0.400
Shrub,3382,4.000,0.000,0.400,0.350,0.120,0.200,0.030,0.050,0.060,0.040,1.600,0.400,0.700,0.400,1.200,0.100,0.200,0.040,1.000,0.500,0.800,0.300,0.400
Shrub,3381,4.000,0.000,0.400,0.350,0.120,0.200,0.030,0.050,0.060,0.040,1.600,0.400,0.700,0.400,1.200,0.100,0.200,0.040,1.000,0.500,0.800,0.300,0.400
Shrub,3380,4.000,0.000,0.400,0.350,0.120,0.200,0.030,0.050,0.060,0.040,1.600,0.400,0.700,0.400,1.200,0.100,0.200,0.040,1.000,0.500,0.800,0.300,0.400
Shrub,3379,4.000,0.000,0.400,0.350,0.120,0.200,0.030,0.050,0.060,0.040,1.600,0.400,0.700,0.400,1.200,0.100,0.200,0.040,1.000,0.500,0.800,0.300,0.400
Shrub,3378,4.000,0.000,0.400,0.350,0.120,0.200,0.030,0.050,0.060,0.040,1.600,0.400,0.700,0.400,1.200,0.100,0.200,0.040,1.000,0.500,0.800,0.300,0.400
Shrub,3377,4.000,0.000,0.400,0.350,0.120,0.200,0.030,0.050,0.060,0.040,1.600,0.400,0.700,0.400,1.200,0.100,0.200,0.040,1.000,0.500,0.800,0.300,0.400
Shrub,3376,4.000,0.000,0.400,0.350,0.120,0.200,0.030,0.050,0.060,0.040,1.600,0.400,0.700,0.400,1.200,0.100,0.200,0.040,1.000,0.500,0.800,0.300,0.400
Shrub,3375,4.000,0.000,0.400,0.350,0.120,0.200,0.030,0.050,0.060,0.040,1.600,0.400,0.700,0.400,1.200,0.100,0.200,0.040,1.000,0.500,0.800,0.300,0.400
Shrub,3374,4.000,0.000,0.400,0.350,0.120,0.200,0.030,0.050,0.060,0.040,1.600,0.400,0.700,0.400,1.200,0.100,0.200,0.040,1.000,0.500,0.800,0.300,0.400
Shrub,3373,4.000,0.000,0.400,0.350,0.120,0.200,0.030,0.050,0.060,0.040,1.600,0.400,0.700,0.400,1.200,0.100,0.200,0.040,1.000,0.500,0.800,0.300,0.400
Shrub,3372,4.000,0.000,0.400,0.350,0.120,0.200,0.030,0.050,0.060,0.040,1.600,0.400,0.700,0.400,1.200,0.100,0.200,0.040,1.000,0.500,0.800,0.300,0.400
Shrub,3371,4.000,0.000,0.400,0.350,0.120,0.200,0.030,0.050,0.060,0.040,1.600,0.400,0.700,0.400,1.200,0.100,0.200,0.040,1.000,0.500,0.800,0.300,0.400
Shrub,3370,4.000,0.000,0.400,0.350,0.120,0.200,0.030,0.050,0.060,0.040,1.600,0.400,0.700,0.400,1.200,0.100,0.200,0.040,1.000,0.500,0.800,0.300,0.400
Shrub,3369,4.000,0.000,0.400,0.350,0.120,0.200,0.030,0.050,0.060,0.040,1.600,0.400,0.700,0.400,1.200,0.100,0.200,0.040,1.000,0.500,0.800,0.300,0.400
Shrub,3368,4.000,0.000,0.400,0.350,0.120,0.200,0.030,0.050,0.060,0.040,1.600,0.400,0.700,0.400,1.200,0.100,0.200,0.040,1.000,0.500,0.800,0.300,0.400
Shrub,3367,4.000,0.000,0.400,0.350,0.120,0.200,0.030,0.050,0.060,0.040,1.600,0.400,0.700,0.400,1.200,0.100,0.200,0.040,1.000,0.500,0.800,0.300,0.400
Shrub,3366,4.000,0.000,0.400,0.350,0.120,0.200,0.030,0.050,0.060,0.040,1.600,0.400,0.700,0.400,1.200,0.100,0.200,0.040,1.000,0.500,0.800,0.300,0.400
Shrub,3365,4.000,0.000,0.400,0.350,0.120,0.200,0.030,0.050,0.060,0.040,1.600,0.400,0.700,0.400,1.200,0.100,0.200,0.040,1.000,0.500,0.800,0.300,0.400
Shrub,3364,4.000,0.000,0.400,0.350,0.120,0.200,0.030,0.050,0.060,0.040,1.600,0.400,0.700,0.400,1.200,0.100,0.200,0.040,1.000,0.500,0.800,0.300,0.400
Shrub,3363,4.000,0.000,0.400,0.350,0.120,0.200,0.030,0.050,0.060,0.040,1.600,0.400,0.700,0.400,1.200,0.100,0.200,0.040,1.000,0.500,0.800,0.300,0.400
Shrub,3362,4.000,0.000,0.400,0.350,0.120,0.200,0.030,0.050,0.060,0.040,1.600,0.400,0.700,0.400,1.200,0.100,0.200,0.040,1.000,0.500,0.800,0.300,0.400
Shrub,3359,4.000,0.000,0.400,0.350,0.120,0.200,0.030,0.050,0.060,0.040,1.600,0.400,0.700,0.400,1.200,0.100,0.200,0.040,1.000,0.500,0.800,0.300,0.400
Shrub,3218,4.000,0.000,0.400,0.350,0.120,0.200,0.030,0.050,0.060,0.040,1.600,0.400,0.700,0.400,1.200,0.100,0.200,0.040,1.000,0.500,0.800,0.300,0.400
Shrub,3217,4.000,0.000,0.400,0.350,0.120,0.200,0.030,0.050,0.060,0.040,1.600,0.400,0.700,0.400,1.200,0.100,0.200,0.040,1.000,0.500,0.800,0.300,0.400
Shrub,3216,4.000,0.000,0.400,0.350,0.120,0.200,0.030,0.050,0.060,0.040,1.600,0.400,0.700,0.400,1.200,0.100,0.200,0.040,1.000,0.500,0.800,0.300,0.400
Shrub,3068,4.000,0.000,0.400,0.350,0.120,0.200,0.030,0.050,0.060,0.040,1.600,0.400,0.700,0.400,1.200,0.100,0.200,0.040,1.000,0.500,0.800,0.300,0.400
Shrub,3067,4.000,0.000,0.400,0.350,0.120,0.200,0.030,0.050,0.060,0.040,1.600,0.400,0.700,0.400,1.200,0.100,0.200,0.040,1.000,0.500,0.800,0.300,0.400
Shrub,3066,4.000,0.000,0.400,0.350,0.120,0.200,0.030,0.050,0.060,0.040,1.600,0.400,0.700,0.400,1.200,0.100,0.200,0.040,1.000,0.500,0.800,0.300,0.400
Shrub,3065,4.000,0.000,0.400,0.350,0.120,0.200,0.030,0.050,0.060,0.040,1.600,0.400,0.700,0.400,1.200,0.100,0.200,0.040,1.000,0.500,0.800,0.300,0.400
Shrub,3064,4.000,0.000,0.400,0.350,0.120,0.200,0.030,0.050,0.060,0.040,1.600,0.400,0.700,0.400,1.200,0.100,0.200,0.040,1.000,0.500,0.800,0.300,0.400
Shrub,3063,4.000,0.000,0.400,0.350,0.120,0.200,0.030,0.050,0.060,0.040,1.600,0.400,0.700,0.400,1.200,0.100,0.200,0.040,1.000,0.500,0.800,0.300,0.400
Shrub,3062,4.000,0.000,0.400,0.350,0.120,0.200,0.030,0.050,0.060,0.040,1.600,0.400,0.700,0.400,1.200,0.100,0.200,0.040,1.000,0.500,0.800,0.300,0.400
Shrub,3061,4.000,0.000,0.400,0.350,0.120,0.200,0.030,0.050,0.060,0.040,1.600,0.400,0.700,0.400,1.200,0.100,0.200,0.040,1.000,0.500,0.800,0.300,0.400
Shrub,3060,4.000,0.000,0.400,0.350,0.120,0.200,0.030,0.050,0.060,0.040,1.600,0.400,0.700,0.400,1.200,0.100,0.200,0.040,1.000,0.500,0.800,0.300,0.400
Shrub,3059,4.000,0.000,0.400,0.350,0.120,0.200,0.030,0.050,0.060,0.040,1.600,0.400,0.700,0.400,1.200,0.100,0.200,0.040,1.000,0.500,0.800,0.300,0.400
Shrub,3058,4.000,0.000,0.400,0.350,0.120,0.200,0.030,0.050,0.060,0.040,1.600,0.400,0.700,0.400,1.200,0.100,0.200,0.040,1.000,0.500,0.800,0.300,0.400
Shrub,3057,4.000,0.000,0.400,0.350,0.120,0.200,0.030,0.050,0.060,0.040,1.600,0.400,0.700,0.400,1.200,0.100,0.200,0.040,1.000,0.500,0.800,0.300,0.400
Shrub,3056,4.000,0.000,0.400,0.350,0.120,0.200,0.030,0.050,0.060,0.040,1.600,0.400,0.700,0.400,1.200,0.100,0.200,0.040,1.000,0.500,0.800,0.300,0.400
Shrub,3055,4.000,0.000,0.400,0.350,0.120,0.200,0.030,0.050,0.060,0.040,1.600,0.400,0.700,0.400,1.200,0.100,0.200,0.040,1.000,0.500,0.800,0.300,0.400
Shrub,3054,4.000,0.000,0.400,0.350,0.120,0.200,0.030,0.050,0.060,0.040,1.600,0.400,0.700,0.400,1.200,0.100,0.200,0.040,1.000,0.500,0.800,0.300,0.400
Shrub,3053,4.000,0.000,0.400,0.350,0.120,0.200,0.030,0.050,0.060,0.040,1.600,0.400,0.700,0.400,1.200,0.100,0.200,0.040,1.000,0.500,0.800,0.300,0.400
Shrub,3052,4.000,0.000,0.400,0.350,0.120,0.200,0.030,0.050,0.060,0.040,1.600,0.400,0.700,0.400,1.200,0.100,0.200,0.040,1.000,0.500,0.800,0.300,0.400
Shrub,3051,4.000,0.000,0.400,0.350,0.120,0.200,0.030,0.050,0.060,0.040,1.600,0.400,0.700,0.400,1.200,0.100,0.200,0.040,1.000,0.500,0.800,0.300,0.400
Shrub,3050,4.000,0.000,0.400,0.350,0.120,0.200,0.030,0.050,0.060,0.040,1.600,0.400,0.700,0.400,1.200,0.100,0.200,0.040,1.000,0.500,0.800,0.300,0.400
Shrub,3049,4.000,0.000,0.400,0.350,0.120,0.200,0.030,0.050,0.060,0.040,1.600,0.400,0.700,0.400,1.200,0.100,0.200,0.040,1.000,0.500,0.800,0.300,0.400
Shrub,3048,4.000,0.000,0.400,0.350,0.120,0.200,0.030,0.050,0.060,0.040,1.600,0.400,0.700,0.400,1.200,0.100,0.200,0.040,1.000,0.500,0.800,0.300,0.400
Shrub,3047,4.000,0.000,0.400,0.350,0.120,0.200,0.030,0.050,0.060,0.040,1.600,0.400,0.700,0.400,1.200,0.100,0.200,0.040,1.000,0.500,0.800,0.300,0.400
Shrub,3046,4.000,0.000,0.400,0.350,0.120,0.200,0.030,0.050,0.060,0.040,1.600,0.400,0.700,0.400,1.200,0.100,0.200,0.040,1.000,0.500,0.800,0.300,0.400
Shrub,3070,4.000,0.000,0.400,0.350,0.120,0.200,0.030,0.050,0.060,0.040,1.600,0.400,0.700,0.400,1.200,0.100,0.200,0.040,1.000,0.500,0.800,0.300,0.400
Shrub,3045,4.000,0.000,0.400,0.350,0.120,0.200,0.030,0.050,0.060,0.040,1.600,0.400,0.700,0.400,1.200,0.100,0.200,0.040,1.000,0.500,0.800,0.300,0.400
Shrub,3071,4.000,0.000,0.400,0.350,0.120,0.200,0.030,0.050,0.060,0.040,1.600,0.400,0.700,0.400,1.200,0.100,0.200,0.040,1.000,0.500,0.800,0.300,0.400
Shrub,3074,4.000,0.000,0.400,0.350,0.120,0.200,0.030,0.050,0.060,0.040,1.600,0.400,0.700,0.400,1.200,0.100,0.200,0.040,1.000,0.500,0.800,0.300,0.400
Shrub,3098,4.000,0.000,0.400,0.350,0.120,0.200,0.030,0.050,0.060,0.040,1.600,0.400,0.700,0.400,1.200,0.100,0.200,0.040,1.000,0.500,0.800,0.300,0.400
Shrub,3097,4.000,0.000,0.400,0.350,0.120,0.200,0.030,0.050,0.060,0.040,1.600,0.400,0.700,0.400,1.200,0.100,0.200,0.040,1.000,0.500,0.800,0.300,0.400
Shrub,3096,4.000,0.000,0.400,0.350,0.120,0.200,0.030,0.050,0.060,0.040,1.600,0.400,0.700,0.400,1.200,0.100,0.200,0.040,1.000,0.500,0.800,0.300,0.400
Shrub,3095,4.000,0.000,0.400,0.350,0.120,0.200,0.030,0.050,0.060,0.040,1.600,0.400,0.700,0.400,1.200,0.100,0.200,0.040,1.000,0.500,0.800,0.300,0.400
Shrub,3094,4.000,0.000,0.400,0.350,0.120,0.200,0.030,0.050,0.060,0.040,1.600,0.400,0.700,0.400,1.200,0.100,0.200,0.040,1.000,0.500,0.800,0.300,0.400
Shrub,3093,4.000,0.000,0.400,0.350,0.120,0.200,0.030,0.050,0.060,0.040,1.600,0.400,0.700,0.400,1.200,0.100,0.200,0.040,1.000,0.500,0.800,0.300,0.400
Shrub,3092,4.000,0.000,0.400,0.350,0.120,0.200,0.030,0.050,0.060,0.040,1.600,0.400,0.700,0.400,1.200,0.100,0.200,0.040,1.000,0.500,0.800,0.300,0.400
Shrub,3091,4.000,0.000,0.400,0.350,0.120,0.200,0.030,0.050,0.060,0.040,1.600,0.400,0.700,0.400,1.200,0.100,0.200,0.040,1.000,0.500,0.800,0.300,0.400
Shrub,3090,4.000,0.000,0.400,0.350,0.120,0.200,0.030,0.050,0.060,0.040,1.600,0.400,0.700,0.400,1.200,0.100,0.200,0.040,1.000,0.500,0.800,0.300,0.400
Shrub,3088,4.000,0.000,0.400,0.350,0.120,0.200,0.030,0.050,0.060,0.040,1.600,0.400,0.700,0.400,1.200,0.100,0.200,0.040,1.000,0.500,0.800,0.300,0.400
Shrub,3087,4.000,0.000,0.400,0.350,0.120,0.200,0.030,0.050,0.060,0.040,1.600,0.400,0.700,0.400,1.200,0.100,0.200,0.040,1.000,0.500,0.800,0.300,0.400
Shrub,3086,4.000,0.000,0.400,0.350,0.120,0.200,0.030,0.050,0.060,0.040,1.600,0.400,0.700,0.400,1.200,0.100,0.200,0.040,1.000,0.500,0.800,0.300,0.400
Shrub,3085,4.000,0.000,0.400,0.350,0.120,0.200,0.030,0.050,0.060,0.040,1.600,0.400,0.700,0.400,1.200,0.100,0.200,0.040,1.000,0.500,0.800,0.300,0.400
Shrub,3084,4.000,0.000,0.400,0.350,0.120,0.200,0.030,0.050,0.060,0.040,1.600,0.400,0.700,0.400,1.200,0.100,0.200,0.040,1.000,0.500,0.800,0.300,0.400
Shrub,3083,4.000,0.000,0.400,0.350,0.120,0.200,0.030,0.050,0.060,0.040,1.600,0.400,0.700,0.400,1.200,0.100,0.200,0.040,1.000,0.500,0.800,0.300,0.400
Shrub,3082,4.000,0.000,0.400,0.350,0.120,0.200,0.030,0.050,0.060,0.040,1.600,0.400,0.700,0.400,1.200,0.100,0.200,0.040,1.000,0.500,0.800,0.300,0.400
Shrub,3081,4.000,0.000,0.400,0.350,0.120,0.200,0.030,0.050,0.060,0.040,1.600,0.400,0.700,0.400,1.200,0.100,0.200,0.040,1.000,0.500,0.800,0.300,0.400
Shrub,3080,4.000,0.000,0.400,0.350,0.120,0.200,0.030,0.050,0.060,0.040,1.600,0.400,0.700,0.400,1.200,0.100,0.200,0.040,1.000,0.500,0.800,0.300,0.400
Shrub,3079,4.000,0.000,0.400,0.350,0.120,0.200,0.030,0.050,0.060,0.040,1.600,0.400,0.700,0.400,1.200,0.100,0.200,0.040,1.000,0.500,0.800,0.300,0.400
Shrub,3078,4.000,0.000,0.400,0.350,0.120,0.200,0.030,0.050,0.060,0.040,1.600,0.400,0.700,0.400,1.200,0.100,0.200,0.040,1.000,0.500,0.800,0.300,0.400
Shrub,3077,4.000,0.000,0.400,0.350,0.120,0.200,0.030,0.050,0.060,0.040,1.600,0.400,0.700,0.400,1.200,0.100,0.200,0.040,1.000,0.500,0.800,0.300,0.400
Shrub,3076,4.000,0.000,0.400,0.350,0.120,0.200,0.030,0.050,0.060,0.040,1.600,0.400,0.700,0.400,1.200,0.100,0.200,0.040,1.000,0.500,0.800,0.300,0.400
Shrub,3075,4.000,0.000,0.400,0.350,0.120,0.200,0.030,0.050,0.060,0.040,1.600,0.400,0.700,0.400,1.200,0.100,0.200,0.040,1.000,0.500,0.800,0.300,0.400
Shrub,3072,4.000,0.000,0.400,0.350,0.120,0.200,0.030,0.050,0.060,0.040,1.600,0.400,0.700,0.400,1.200,0.100,0.200,0.040,1.000,0.500,0.800,0.300,0.400
Shrub,3099,4.000,0.000,0.400,0.350,0.120,0.200,0.030,0.050,0.060,0.040,1.600,0.400,0.700,0.400,1.200,0.100,0.200,0.040,1.000,0.500,0.800,0.300,0.400
Shrub,3043,4.000,0.000,0.400,0.350,0.120,0.200,0.030,0.050,0.060,0.040,1.600,0.400,0.700,0.400,1.200,0.100,0.200,0.040,1.000,0.500,0.800,0.300,0.400
Shrub,3041,4.000,0.000,0.400,0.350,0.120,0.200,0.030,0.050,0.060,0.040,1.600,0.400,0.700,0.400,1.200,0.100,0.200,0.040,1.000,0.500,0.800,0.300,0.400
Shrub,3012,4.000,0.000,0.400,0.350,0.120,0.200,0.030,0.050,0.060,0.040,1.600,0.400,0.700,0.400,1.200,0.100,0.200,0.040,1.000,0.500,0.800,0.300,0.400
Shrub,3011,4.000,0.000,0.400,0.350,0.120,0.200,0.030,0.050,0.060,0.040,1.600,0.400,0.700,0.400,1.200,0.100,0.200,0.040,1.000,0.500,0.800,0.300,0.400
Shrub,3009,4.000,0.000,0.400,0.350,0.120,0.200,0.030,0.050,0.060,0.040,1.600,0.400,0.700,0.400,1.200,0.100,0.200,0.040,1.000,0.500,0.800,0.300,0.400
Shrub,3008,4.000,0.000,0.400,0.350,0.120,0.200,0.030,0.050,0.060,0.040,1.600,0.400,0.700,0.400,1.200,0.100,0.200,0.040,1.000,0.500,0.800,0.300,0.400
Shrub,3007,4.000,0.000,0.400,0.350,0.120,0.200,0.030,0.050,0.060,0.040,1.600,0.400,0.700,0.400,1.200,0.100,0.200,0.040,1.000,0.500,0.800,0.300,0.400
Shrub,3006,4.000,0.000,0.400,0.350,0.120,0.200,0.030,0.050,0.060,0.040,1.600,0.400,0.700,0.400,1.200,0.100,0.200,0.040,1.000,0.500,0.800,0.300,0.400
Shrub,3004,4.000,0.000,0.400,0.350,0.120,0.200,0.030,0.050,0.060,0.040,1.600,0.400,0.700,0.400,1.200,0.100,0.200,0.040,1.000,0.500,0.800,0.300,0.400
Shrub,3003,4.000,0.000,0.400,0.350,0.120,0.200,0.030,0.050,0.060,0.040,1.600,0.400,0.700,0.400,1.200,0.100,0.200,0.040,1.000,0.500,0.800,0.300,0.400
Shrub,3002,4.000,0.000,0.400,0.350,0.120,0.200,0.030,0.050,0.060,0.040,1.600,0.400,0.700,0.400,1.200,0.100,0.200,0.040,1.000,0.500,0.800,0.300,0.400
Shrub,3001,4.000,0.000,0.400,0.350,0.120,0.200,0.030,0.050,0.060,0.040,1.600,0.400,0.700,0.400,1.200,0.100,0.200,0.040,1.000,0.500,0.800,0.300,0.400
Shrub,2410,4.000,0.000,0.400,0.350,0.120,0.200,0.030,0.050,0.060,0.040,1.600,0.400,0.700,0.400,1.200,0.100,0.200,0.040,1.000,0.500,0.800,0.300,0.400
Shrub,2409,4.000,0.000,0.400,0.350,0.120,0.200,0.030,0.050,0.060,0.040,1.600,0.400,0.700,0.400,1.200,0.100,0.200,0.040,1.000,0.500,0.800,0.300,0.400
Shrub,2408,4.000,0.000,0.400,0.350,0.120,0.200,0.030,0.050,0.060,0.040,1.600,0.400,0.700,0.400,1.200,0.100,0.200,0.040,1.000,0.500,0.800,0.300,0.400
Shrub,2407,4.000,0.000,0.400,0.350,0.120,0.200,0.030,0.050,0.060,0.040,1.600,0.400,0.700,0.400,1.200,0.100,0.200,0.040,1.000,0.500,0.800,0.300,0.400
Shrub,2406,4.000,0.000,0.400,0.350,0.120,0.200,0.030,0.050,0.060,0.040,1.600,0.400,0.700,0.400,1.200,0.100,0.200,0.040,1.000,0.500,0.800,0.300,0.400
Shrub,2405,4.000,0.000,0.400,0.350,0.120,0.200,0.030,0.050,0.060,0.040,1.600,0.400,0.700,0.400,1.200,0.100,0.200,0.040,1.000,0.500,0.800,0.300,0.400
Shrub,2404,4.000,0.000,0.400,0.350,0.120,0.200,0.030,0.050,0.060,0.040,1.600,0.400,0.700,0.400,1.200,0.100,0.200,0.040,1.000,0.500,0.800,0.300,0.400
Shrub,2403,4.000,0.000,0.400,0.350,0.120,0.200,0.030,0.050,0.060,0.040,1.600,0.400,0.700,0.400,1.200,0.100,0.200,0.040,1.000,0.500,0.800,0.300,0.400
Shrub,2402,4.000,0.000,0.400,0.350,0.120,0.200,0.030,0.050,0.060,0.040,1.600,0.400,0.700,0.400,1.200,0.100,0.200,0.040,1.000,0.500,0.800,0.300,0.400
Shrub,2401,4.000,0.000,0.400,0.350,0.120,0.200,0.030,0.050,0.060,0.040,1.600,0.400,0.700,0.400,1.200,0.100,0.200,0.040,1.000,0.500,0.800,0.300,0.400
Shrub,2400,4.000,0.000,0.400,0.350,0.120,0.200,0.030,0.050,0.060,0.040,1.600,0.400,0.700,0.400,1.200,0.100,0.200,0.040,1.000,0.500,0.800,0.300,0.400
Shrub,-999,4.000,0.000,0.400,0.350,0.120,0.200,0.030,0.050,0.060,0.040,1.600,0.400,0.700,0.400,1.200,0.100,0.200,0.040,1.000,0.500,0.800,0.300,0.400
Shrub,5004,4.000,0.000,0.400,0.350,0.120,0.200,0.030,0.050,0.060,0.040,1.600,0.400,0.700,0.400,1.200,0.100,0.200,0.040,1.000,0.500,0.800,0.300,0.400
Shrub,3013,4.000,0.000,0.400,0.350,0.120,0.200,0.030,0.050,0.060,0.040,1.600,0.400,0.700,0.400,1.200,0.100,0.200,0.040,1.000,0.500,0.800,0.300,0.400
Shrub,3042,4.000,0.000,0.400,0.350,0.120,0.200,0.030,0.050,0.060,0.040,1.600,0.400,0.700,0.400,1.200,0.100,0.200,0.040,1.000,0.500,0.800,0.300,0.400
Shrub,3014,4.000,0.000,0.400,0.350,0.120,0.200,0.030,0.050,0.060,0.040,1.600,0.400,0.700,0.400,1.200,0.100,0.200,0.040,1.000,0.500,0.800,0.300,0.400
Shrub,3016,4.000,0.000,0.400,0.350,0.120,0.200,0.030,0.050,0.060,0.040,1.600,0.400,0.700,0.400,1.200,0.100,0.200,0.040,1.000,0.500,0.800,0.300,0.400
Shrub,3039,4.000,0.000,0.400,0.350,0.120,0.200,0.030,0.050,0.060,0.040,1.600,0.400,0.700,0.400,1.200,0.100,0.200,0.040,1.000,0.500,0.800,0.300,0.400
Shrub,3038,4.000,0.000,0.400,0.350,0.120,0.200,0.030,0.050,0.060,0.040,1.600,0.400,0.700,0.400,1.200,0.100,0.200,0.040,1.000,0.500,0.800,0.300,0.400
Shrub,3037,4.000,0.000,0.400,0.350,0.120,0.200,0.030,0.050,0.060,0.040,1.600,0.400,0.700,0.400,1.200,0.100,0.200,0.040,1.000,0.500,0.800,0.300,0.400
Shrub,3036,4.000,0.000,0.400,0.350,0.120,0.200,0.030,0.050,0.060,0.040,1.600,0.400,0.700,0.400,1.200,0.100,0.200,0.040,1.000,0.500,0.800,0.300,0.400
Shrub,3035,4.000,0.000,0.400,0.350,0.120,0.200,0.030,0.050,0.060,0.040,1.600,0.400,0.700,0.400,1.200,0.100,0.200,0.040,1.000,0.500,0.800,0.300,0.400
Shrub,3034,4.000,0.000,0.400,0.350,0.120,0.200,0.030,0.050,0.060,0.040,1.600,0.400,0.700,0.400,1.200,0.100,0.200,0.040,1.000,0.500,0.800,0.300,0.400
Shrub,3033,4.000,0.000,0.400,0.350,0.120,0.200,0.030,0.050,0.060,0.040,1.600,0.400,0.700,0.400,1.200,0.100,0.200,0.040,1.000,0.500,0.800,0.300,0.400
Shrub,3032,4.000,0.000,0.400,0.350,0.120,0.200,0.030,0.050,0.060,0.040,1.600,0.400,0.700,0.400,1.200,0.100,0.200,0.040,1.000,0.500,0.800,0.300,0.400
Shrub,3031,4.000,0.000,0.400,0.350,0.120,0.200,0.030,0.050,0.060,0.040,1.600,0.400,0.700,0.400,1.200,0.100,0.200,0.040,1.000,0.500,0.800,0.300,0.400
Shrub,3030,4.000,0.000,0.400,0.350,0.120,0.200,0.030,0.050,0.060,0.040,1.600,0.400,0.700,0.400,1.200,0.100,0.200,0.040,1.000,0.500,0.800,0.300,0.400
Shrub,3029,4.000,0.000,0.400,0.350,0.120,0.200,0.030,0.050,0.060,0.040,1.600,0.400,0.700,0.400,1.200,0.100,0.200,0.040,1.000,0.500,0.800,0.300,0.400
Shrub,3028,4.000,0.000,0.400,0.350,0.120,0.200,0.030,0.050,0.060,0.040,1.600,0.400,0.700,0.400,1.200,0.100,0.200,0.040,1.000,0.500,0.800,0.300,0.400
Shrub,3027,4.000,0.000,0.400,0.350,0.120,0.200,0.030,0.050,0.060,0.040,1.600,0.400,0.700,0.400,1.200,0.100,0.200,0.040,1.000,0.500,0.800,0.300,0.400
Shrub,3026,4.000,0.000,0.400,0.350,0.120,0.200,0.030,0.050,0.060,0.040,1.600,0.400,0.700,0.400,1.200,0.100,0.200,0.040,1.000,0.500,0.800,0.300,0.400
Shrub,3025,4.000,0.000,0.400,0.350,0.120,0.200,0.030,0.050,0.060,0.040,1.600,0.400,0.700,0.400,1.200,0.100,0.200,0.040,1.000,0.500,0.800,0.300,0.400
Shrub,3024,4.000,0.000,0.400,0.350,0.120,0.200,0.030,0.050,0.060,0.040,1.600,0.400,0.700,0.400,1.200,0.100,0.200,0.040,1.000,0.500,0.800,0.300,0.400
Shrub,3023,4.000,0.000,0.400,0.350,0.120,0.200,0.030,0.050,0.060,0.040,1.600,0.400,0.700,0.400,1.200,0.100,0.200,0.040,1.000,0.500,0.800,0.300,0.400
Shrub,3022,4.000,0.000,0.400,0.350,0.120,0.200,0.030,0.050,0.060,0.040,1.600,0.400,0.700,0.400,1.200,0.100,0.200,0.040,1.000,0.500,0.800,0.300,0.400
Shrub,3021,4.000,0.000,0.400,0.350,0.120,0.200,0.030,0.050,0.060,0.040,1.600,0.400,0.700,0.400,1.200,0.100,0.200,0.040,1.000,0.500,0.800,0.300,0.400
Shrub,3020,4.000,0.000,0.400,0.350,0.120,0.200,0.030,0.050,0.060,0.040,1.600,0.400,0.700,0.400,1.200,0.100,0.200,0.040,1.000,0.500,0.800,0.300,0.400
Shrub,3019,4.000,0.000,0.400,0.350,0.120,0.200,0.030,0.050,0.060,0.040,1.600,0.400,0.700,0.400,1.200,0.100,0.200,0.040,1.000,0.500,0.800,0.300,0.400
Shrub,3018,4.000,0.000,0.400,0.350,0.120,0.200,0.030,0.050,0.060,0.040,1.600,0.400,0.700,0.400,1.200,0.100,0.200,0.040,1.000,0.500,0.800,0.300,0.400
Shrub,3017,4.000,0.000,0.400,0.350,0.120,0.200,0.030,0.050,0.060,0.040,1.600,0.400,0.700,0.400,1.200,0.100,0.200,0.040,1.000,0.500,0.800,0.300,0.400
Shrub,3015,4.000,0.000,0.400,0.350,0.120,0.200,0.030,0.050,0.060,0.040,1.600,0.400,0.700,0.400,1.200,0.100,0.200,0.040,1.000,0.500,0.800,0.300,0.400
Shrub,3100,4.000,0.000,0.400,0.350,0.120,0.200,0.030,0.050,0.060,0.040,1.600,0.400,0.700,0.400,1.200,0.100,0.200,0.040,1.000,0.500,0.800,0.300,0.400
Shrub,3101,4.000,0.000,0.400,0.350,0.120,0.200,0.030,0.050,0.060,0.040,1.600,0.400,0.700,0.400,1.200,0.100,0.200,0.040,1.000,0.500,0.800,0.300,0.400
Shrub,3103,4.000,0.000,0.400,0.350,0.120,0.200,0.030,0.050,0.060,0.040,1.600,0.400,0.700,0.400,1.200,0.100,0.200,0.040,1.000,0.500,0.800,0.300,0.400
Shrub,3183,4.000,0.000,0.400,0.350,0.120,0.200,0.030,0.050,0.060,0.040,1.600,0.400,0.700,0.400,1.200,0.100,0.200,0.040,1.000,0.500,0.800,0.300,0.400
Shrub,3182,4.000,0.000,0.400,0.350,0.120,0.200,0.030,0.050,0.060,0.040,1.600,0.400,0.700,0.400,1.200,0.100,0.200,0.040,1.000,0.500,0.800,0.300,0.400
Shrub,3181,4.000,0.000,0.400,0.350,0.120,0.200,0.030,0.050,0.060,0.040,1.600,0.400,0.700,0.400,1.200,0.100,0.200,0.040,1.000,0.500,0.800,0.300,0.400
Shrub,3180,4.000,0.000,0.400,0.350,0.120,0.200,0.030,0.050,0.060,0.040,1.600,0.400,0.700,0.400,1.200,0.100,0.200,0.040,1.000,0.500,0.800,0.300,0.400
Shrub,3179,4.000,0.000,0.400,0.350,0.120,0.200,0.030,0.050,0.060,0.040,1.600,0.400,0.700,0.400,1.200,0.100,0.200,0.040,1.000,0.500,0.800,0.300,0.400
Shrub,3178,4.000,0.000,0.400,0.350,0.120,0.200,0.030,0.050,0.060,0.040,1.600,0.400,0.700,0.400,1.200,0.100,0.200,0.040,1.000,0.500,0.800,0.300,0.400
Shrub,3177,4.000,0.000,0.400,0.350,0.120,0.200,0.030,0.050,0.060,0.040,1.600,0.400,0.700,0.400,1.200,0.100,0.200,0.040,1.000,0.500,0.800,0.300,0.400
Shrub,3174,4.000,0.000,0.400,0.350,0.120,0.200,0.030,0.050,0.060,0.040,1.600,0.400,0.700,0.400,1.200,0.100,0.200,0.040,1.000,0.500,0.800,0.300,0.400
Shrub,3173,4.000,0.000,0.400,0.350,0.120,0.200,0.030,0.050,0.060,0.040,1.600,0.400,0.700,0.400,1.200,0.100,0.200,0.040,1.000,0.500,0.800,0.300,0.400
Shrub,3172,4.000,0.000,0.400,0.350,0.120,0.200,0.030,0.050,0.060,0.040,1.600,0.400,0.700,0.400,1.200,0.100,0.200,0.040,1.000,0.500,0.800,0.300,0.400
Shrub,3171,4.000,0.000,0.400,0.350,0.120,0.200,0.030,0.050,0.060,0.040,1.600,0.400,0.700,0.400,1.200,0.100,0.200,0.040,1.000,0.500,0.800,0.300,0.400
Shrub,3170,4.000,0.000,0.400,0.350,0.120,0.200,0.030,0.050,0.060,0.040,1.600,0.400,0.700,0.400,1.200,0.100,0.200,0.040,1.000,0.500,0.800,0.300,0.400
Shrub,3169,4.000,0.000,0.400,0.350,0.120,0.200,0.030,0.050,0.060,0.040,1.600,0.400,0.700,0.400,1.200,0.100,0.200,0.040,1.000,0.500,0.800,0.300,0.400
Shrub,3168,4.000,0.000,0.400,0.350,0.120,0.200,0.030,0.050,0.060,0.040,1.600,0.400,0.700,0.400,1.200,0.100,0.200,0.040,1.000,0.500,0.800,0.300,0.400
Shrub,3167,4.000,0.000,0.400,0.350,0.120,0.200,0.030,0.050,0.060,0.040,1.600,0.400,0.700,0.400,1.200,0.100,0.200,0.040,1.000,0.500,0.800,0.300,0.400
Shrub,3166,4.000,0.000,0.400,0.350,0.120,0.200,0.030,0.050,0.060,0.040,1.600,0.400,0.700,0.400,1.200,0.100,0.200,0.040,1.000,0.500,0.800,0.300,0.400
Shrub,3165,4.000,0.000,0.400,0.350,0.120,0.200,0.030,0.050,0.060,0.040,1.600,0.400,0.700,0.400,1.200,0.100,0.200,0.040,1.000,0.500,0.800,0.300,0.400
Shrub,3164,4.000,0.000,0.400,0.350,0.120,0.200,0.030,0.050,0.060,0.040,1.600,0.400,0.700,0.400,1.200,0.100,0.200,0.040,1.000,0.500,0.800,0.300,0.400
Shrub,3163,4.000,0.000,0.400,0.350,0.120,0.200,0.030,0.050,0.060,0.040,1.600,0.400,0.700,0.400,1.200,0.100,0.200,0.040,1.000,0.500,0.800,0.300,0.400
Shrub,3162,4.000,0.000,0.400,0.350,0.120,0.200,0.030,0.050,0.060,0.040,1.600,0.400,0.700,0.400,1.200,0.100,0.200,0.040,1.000,0.500,0.800,0.300,0.400
Shrub,3161,4.000,0.000,0.400,0.350,0.120,0.200,0.030,0.050,0.060,0.040,1.600,0.400,0.700,0.400,1.200,0.100,0.200,0.040,1.000,0.500,0.800,0.300,0.400
Shrub,3160,4.000,0.000,0.400,0.350,0.120,0.200,0.030,0.050,0.060,0.040,1.600,0.400,0.700,0.400,1.200,0.100,0.200,0.040,1.000,0.500,0.800,0.300,0.400
Shrub,3159,4.000,0.000,0.400,0.350,0.120,0.200,0.030,0.050,0.060,0.040,1.600,0.400,0.700,0.400,1.200,0.100,0.200,0.040,1.000,0.500,0.800,0.300,0.400
Shrub,3184,4.000,0.000,0.400,0.350,0.120,0.200,0.030,0.050,0.060,0.040,1.600,0.400,0.700,0.400,1.200,0.100,0.200,0.040,1.000,0.500,0.800,0.300,0.400
Shrub,3158,4.000,0.000,0.400,0.350,0.120,0.200,0.030,0.050,0.060,0.040,1.600,0.400,0.700,0.400,1.200,0.100,0.200,0.040,1.000,0.500,0.800,0.300,0.400
Shrub,3185,4.000,0.000,0.400,0.350,0.120,0.200,0.030,0.050,0.060,0.040,1.600,0.400,0.700,0.400,1.200,0.100,0.200,0.040,1.000,0.500,0.800,0.300,0.400
Shrub,3187,4.000,0.000,0.400,0.350,0.120,0.200,0.030,0.050,0.060,0.040,1.600,0.400,0.700,0.400,1.200,0.100,0.200,0.040,1.000,0.500,0.800,0.300,0.400
Shrub,3215,4.000,0.000,0.400,0.350,0.120,0.200,0.030,0.050,0.060,0.040,1.600,0.400,0.700,0.400,1.200,0.100,0.200,0.040,1.000,0.500,0.800,0.300,0.400
Shrub,3214,4.000,0.000,0.400,0.350,0.120,0.200,0.030,0.050,0.060,0.040,1.600,0.400,0.700,0.400,1.200,0.100,0.200,0.040,1.000,0.500,0.800,0.300,0.400
Shrub,3213,4.000,0.000,0.400,0.350,0.120,0.200,0.030,0.050,0.060,0.040,1.600,0.400,0.700,0.400,1.200,0.100,0.200,0.040,1.000,0.500,0.800,0.300,0.400
Shrub,3212,4.000,0.000,0.400,0.350,0.120,0.200,0.030,0.050,0.060,0.040,1.600,0.400,0.700,0.400,1.200,0.100,0.200,0.040,1.000,0.500,0.800,0.300,0.400
Shrub,3211,4.000,0.000,0.400,0.350,0.120,0.200,0.030,0.050,0.060,0.040,1.600,0.400,0.700,0.400,1.200,0.100,0.200,0.040,1.000,0.500,0.800,0.300,0.400
Shrub,3210,4.000,0.000,0.400,0.350,0.120,0.200,0.030,0.050,0.060,0.040,1.600,0.400,0.700,0.400,1.200,0.100,0.200,0.040,1.000,0.500,0.800,0.300,0.400
Shrub,3209,4.000,0.000,0.400,0.350,0.120,0.200,0.030,0.050,0.060,0.040,1.600,0.400,0.700,0.400,1.200,0.100,0.200,0.040,1.000,0.500,0.800,0.300,0.400
Shrub,3208,4.000,0.000,0.400,0.350,0.120,0.200,0.030,0.050,0.060,0.040,1.600,0.400,0.700,0.400,1.200,0.100,0.200,0.040,1.000,0.500,0.800,0.300,0.400
Shrub,3207,4.000,0.000,0.400,0.350,0.120,0.200,0.030,0.050,0.060,0.040,1.600,0.400,0.700,0.400,1.200,0.100,0.200,0.040,1.000,0.500,0.800,0.300,0.400
Shrub,3206,4.000,0.000,0.400,0.350,0.120,0.200,0.030,0.050,0.060,0.040,1.600,0.400,0.700,0.400,1.200,0.100,0.200,0.040,1.000,0.500,0.800,0.300,0.400
Shrub,3205,4.000,0.000,0.400,0.350,0.120,0.200,0.030,0.050,0.060,0.040,1.600,0.400,0.700,0.400,1.200,0.100,0.200,0.040,1.000,0.500,0.800,0.300,0.400
Shrub,3204,4.000,0.000,0.400,0.350,0.120,0.200,0.030,0.050,0.060,0.040,1.600,0.400,0.700,0.400,1.200,0.100,0.200,0.040,1.000,0.500,0.800,0.300,0.400
Shrub,3203,4.000,0.000,0.400,0.350,0.120,0.200,0.030,0.050,0.060,0.040,1.600,0.400,0.700,0.400,1.200,0.100,0.200,0.040,1.000,0.500,0.800,0.300,0.400
Shrub,3202,4.000,0.000,0.400,0.350,0.120,0.200,0.030,0.050,0.060,0.040,1.600,0.400,0.700,0.400,1.200,0.100,0.200,0.040,1.000,0.500,0.800,0.300,0.400
Shrub,3201,4.000,0.000,0.400,0.350,0.120,0.200,0.030,0.050,0.060,0.040,1.600,0.400,0.700,0.400,1.200,0.100,0.200,0.040,1.000,0.500,0.800,0.300,0.400
Shrub,3200,4.000,0.000,0.400,0.350,0.120,0.200,0.030,0.050,0.060,0.040,1.600,0.400,0.700,0.400,1.200,0.100,0.200,0.040,1.000,0.500,0.800,0.300,0.400
Shrub,3199,4.000,0.000,0.400,0.350,0.120,0.200,0.030,0.050,0.060,0.040,1.600,0.400,0.700,0.400,1.200,0.100,0.200,0.040,1.000,0.500,0.800,0.300,0.400
Shrub,3196,4.000,0.000,0.400,0.350,0.120,0.200,0.030,0.050,0.060,0.040,1.600,0.400,0.700,0.400,1.200,0.100,0.200,0.040,1.000,0.500,0.800,0.300,0.400
Shrub,3195,4.000,0.000,0.400,0.350,0.120,0.200,0.030,0.050,0.060,0.040,1.600,0.400,0.700,0.400,1.200,0.100,0.200,0.040,1.000,0.500,0.800,0.300,0.400
Shrub,3194,4.000,0.000,0.400,0.350,0.120,0.200,0.030,0.050,0.060,0.040,1.600,0.400,0.700,0.400,1.200,0.100,0.200,0.040,1.000,0.500,0.800,0.300,0.400
Shrub,3193,4.000,0.000,0.400,0.350,0.120,0.200,0.030,0.050,0.060,0.040,1.600,0.400,0.700,0.400,1.200,0.100,0.200,0.040,1.000,0.500,0.800,0.300,0.400
Shrub,3192,4.000,0.000,0.400,0.350,0.120,0.200,0.030,0.050,0.060,0.040,1.600,0.400,0.700,0.400,1.200,0.100,0.200,0.040,1.000,0.500,0.800,0.300,0.400
Shrub,3191,4.000,0.000,0.400,0.350,0.120,0.200,0.030,0.050,0.060,0.040,1.600,0.400,0.700,0.400,1.200,0.100,0.200,0.040,1.000,0.500,0.800,0.300,0.400
Shrub,3186,4.000,0.000,0.400,0.350,0.120,0.200,0.030,0.050,0.060,0.040,1.600,0.400,0.700,0.400,1.200,0.100,0.200,0.040,1.000,0.500,0.800,0.300,0.400
Shrub,3157,4.000,0.000,0.400,0.350,0.120,0.200,0.030,0.050,0.060,0.040,1.600,0.400,0.700,0.400,1.200,0.100,0.200,0.040,1.000,0.500,0.800,0.300,0.400
Shrub,3156,4.000,0.000,0.400,0.350,0.120,0.200,0.030,0.050,0.060,0.040,1.600,0.400,0.700,0.400,1.200,0.100,0.200,0.040,1.000,0.500,0.800,0.300,0.400
Shrub,3155,4.000,0.000,0.400,0.350,0.120,0.200,0.030,0.050,0.060,0.040,1.600,0.400,0.700,0.400,1.200,0.100,0.200,0.040,1.000,0.500,0.800,0.300,0.400
Shrub,3126,4.000,0.000,0.400,0.350,0.120,0.200,0.030,0.050,0.060,0.040,1.600,0.400,0.700,0.400,1.200,0.100,0.200,0.040,1.000,0.500,0.800,0.300,0.400
Shrub,3125,4.000,0.000,0.400,0.350,0.120,0.200,0.030,0.050,0.060,0.040,1.600,0.400,0.700,0.400,1.200,0.100,0.200,0.040,1.000,0.500,0.800,0.300,0.400
Shrub,3124,4.000,0.000,0.400,0.350,0.120,0.200,0.030,0.050,0.060,0.040,1.600,0.400,0.700,0.400,1.200,0.100,0.200,0.040,1.000,0.500,0.800,0.300,0.400
Shrub,3123,4.000,0.000,0.400,0.350,0.120,0.200,0.030,0.050,0.060,0.040,1.600,0.400,0.700,0.400,1.200,0.100,0.200,0.040,1.000,0.500,0.800,0.300,0.400
Shrub,3122,4.000,0.000,0.400,0.350,0.120,0.200,0.030,0.050,0.060,0.040,1.600,0.400,0.700,0.400,1.200,0.100,0.200,0.040,1.000,0.500,0.800,0.300,0.400
Shrub,3121,4.000,0.000,0.400,0.350,0.120,0.200,0.030,0.050,0.060,0.040,1.600,0.400,0.700,0.400,1.200,0.100,0.200,0.040,1.000,0.500,0.800,0.300,0.400
Shrub,3120,4.000,0.000,0.400,0.350,0.120,0.200,0.030,0.050,0.060,0.040,1.600,0.400,0.700,0.400,1.200,0.100,0.200,0.040,1.000,0.500,0.800,0.300,0.400
Shrub,3119,4.000,0.000,0.400,0.350,0.120,0.200,0.030,0.050,0.060,0.040,1.600,0.400,0.700,0.400,1.200,0.100,0.200,0.040,1.000,0.500,0.800,0.300,0.400
Shrub,3118,4.000,0.000,0.400,0.350,0.120,0.200,0.030,0.050,0.060,0.040,1.600,0.400,0.700,0.400,1.200,0.100,0.200,0.040,1.000,0.500,0.800,0.300,0.400
Shrub,3117,4.000,0.000,0.400,0.350,0.120,0.200,0.030,0.050,0.060,0.040,1.600,0.400,0.700,0.400,1.200,0.100,0.200,0.040,1.000,0.500,0.800,0.300,0.400
Shrub,3116,4.000,0.000,0.400,0.350,0.120,0.200,0.030,0.050,0.060,0.040,1.600,0.400,0.700,0.400,1.200,0.100,0.200,0.040,1.000,0.500,0.800,0.300,0.400
Shrub,3115,4.000,0.000,0.400,0.350,0.120,0.200,0.030,0.050,0.060,0.040,1.600,0.400,0.700,0.400,1.200,0.100,0.200,0.040,1.000,0.500,0.800,0.300,0.400
Shrub,3114,4.000,0.000,0.400,0.350,0.120,0.200,0.030,0.050,0.060,0.040,1.600,0.400,0.700,0.400,1.200,0.100,0.200,0.040,1.000,0.500,0.800,0.300,0.400
Shrub,3113,4.000,0.000,0.400,0.350,0.120,0.200,0.030,0.050,0.060,0.040,1.600,0.400,0.700,0.400,1.200,0.100,0.200,0.040,1.000,0.500,0.800,0.300,0.400
Shrub,3112,4.000,0.000,0.400,0.350,0.120,0.200,0.030,0.050,0.060,0.040,1.600,0.400,0.700,0.400,1.200,0.100,0.200,0.040,1.000,0.500,0.800,0.300,0.400
Shrub,3111,4.000,0.000,0.400,0.350,0.120,0.200,0.030,0.050,0.060,0.040,1.600,0.400,0.700,0.400,1.200,0.100,0.200,0.040,1.000,0.500,0.800,0.300,0.400
Shrub,3110,4.000,0.000,0.400,0.350,0.120,0.200,0.030,0.050,0.060,0.040,1.600,0.400,0.700,0.400,1.200,0.100,0.200,0.040,1.000,0.500,0.800,0.300,0.400
Shrub,3109,4.000,0.000,0.400,0.350,0.120,0.200,0.030,0.050,0.060,0.040,1.600,0.400,0.700,0.400,1.200,0.100,0.200,0.040,1.000,0.500,0.800,0.300,0.400
Shrub,3108,4.000,0.000,0.400,0.350,0.120,0.200,0.030,0.050,0.060,0.040,1.600,0.400,0.700,0.400,1.200,0.100,0.200,0.040,1.000,0.500,0.800,0.300,0.400
Shrub,3107,4.000,0.000,0.400,0.350,0.120,0.200,0.030,0.050,0.060,0.040,1.600,0.400,0.700,0.400,1.200,0.100,0.200,0.040,1.000,0.500,0.800,0.300,0.400
Shrub,3106,4.000,0.000,0.400,0.350,0.120,0.200,0.030,0.050,0.060,0.040,1.600,0.400,0.700,0.400,1.200,0.100,0.200,0.040,1.000,0.500,0.800,0.300,0.400
Shrub,3105,4.000,0.000,0.400,0.350,0.120,0.200,0.030,0.050,0.060,0.040,1.600,0.400,0.700,0.400,1.200,0.100,0.200,0.040,1.000,0.500,0.800,0.300,0.400
Shrub,3104,4.000,0.000,0.400,0.350,0.120,0.200,0.030,0.050,0.060,0.040,1.600,0.400,0.700,0.400,1.200,0.100,0.200,0.040,1.000,0.500,0.800,0.300,0.400
Shrub,3127,4.000,0.000,0.400,0.350,0.120,0.200,0.030,0.050,0.060,0.040,1.600,0.400,0.700,0.400,1.200,0.100,0.200,0.040,1.000,0.500,0.800,0.300,0.400
Shrub,3128,4.000,0.000,0.400,0.350,0.120,0.200,0.030,0.050,0.060,0.040,1.600,0.400,0.700,0.400,1.200,0.100,0.200,0.040,1.000,0.500,0.800,0.300,0.400
Shrub,3129,4.000,0.000,0.400,0.350,0.120,0.200,0.030,0.050,0.060,0.040,1.600,0.400,0.700,0.400,1.200,0.100,0.200,0.040,1.000,0.500,0.800,0.300,0.400
Shrub,3130,4.000,0.000,0.400,0.350,0.120,0.200,0.030,0.050,0.060,0.040,1.600,0.400,0.700,0.400,1.200,0.100,0.200,0.040,1.000,0.500,0.800,0.300,0.400
Shrub,3154,4.000,0.000,0.400,0.350,0.120,0.200,0.030,0.050,0.060,0.040,1.600,0.400,0.700,0.400,1.200,0.100,0.200,0.040,1.000,0.500,0.800,0.300,0.400
Shrub,3153,4.000,0.000,0.400,0.350,0.120,0.200,0.030,0.050,0.060,0.040,1.600,0.400,0.700,0.400,1.200,0.100,0.200,0.040,1.000,0.500,0.800,0.300,0.400
Shrub,3152,4.000,0.000,0.400,0.350,0.120,0.200,0.030,0.050,0.060,0.040,1.600,0.400,0.700,0.400,1.200,0.100,0.200,0.040,1.000,0.500,0.800,0.300,0.400
Shrub,3151,4.000,0.000,0.400,0.350,0.120,0.200,0.030,0.050,0.060,0.040,1.600,0.400,0.700,0.400,1.200,0.100,0.200,0.040,1.000,0.500,0.800,0.300,0.400
Shrub,3150,4.000,0.000,0.400,0.350,0.120,0.200,0.030,0.050,0.060,0.040,1.600,0.400,0.700,0.400,1.200,0.100,0.200,0.040,1.000,0.500,0.800,0.300,0.400
Shrub,3149,4.000,0.000,0.400,0.350,0.120,0.200,0.030,0.050,0.060,0.040,1.600,0.400,0.700,0.400,1.200,0.100,0.200,0.040,1.000,0.500,0.800,0.300,0.400
Shrub,3148,4.000,0.000,0.400,0.350,0.120,0.200,0.030,0.050,0.060,0.040,1.600,0.400,0.700,0.400,1.200,0.100,0.200,0.040,1.000,0.500,0.800,0.300,0.400
Shrub,3147,4.000,0.000,0.400,0.350,0.120,0.200,0.030,0.050,0.060,0.040,1.600,0.400,0.700,0.400,1.200,0.100,0.200,0.040,1.000,0.500,0.800,0.300,0.400
Shrub,3146,4.000,0.000,0.400,0.350,0.120,0.200,0.030,0.050,0.060,0.040,1.600,0.400,0.700,0.400,1.200,0.100,0.200,0.040,1.000,0.500,0.800,0.300,0.400
Shrub,3145,4.000,0.000,0.400,0.350,0.120,0.200,0.030,0.050,0.060,0.040,1.600,0.400,0.700,0.400,1.200,0.100,0.200,0.040,1.000,0.500,0.800,0.300,0.400
Shrub,3144,4.000,0.000,0.400,0.350,0.120,0.200,0.030,0.050,0.060,0.040,1.600,0.400,0.700,0.400,1.200,0.100,0.200,0.040,1.000,0.500,0.800,0.300,0.400
Shrub,3447,4.000,0.000,0.400,0.350,0.120,0.200,0.030,0.050,0.060,0.040,1.600,0.400,0.700,0.400,1.200,0.100,0.200,0.040,1.000,0.500,0.800,0.300,0.400
Shrub,3143,4.000,0.000,0.400,0.350,0.120,0.200,0.030,0.050,0.060,0.040,1.600,0.400,0.700,0.400,1.200,0.100,0.200,0.040,1.000,0.500,0.800,0.300,0.400
Shrub,3141,4.000,0.000,0.400,0.350,0.120,0.200,0.030,0.050,0.060,0.040,1.600,0.400,0.700,0.400,1.200,0.100,0.200,0.040,1.000,0.500,0.800,0.300,0.400
Shrub,3140,4.000,0.000,0.400,0.350,0.120,0.200,0.030,0.050,0.060,0.040,1.600,0.400,0.700,0.400,1.200,0.100,0.200,0.040,1.000,0.500,0.800,0.300,0.400
Shrub,3139,4.000,0.000,0.400,0.350,0.120,0.200,0.030,0.050,0.060,0.040,1.600,0.400,0.700,0.400,1.200,0.100,0.200,0.040,1.000,0.500,0.800,0.300,0.400
Shrub,3138,4.000,0.000,0.400,0.350,0.120,0.200,0.030,0.050,0.060,0.040,1.600,0.400,0.700,0.400,1.200,0.100,0.200,0.040,1.000,0.500,0.800,0.300,0.400
Shrub,3137,4.000,0.000,0.400,0.350,0.120,0.200,0.030,0.050,0.060,0.040,1.600,0.400,0.700,0.400,1.200,0.100,0.200,0.040,1.000,0.500,0.800,0.300,0.400
Shrub,3136,4.000,0.000,0.400,0.350,0.120,0.200,0.030,0.050,0.060,0.040,1.600,0.400,0.700,0.400,1.200,0.100,0.200,0.040,1.000,0.500,0.800,0.300,0.400
Shrub,3135,4.000,0.000,0.400,0.350,0.120,0.200,0.030,0.050,0.060,0.040,1.600,0.400,0.700,0.400,1.200,0.100,0.200,0.040,1.000,0.500,0.800,0.300,0.400
Shrub,3134,4.000,0.000,0.400,0.350,0.120,0.200,0.030,0.050,0.060,0.040,1.600,0.400,0.700,0.400,1.200,0.100,0.200,0.040,1.000,0.500,0.800,0.300,0.400
Shrub,3133,4.000,0.000,0.400,0.350,0.120,0.200,0.030,0.050,0.060,0.040,1.600,0.400,0.700,0.400,1.200,0.100,0.200,0.040,1.000,0.500,0.800,0.300,0.400
Shrub,3132,4.000,0.000,0.400,0.350,0.120,0.200,0.030,0.050,0.060,0.040,1.600,0.400,0.700,0.400,1.200,0.100,0.200,0.040,1.000,0.500,0.800,0.300,0.400
Shrub,3131,4.000,0.000,0.400,0.350,0.120,0.200,0.030,0.050,0.060,0.040,1.600,0.400,0.700,0.400,1.200,0.100,0.200,0.040,1.000,0.500,0.800,0.300,0.400
Shrub,3142,4.000,0.000,0.400,0.350,0.120,0.200,0.030,0.050,0.060,0.040,1.600,0.400,0.700,0.400,1.200,0.100,0.200,0.040,1.000,0.500,0.800,0.300,0.400
Shrub,3448,4.000,0.000,0.400,0.350,0.120,0.200,0.030,0.050,0.060,0.040,1.600,0.400,0.700,0.400,1.200,0.100,0.200,0.040,1.000,0.500,0.800,0.300,0.400
Shrub,3044,4.000,0.000,0.400,0.350,0.120,0.200,0.030,0.050,0.060,0.040,1.600,0.400,0.700,0.400,1.200,0.100,0.200,0.040,1.000,0.500,0.800,0.300,0.400
Shrub,3450,4.000,0.000,0.400,0.350,0.120,0.200,0.030,0.050,0.060,0.040,1.600,0.400,0.700,0.400,1.200,0.100,0.200,0.040,1.000,0.500,0.800,0.300,0.400
Shrub,3853,4.000,0.000,0.400,0.350,0.120,0.200,0.030,0.050,0.060,0.040,1.600,0.400,0.700,0.400,1.200,0.100,0.200,0.040,1.000,0.500,0.800,0.300,0.400
Shrub,3852,4.000,0.000,0.400,0.350,0.120,0.200,0.030,0.050,0.060,0.040,1.600,0.400,0.700,0.400,1.200,0.100,0.200,0.040,1.000,0.500,0.800,0.300,0.400
Shrub,3850,4.000,0.000,0.400,0.350,0.120,0.200,0.030,0.050,0.060,0.040,1.600,0.400,0.700,0.400,1.200,0.100,0.200,0.040,1.000,0.500,0.800,0.300,0.400
Shrub,3849,4.000,0.000,0.400,0.350,0.120,0.200,0.030,0.050,0.060,0.040,1.600,0.400,0.700,0.400,1.200,0.100,0.200,0.040,1.000,0.500,0.800,0.300,0.400
Shrub,3848,4.000,0.000,0.400,0.350,0.120,0.200,0.030,0.050,0.060,0.040,1.600,0.400,0.700,0.400,1.200,0.100,0.200,0.040,1.000,0.500,0.800,0.300,0.400
Shrub,3847,4.000,0.000,0.400,0.350,0.120,0.200,0.030,0.050,0.060,0.040,1.600,0.400,0.700,0.400,1.200,0.100,0.200,0.040,1.000,0.500,0.800,0.300,0.400
Shrub,3846,4.000,0.000,0.400,0.350,0.120,0.200,0.030,0.050,0.060,0.040,1.600,0.400,0.700,0.400,1.200,0.100,0.200,0.040,1.000,0.500,0.800,0.300,0.400
Shrub,3845,4.000,0.000,0.400,0.350,0.120,0.200,0.030,0.050,0.060,0.040,1.600,0.400,0.700,0.400,1.200,0.100,0.200,0.040,1.000,0.500,0.800,0.300,0.400
Shrub,3843,4.000,0.000,0.400,0.350,0.120,0.200,0.030,0.050,0.060,0.040,1.600,0.400,0.700,0.400,1.200,0.100,0.200,0.040,1.000,0.500,0.800,0.300,0.400
Shrub,3842,4.000,0.000,0.400,0.350,0.120,0.200,0.030,0.050,0.060,0.040,1.600,0.400,0.700,0.400,1.200,0.100,0.200,0.040,1.000,0.500,0.800,0.300,0.400
Shrub,3841,4.000,0.000,0.400,0.350,0.120,0.200,0.030,0.050,0.060,0.040,1.600,0.400,0.700,0.400,1.200,0.100,0.200,0.040,1.000,0.500,0.800,0.300,0.400
Shrub,3840,4.000,0.000,0.400,0.350,0.120,0.200,0.030,0.050,0.060,0.040,1.600,0.400,0.700,0.400,1.200,0.100,0.200,0.040,1.000,0.500,0.800,0.300,0.400
Shrub,3839,4.000,0.000,0.400,0.350,0.120,0.200,0.030,0.050,0.060,0.040,1.600,0.400,0.700,0.400,1.200,0.100,0.200,0.040,1.000,0.500,0.800,0.300,0.400
Shrub,3838,4.000,0.000,0.400,0.350,0.120,0.200,0.030,0.050,0.060,0.040,1.600,0.400,0.700,0.400,1.200,0.100,0.200,0.040,1.000,0.500,0.800,0.300,0.400
Shrub,3837,4.000,0.000,0.400,0.350,0.120,0.200,0.030,0.050,0.060,0.040,1.600,0.400,0.700,0.400,1.200,0.100,0.200,0.040,1.000,0.500,0.800,0.300,0.400
Shrub,3836,4.000,0.000,0.400,0.350,0.120,0.200,0.030,0.050,0.060,0.040,1.600,0.400,0.700,0.400,1.200,0.100,0.200,0.040,1.000,0.500,0.800,0.300,0.400
Shrub,3835,4.000,0.000,0.400,0.350,0.120,0.200,0.030,0.050,0.060,0.040,1.600,0.400,0.700,0.400,1.200,0.100,0.200,0.040,1.000,0.500,0.800,0.300,0.400
Shrub,3834,4.000,0.000,0.400,0.350,0.120,0.200,0.030,0.050,0.060,0.040,1.600,0.400,0.700,0.400,1.200,0.100,0.200,0.040,1.000,0.500,0.800,0.300,0.400
Shrub,3833,4.000,0.000,0.400,0.350,0.120,0.200,0.030,0.050,0.060,0.040,1.600,0.400,0.700,0.400,1.200,0.100,0.200,0.040,1.000,0.500,0.800,0.300,0.400
Shrub,3832,4.000,0.000,0.400,0.350,0.120,0.200,0.030,0.050,0.060,0.040,1.600,0.400,0.700,0.400,1.200,0.100,0.200,0.040,1.000,0.500,0.800,0.300,0.400
Shrub,3830,4.000,0.000,0.400,0.350,0.120,0.200,0.030,0.050,0.060,0.040,1.600,0.400,0.700,0.400,1.200,0.100,0.200,0.040,1.000,0.500,0.800,0.300,0.400
Shrub,3828,4.000,0.000,0.400,0.350,0.120,0.200,0.030,0.050,0.060,0.040,1.600,0.400,0.700,0.400,1.200,0.100,0.200,0.040,1.000,0.500,0.800,0.300,0.400
Shrub,3827,4.000,0.000,0.400,0.350,0.120,0.200,0.030,0.050,0.060,0.040,1.600,0.400,0.700,0.400,1.200,0.100,0.200,0.040,1.000,0.500,0.800,0.300,0.400
Shrub,3854,4.000,0.000,0.400,0.350,0.120,0.200,0.030,0.050,0.060,0.040,1.600,0.400,0.700,0.400,1.200,0.100,0.200,0.040,1.000,0.500,0.800,0.300,0.400
Shrub,3826,4.000,0.000,0.400,0.350,0.120,0.200,0.030,0.050,0.060,0.040,1.600,0.400,0.700,0.400,1.200,0.100,0.200,0.040,1.000,0.500,0.800,0.300,0.400
Shrub,3855,4.000,0.000,0.400,0.350,0.120,0.200,0.030,0.050,0.060,0.040,1.600,0.400,0.700,0.400,1.200,0.100,0.200,0.040,1.000,0.500,0.800,0.300,0.400
Shrub,3857,4.000,0.000,0.400,0.350,0.120,0.200,0.030,0.050,0.060,0.040,1.600,0.400,0.700,0.400,1.200,0.100,0.200,0.040,1.000,0.500,0.800,0.300,0.400
Shrub,3880,4.000,0.000,0.400,0.350,0.120,0.200,0.030,0.050,0.060,0.040,1.600,0.400,0.700,0.400,1.200,0.100,0.200,0.040,1.000,0.500,0.800,0.300,0.400
Shrub,3879,4.000,0.000,0.400,0.350,0.120,0.200,0.030,0.050,0.060,0.040,1.600,0.400,0.700,0.400,1.200,0.100,0.200,0.040,1.000,0.500,0.800,0.300,0.400
Shrub,3878,4.000,0.000,0.400,0.350,0.120,0.200,0.030,0.050,0.060,0.040,1.600,0.400,0.700,0.400,1.200,0.100,0.200,0.040,1.000,0.500,0.800,0.300,0.400
Shrub,3877,4.000,0.000,0.400,0.350,0.120,0.200,0.030,0.050,0.060,0.040,1.600,0.400,0.700,0.400,1.200,0.100,0.200,0.040,1.000,0.500,0.800,0.300,0.400
Shrub,3876,4.000,0.000,0.400,0.350,0.120,0.200,0.030,0.050,0.060,0.040,1.600,0.400,0.700,0.400,1.200,0.100,0.200,0.040,1.000,0.500,0.800,0.300,0.400
Shrub,3875,4.000,0.000,0.400,0.350,0.120,0.200,0.030,0.050,0.060,0.040,1.600,0.400,0.700,0.400,1.200,0.100,0.200,0.040,1.000,0.500,0.800,0.300,0.400
Shrub,3874,4.000,0.000,0.400,0.350,0.120,0.200,0.030,0.050,0.060,0.040,1.600,0.400,0.700,0.400,1.200,0.100,0.200,0.040,1.000,0.500,0.800,0.300,0.400
Shrub,3873,4.000,0.000,0.400,0.350,0.120,0.200,0.030,0.050,0.060,0.040,1.600,0.400,0.700,0.400,1.200,0.100,0.200,0.040,1.000,0.500,0.800,0.300,0.400
Shrub,3872,4.000,0.000,0.400,0.350,0.120,0.200,0.030,0.050,0.060,0.040,1.600,0.400,0.700,0.400,1.200,0.100,0.200,0.040,1.000,0.500,0.800,0.300,0.400
Shrub,3871,4.000,0.000,0.400,0.350,0.120,0.200,0.030,0.050,0.060,0.040,1.600,0.400,0.700,0.400,1.200,0.100,0.200,0.040,1.000,0.500,0.800,0.300,0.400
Shrub,3870,4.000,0.000,0.400,0.350,0.120,0.200,0.030,0.050,0.060,0.040,1.600,0.400,0.700,0.400,1.200,0.100,0.200,0.040,1.000,0.500,0.800,0.300,0.400
Shrub,3869,4.000,0.000,0.400,0.350,0.120,0.200,0.030,0.050,0.060,0.040,1.600,0.400,0.700,0.400,1.200,0.100,0.200,0.040,1.000,0.500,0.800,0.300,0.400
Shrub,3868,4.000,0.000,0.400,0.350,0.120,0.200,0.030,0.050,0.060,0.040,1.600,0.400,0.700,0.400,1.200,0.100,0.200,0.040,1.000,0.500,0.800,0.300,0.400
Shrub,3867,4.000,0.000,0.400,0.350,0.120,0.200,0.030,0.050,0.060,0.040,1.600,0.400,0.700,0.400,1.200,0.100,0.200,0.040,1.000,0.500,0.800,0.300,0.400
Shrub,3866,4.000,0.000,0.400,0.350,0.120,0.200,0.030,0.050,0.060,0.040,1.600,0.400,0.700,0.400,1.200,0.100,0.200,0.040,1.000,0.500,0.800,0.300,0.400
Shrub,3865,4.000,0.000,0.400,0.350,0.120,0.200,0.030,0.050,0.060,0.040,1.600,0.400,0.700,0.400,1.200,0.100,0.200,0.040,1.000,0.500,0.800,0.300,0.400
Shrub,3864,4.000,0.000,0.400,0.350,0.120,0.200,0.030,0.050,0.060,0.040,1.600,0.400,0.700,0.400,1.200,0.100,0.200,0.040,1.000,0.500,0.800,0.300,0.400
Shrub,3863,4.000,0.000,0.400,0.350,0.120,0.200,0.030,0.050,0.060,0.040,1.600,0.400,0.700,0.400,1.200,0.100,0.200,0.040,1.000,0.500,0.800,0.300,0.400
Shrub,3862,4.000,0.000,0.400,0.350,0.120,0.200,0.030,0.050,0.060,0.040,1.600,0.400,0.700,0.400,1.200,0.100,0.200,0.040,1.000,0.500,0.800,0.300,0.400
Shrub,3861,4.000,0.000,0.400,0.350,0.120,0.200,0.030,0.050,0.060,0.040,1.600,0.400,0.700,0.400,1.200,0.100,0.200,0.040,1.000,0.500,0.800,0.300,0.400
Shrub,3860,4.000,0.000,0.400,0.350,0.120,0.200,0.030,0.050,0.060,0.040,1.600,0.400,0.700,0.400,1.200,0.100,0.200,0.040,1.000,0.500,0.800,0.300,0.400
Shrub,3859,4.000,0.000,0.400,0.350,0.120,0.200,0.030,0.050,0.060,0.040,1.600,0.400,0.700,0.400,1.200,0.100,0.200,0.040,1.000,0.500,0.800,0.300,0.400
Shrub,3858,4.000,0.000,0.400,0.350,0.120,0.200,0.030,0.050,0.060,0.040,1.600,0.400,0.700,0.400,1.200,0.100,0.200,0.040,1.000,0.500,0.800,0.300,0.400
Shrub,3856,4.000,0.000,0.400,0.350,0.120,0.200,0.030,0.050,0.060,0.040,1.600,0.400,0.700,0.400,1.200,0.100,0.200,0.040,1.000,0.500,0.800,0.300,0.400
Shrub,3881,4.000,0.000,0.400,0.350,0.120,0.200,0.030,0.050,0.060,0.040,1.600,0.400,0.700,0.400,1.200,0.100,0.200,0.040,1.000,0.500,0.800,0.300,0.400
Shrub,3825,4.000,0.000,0.400,0.350,0.120,0.200,0.030,0.050,0.060,0.040,1.600,0.400,0.700,0.400,1.200,0.100,0.200,0.040,1.000,0.500,0.800,0.300,0.400
Shrub,3823,4.000,0.000,0.400,0.350,0.120,0.200,0.030,0.050,0.060,0.040,1.600,0.400,0.700,0.400,1.200,0.100,0.200,0.040,1.000,0.500,0.800,0.300,0.400
Shrub,3795,4.000,0.000,0.400,0.350,0.120,0.200,0.030,0.050,0.060,0.040,1.600,0.400,0.700,0.400,1.200,0.100,0.200,0.040,1.000,0.500,0.800,0.300,0.400
Shrub,3794,4.000,0.000,0.400,0.350,0.120,0.200,0.030,0.050,0.060,0.040,1.600,0.400,0.700,0.400,1.200,0.100,0.200,0.040,1.000,0.500,0.800,0.300,0.400
Shrub,3793,4.000,0.000,0.400,0.350,0.120,0.200,0.030,0.050,0.060,0.040,1.600,0.400,0.700,0.400,1.200,0.100,0.200,0.040,1.000,0.500,0.800,0.300,0.400
Shrub,3792,4.000,0.000,0.400,0.350,0.120,0.200,0.030,0.050,0.060,0.040,1.600,0.400,0.700,0.400,1.200,0.100,0.200,0.040,1.000,0.500,0.800,0.300,0.400
Shrub,3791,4.000,0.000,0.400,0.350,0.120,0.200,0.030,0.050,0.060,0.040,1.600,0.400,0.700,0.400,1.200,0.100,0.200,0.040,1.000,0.500,0.800,0.300,0.400
Shrub,3790,4.000,0.000,0.400,0.350,0.120,0.200,0.030,0.050,0.060,0.040,1.600,0.400,0.700,0.400,1.200,0.100,0.200,0.040,1.000,0.500,0.800,0.300,0.400
Shrub,3789,4.000,0.000,0.400,0.350,0.120,0.200,0.030,0.050,0.060,0.040,1.600,0.400,0.700,0.400,1.200,0.100,0.200,0.040,1.000,0.500,0.800,0.300,0.400
Shrub,3788,4.000,0.000,0.400,0.350,0.120,0.200,0.030,0.050,0.060,0.040,1.600,0.400,0.700,0.400,1.200,0.100,0.200,0.040,1.000,0.500,0.800,0.300,0.400
Shrub,3787,4.000,0.000,0.400,0.350,0.120,0.200,0.030,0.050,0.060,0.040,1.600,0.400,0.700,0.400,1.200,0.100,0.200,0.040,1.000,0.500,0.800,0.300,0.400
Shrub,3786,4.000,0.000,0.400,0.350,0.120,0.200,0.030,0.050,0.060,0.040,1.600,0.400,0.700,0.400,1.200,0.100,0.200,0.040,1.000,0.500,0.800,0.300,0.400
Shrub,3785,4.000,0.000,0.400,0.350,0.120,0.200,0.030,0.050,0.060,0.040,1.600,0.400,0.700,0.400,1.200,0.100,0.200,0.040,1.000,0.500,0.800,0.300,0.400
Shrub,3784,4.000,0.000,0.400,0.350,0.120,0.200,0.030,0.050,0.060,0.040,1.600,0.400,0.700,0.400,1.200,0.100,0.200,0.040,1.000,0.500,0.800,0.300,0.400
Shrub,3783,4.000,0.000,0.400,0.350,0.120,0.200,0.030,0.050,0.060,0.040,1.600,0.400,0.700,0.400,1.200,0.100,0.200,0.040,1.000,0.500,0.800,0.300,0.400
Shrub,3782,4.000,0.000,0.400,0.350,0.120,0.200,0.030,0.050,0.060,0.040,1.600,0.400,0.700,0.400,1.200,0.100,0.200,0.040,1.000,0.500,0.800,0.300,0.400
Shrub,3781,4.000,0.000,0.400,0.350,0.120,0.200,0.030,0.050,0.060,0.040,1.600,0.400,0.700,0.400,1.200,0.100,0.200,0.040,1.000,0.500,0.800,0.300,0.400
Shrub,3780,4.000,0.000,0.400,0.350,0.120,0.200,0.030,0.050,0.060,0.040,1.600,0.400,0.700,0.400,1.200,0.100,0.200,0.040,1.000,0.500,0.800,0.300,0.400
Shrub,3779,4.000,0.000,0.400,0.350,0.120,0.200,0.030,0.050,0.060,0.040,1.600,0.400,0.700,0.400,1.200,0.100,0.200,0.040,1.000,0.500,0.800,0.300,0.400
Shrub,3778,4.000,0.000,0.400,0.350,0.120,0.200,0.030,0.050,0.060,0.040,1.600,0.400,0.700,0.400,1.200,0.100,0.200,0.040,1.000,0.500,0.800,0.300,0.400
Shrub,3777,4.000,0.000,0.400,0.350,0.120,0.200,0.030,0.050,0.060,0.040,1.600,0.400,0.700,0.400,1.200,0.100,0.200,0.040,1.000,0.500,0.800,0.300,0.400
Shrub,3776,4.000,0.000,0.400,0.350,0.120,0.200,0.030,0.050,0.060,0.040,1.600,0.400,0.700,0.400,1.200,0.100,0.200,0.040,1.000,0.500,0.800,0.300,0.400
Shrub,3775,4.000,0.000,0.400,0.350,0.120,0.200,0.030,0.050,0.060,0.040,1.600,0.400,0.700,0.400,1.200,0.100,0.200,0.040,1.000,0.500,0.800,0.300,0.400
Shrub,3774,4.000,0.000,0.400,0.350,0.120,0.200,0.030,0.050,0.060,0.040,1.600,0.400,0.700,0.400,1.200,0.100,0.200,0.040,1.000,0.500,0.800,0.300,0.400
Shrub,3773,4.000,0.000,0.400,0.350,0.120,0.200,0.030,0.050,0.060,0.040,1.600,0.400,0.700,0.400,1.200,0.100,0.200,0.040,1.000,0.500,0.800,0.300,0.400
Shrub,3796,4.000,0.000,0.400,0.350,0.120,0.200,0.030,0.050,0.060,0.040,1.600,0.400,0.700,0.400,1.200,0.100,0.200,0.040,1.000,0.500,0.800,0.300,0.400
Shrub,3824,4.000,0.000,0.400,0.350,0.120,0.200,0.030,0.050,0.060,0.040,1.600,0.400,0.700,0.400,1.200,0.100,0.200,0.040,1.000,0.500,0.800,0.300,0.400
Shrub,3797,4.000,0.000,0.400,0.350,0.120,0.200,0.030,0.050,0.060,0.040,1.600,0.400,0.700,0.400,1.200,0.100,0.200,0.040,1.000,0.500,0.800,0.300,0.400
Shrub,3799,4.000,0.000,0.400,0.350,0.120,0.200,0.030,0.050,0.060,0.040,1.600,0.400,0.700,0.400,1.200,0.100,0.200,0.040,1.000,0.500,0.800,0.300,0.400
Shrub,3822,4.000,0.000,0.400,0.350,0.120,0.200,0.030,0.050,0.060,0.040,1.600,0.400,0.700,0.400,1.200,0.100,0.200,0.040,1.000,0.500,0.800,0.300,0.400
Shrub,3821,4.000,0.000,0.400,0.350,0.120,0.200,0.030,0.050,0.060,0.040,1.600,0.400,0.700,0.400,1.200,0.100,0.200,0.040,1.000,0.500,0.800,0.300,0.400
Shrub,3820,4.000,0.000,0.400,0.350,0.120,0.200,0.030,0.050,0.060,0.040,1.600,0.400,0.700,0.400,1.200,0.100,0.200,0.040,1.000,0.500,0.800,0.300,0.400
Shrub,3819,4.000,0.000,0.400,0.350,0.120,0.200,0.030,0.050,0.060,0.040,1.600,0.400,0.700,0.400,1.200,0.100,0.200,0.040,1.000,0.500,0.800,0.300,0.400
Shrub,3818,4.000,0.000,0.400,0.350,0.120,0.200,0.030,0.050,0.060,0.040,1.600,0.400,0.700,0.400,1.200,0.100,0.200,0.040,1.000,0.500,0.800,0.300,0.400
Shrub,3817,4.000,0.000,0.400,0.350,0.120,0.200,0.030,0.050,0.060,0.040,1.600,0.400,0.700,0.400,1.200,0.100,0.200,0.040,1.000,0.500,0.800,0.300,0.400
Shrub,3816,4.000,0.000,0.400,0.350,0.120,0.200,0.030,0.050,0.060,0.040,1.600,0.400,0.700,0.400,1.200,0.100,0.200,0.040,1.000,0.500,0.800,0.300,0.400
Shrub,3815,4.000,0.000,0.400,0.350,0.120,0.200,0.030,0.050,0.060,0.040,1.600,0.400,0.700,0.400,1.200,0.100,0.200,0.040,1.000,0.500,0.800,0.300,0.400
Shrub,3814,4.000,0.000,0.400,0.350,0.120,0.200,0.030,0.050,0.060,0.040,1.600,0.400,0.700,0.400,1.200,0.100,0.200,0.040,1.000,0.500,0.800,0.300,0.400
Shrub,3813,4.000,0.000,0.400,0.350,0.120,0.200,0.030,0.050,0.060,0.040,1.600,0.400,0.700,0.400,1.200,0.100,0.200,0.040,1.000,0.500,0.800,0.300,0.400
Shrub,3812,4.000,0.000,0.400,0.350,0.120,0.200,0.030,0.050,0.060,0.040,1.600,0.400,0.700,0.400,1.200,0.100,0.200,0.040,1.000,0.500,0.800,0.300,0.400
Shrub,3811,4.000,0.000,0.400,0.350,0.120,0.200,0.030,0.050,0.060,0.040,1.600,0.400,0.700,0.400,1.200,0.100,0.200,0.040,1.000,0.500,0.800,0.300,0.400
Shrub,3810,4.000,0.000,0.400,0.350,0.120,0.200,0.030,0.050,0.060,0.040,1.600,0.400,0.700,0.400,1.200,0.100,0.200,0.040,1.000,0.500,0.800,0.300,0.400
Shrub,3809,4.000,0.000,0.400,0.350,0.120,0.200,0.030,0.050,0.060,0.040,1.600,0.400,0.700,0.400,1.200,0.100,0.200,0.040,1.000,0.500,0.800,0.300,0.400
Shrub,3808,4.000,0.000,0.400,0.350,0.120,0.200,0.030,0.050,0.060,0.040,1.600,0.400,0.700,0.400,1.200,0.100,0.200,0.040,1.000,0.500,0.800,0.300,0.400
Shrub,3807,4.000,0.000,0.400,0.350,0.120,0.200,0.030,0.050,0.060,0.040,1.600,0.400,0.700,0.400,1.200,0.100,0.200,0.040,1.000,0.500,0.800,0.300,0.400
Shrub,3806,4.000,0.000,0.400,0.350,0.120,0.200,0.030,0.050,0.060,0.040,1.600,0.400,0.700,0.400,1.200,0.100,0.200,0.040,1.000,0.500,0.800,0.300,0.400
Shrub,3805,4.000,0.000,0.400,0.350,0.120,0.200,0.030,0.050,0.060,0.040,1.600,0.400,0.700,0.400,1.200,0.100,0.200,0.040,1.000,0.500,0.800,0.300,0.400
Shrub,3804,4.000,0.000,0.400,0.350,0.120,0.200,0.030,0.050,0.060,0.040,1.600,0.400,0.700,0.400,1.200,0.100,0.200,0.040,1.000,0.500,0.800,0.300,0.400
Shrub,3803,4.000,0.000,0.400,0.350,0.120,0.200,0.030,0.050,0.060,0.040,1.600,0.400,0.700,0.400,1.200,0.100,0.200,0.040,1.000,0.500,0.800,0.300,0.400
Shrub,3802,4.000,0.000,0.400,0.350,0.120,0.200,0.030,0.050,0.060,0.040,1.600,0.400,0.700,0.400,1.200,0.100,0.200,0.040,1.000,0.500,0.800,0.300,0.400
Shrub,3801,4.000,0.000,0.400,0.350,0.120,0.200,0.030,0.050,0.060,0.040,1.600,0.400,0.700,0.400,1.200,0.100,0.200,0.040,1.000,0.500,0.800,0.300,0.400
Shrub,3800,4.000,0.000,0.400,0.350,0.120,0.200,0.030,0.050,0.060,0.040,1.600,0.400,0.700,0.400,1.200,0.100,0.200,0.040,1.000,0.500,0.800,0.300,0.400
Shrub,3798,4.000,0.000,0.400,0.350,0.120,0.200,0.030,0.050,0.060,0.040,1.600,0.400,0.700,0.400,1.200,0.100,0.200,0.040,1.000,0.500,0.800,0.300,0.400
Shrub,3882,4.000,0.000,0.400,0.350,0.120,0.200,0.030,0.050,0.060,0.040,1.600,0.400,0.700,0.400,1.200,0.100,0.200,0.040,1.000,0.500,0.800,0.300,0.400
Shrub,3883,4.000,0.000,0.400,0.350,0.120,0.200,0.030,0.050,0.060,0.040,1.600,0.400,0.700,0.400,1.200,0.100,0.200,0.040,1.000,0.500,0.800,0.300,0.400
Shrub,3884,4.000,0.000,0.400,0.350,0.120,0.200,0.030,0.050,0.060,0.040,1.600,0.400,0.700,0.400,1.200,0.100,0.200,0.040,1.000,0.500,0.800,0.300,0.400
Shrub,3975,4.000,0.000,0.400,0.350,0.120,0.200,0.030,0.050,0.060,0.040,1.600,0.400,0.700,0.400,1.200,0.100,0.200,0.040,1.000,0.500,0.800,0.300,0.400
Shrub,3973,4.000,0.000,0.400,0.350,0.120,0.200,0.030,0.050,0.060,0.040,1.600,0.400,0.700,0.400,1.200,0.100,0.200,0.040,1.000,0.500,0.800,0.300,0.400
Shrub,3972,4.000,0.000,0.400,0.350,0.120,0.200,0.030,0.050,0.060,0.040,1.600,0.400,0.700,0.400,1.200,0.100,0.200,0.040,1.000,0.500,0.800,0.300,0.400
Shrub,3971,4.000,0.000,0.400,0.350,0.120,0.200,0.030,0.050,0.060,0.040,1.600,0.400,0.700,0.400,1.200,0.100,0.200,0.040,1.000,0.500,0.800,0.300,0.400
Shrub,3970,4.000,0.000,0.400,0.350,0.120,0.200,0.030,0.050,0.060,0.040,1.600,0.400,0.700,0.400,1.200,0.100,0.200,0.040,1.000,0.500,0.800,0.300,0.400
Shrub,3969,4.000,0.000,0.400,0.350,0.120,0.200,0.030,0.050,0.060,0.040,1.600,0.400,0.700,0.400,1.200,0.100,0.200,0.040,1.000,0.500,0.800,0.300,0.400
Shrub,3968,4.000,0.000,0.400,0.350,0.120,0.200,0.030,0.050,0.060,0.040,1.600,0.400,0.700,0.400,1.200,0.100,0.200,0.040,1.000,0.500,0.800,0.300,0.400
Shrub,3967,4.000,0.000,0.400,0.350,0.120,0.200,0.030,0.050,0.060,0.040,1.600,0.400,0.700,0.400,1.200,0.100,0.200,0.040,1.000,0.500,0.800,0.300,0.400
Shrub,3966,4.000,0.000,0.400,0.350,0.120,0.200,0.030,0.050,0.060,0.040,1.600,0.400,0.700,0.400,1.200,0.100,0.200,0.040,1.000,0.500,0.800,0.300,0.400
Shrub,3965,4.000,0.000,0.400,0.350,0.120,0.200,0.030,0.050,0.060,0.040,1.600,0.400,0.700,0.400,1.200,0.100,0.200,0.040,1.000,0.500,0.800,0.300,0.400
Shrub,3964,4.000,0.000,0.400,0.350,0.120,0.200,0.030,0.050,0.060,0.040,1.600,0.400,0.700,0.400,1.200,0.100,0.200,0.040,1.000,0.500,0.800,0.300,0.400
Shrub,3963,4.000,0.000,0.400,0.350,0.120,0.200,0.030,0.050,0.060,0.040,1.600,0.400,0.700,0.400,1.200,0.100,0.200,0.040,1.000,0.500,0.800,0.300,0.400
Shrub,3962,4.000,0.000,0.400,0.350,0.120,0.200,0.030,0.050,0.060,0.040,1.600,0.400,0.700,0.400,1.200,0.100,0.200,0.040,1.000,0.500,0.800,0.300,0.400
Shrub,3961,4.000,0.000,0.400,0.350,0.120,0.200,0.030,0.050,0.060,0.040,1.600,0.400,0.700,0.400,1.200,0.100,0.200,0.040,1.000,0.500,0.800,0.300,0.400
Shrub,3960,4.000,0.000,0.400,0.350,0.120,0.200,0.030,0.050,0.060,0.040,1.600,0.400,0.700,0.400,1.200,0.100,0.200,0.040,1.000,0.500,0.800,0.300,0.400
Shrub,3959,4.000,0.000,0.400,0.350,0.120,0.200,0.030,0.050,0.060,0.040,1.600,0.400,0.700,0.400,1.200,0.100,0.200,0.040,1.000,0.500,0.800,0.300,0.400
Shrub,3958,4.000,0.000,0.400,0.350,0.120,0.200,0.030,0.050,0.060,0.040,1.600,0.400,0.700,0.400,1.200,0.100,0.200,0.040,1.000,0.500,0.800,0.300,0.400
Shrub,3957,4.000,0.000,0.400,0.350,0.120,0.200,0.030,0.050,0.060,0.040,1.600,0.400,0.700,0.400,1.200,0.100,0.200,0.040,1.000,0.500,0.800,0.300,0.400
Shrub,3956,4.000,0.000,0.400,0.350,0.120,0.200,0.030,0.050,0.060,0.040,1.600,0.400,0.700,0.400,1.200,0.100,0.200,0.040,1.000,0.500,0.800,0.300,0.400
Shrub,3955,4.000,0.000,0.400,0.350,0.120,0.200,0.030,0.050,0.060,0.040,1.600,0.400,0.700,0.400,1.200,0.100,0.200,0.040,1.000,0.500,0.800,0.300,0.400
Shrub,3954,4.000,0.000,0.400,0.350,0.120,0.200,0.030,0.050,0.060,0.040,1.600,0.400,0.700,0.400,1.200,0.100,0.200,0.040,1.000,0.500,0.800,0.300,0.400
Shrub,3953,4.000,0.000,0.400,0.350,0.120,0.200,0.030,0.050,0.060,0.040,1.600,0.400,0.700,0.400,1.200,0.100,0.200,0.040,1.000,0.500,0.800,0.300,0.400
Shrub,3952,4.000,0.000,0.400,0.350,0.120,0.200,0.030,0.050,0.060,0.040,1.600,0.400,0.700,0.400,1.200,0.100,0.200,0.040,1.000,0.500,0.800,0.300,0.400
Shrub,3976,4.000,0.000,0.400,0.350,0.120,0.200,0.030,0.050,0.060,0.040,1.600,0.400,0.700,0.400,1.200,0.100,0.200,0.040,1.000,0.500,0.800,0.300,0.400
Shrub,3951,4.000,0.000,0.400,0.350,0.120,0.200,0.030,0.050,0.060,0.040,1.600,0.400,0.700,0.400,1.200,0.100,0.200,0.040,1.000,0.500,0.800,0.300,0.400
Shrub,3977,4.000,0.000,0.400,0.350,0.120,0.200,0.030,0.050,0.060,0.040,1.600,0.400,0.700,0.400,1.200,0.100,0.200,0.040,1.000,0.500,0.800,0.300,0.400
Shrub,3979,4.000,0.000,0.400,0.350,0.120,0.200,0.030,0.050,0.060,0.040,1.600,0.400,0.700,0.400,1.200,0.100,0.200,0.040,1.000,0.500,0.800,0.300,0.400
Shrub,5002,4.000,0.000,0.400,0.350,0.120,0.200,0.030,0.050,0.060,0.040,1.600,0.400,0.700,0.400,1.200,0.100,0.200,0.040,1.000,0.500,0.800,0.300,0.400
Shrub,3449,4.000,0.000,0.400,0.350,0.120,0.200,0.030,0.050,0.060,0.040,1.600,0.400,0.700,0.400,1.200,0.100,0.200,0.040,1.000,0.500,0.800,0.300,0.400
Shrub,5001,4.000,0.000,0.400,0.350,0.120,0.200,0.030,0.050,0.060,0.040,1.600,0.400,0.700,0.400,1.200,0.100,0.200,0.040,1.000,0.500,0.800,0.300,0.400
Shrub,3999,4.000,0.000,0.400,0.350,0.120,0.200,0.030,0.050,0.060,0.040,1.600,0.400,0.700,0.400,1.200,0.100,0.200,0.040,1.000,0.500,0.800,0.300,0.400
Shrub,3998,4.000,0.000,0.400,0.350,0.120,0.200,0.030,0.050,0.060,0.040,1.600,0.400,0.700,0.400,1.200,0.100,0.200,0.040,1.000,0.500,0.800,0.300,0.400
Shrub,3997,4.000,0.000,0.400,0.350,0.120,0.200,0.030,0.050,0.060,0.040,1.600,0.400,0.700,0.400,1.200,0.100,0.200,0.040,1.000,0.500,0.800,0.300,0.400
Shrub,3996,4.000,0.000,0.400,0.350,0.120,0.200,0.030,0.050,0.060,0.040,1.600,0.400,0.700,0.400,1.200,0.100,0.200,0.040,1.000,0.500,0.800,0.300,0.400
Shrub,3995,4.000,0.000,0.400,0.350,0.120,0.200,0.030,0.050,0.060,0.040,1.600,0.400,0.700,0.400,1.200,0.100,0.200,0.040,1.000,0.500,0.800,0.300,0.400
Shrub,3994,4.000,0.000,0.400,0.350,0.120,0.200,0.030,0.050,0.060,0.040,1.600,0.400,0.700,0.400,1.200,0.100,0.200,0.040,1.000,0.500,0.800,0.300,0.400
Shrub,3993,4.000,0.000,0.400,0.350,0.120,0.200,0.030,0.050,0.060,0.040,1.600,0.400,0.700,0.400,1.200,0.100,0.200,0.040,1.000,0.500,0.800,0.300,0.400
Shrub,3992,4.000,0.000,0.400,0.350,0.120,0.200,0.030,0.050,0.060,0.040,1.600,0.400,0.700,0.400,1.200,0.100,0.200,0.040,1.000,0.500,0.800,0.300,0.400
Shrub,3991,4.000,0.000,0.400,0.350,0.120,0.200,0.030,0.050,0.060,0.040,1.600,0.400,0.700,0.400,1.200,0.100,0.200,0.040,1.000,0.500,0.800,0.300,0.400
Shrub,3990,4.000,0.000,0.400,0.350,0.120,0.200,0.030,0.050,0.060,0.040,1.600,0.400,0.700,0.400,1.200,0.100,0.200,0.040,1.000,0.500,0.800,0.300,0.400
Shrub,3989,4.000,0.000,0.400,0.350,0.120,0.200,0.030,0.050,0.060,0.040,1.600,0.400,0.700,0.400,1.200,0.100,0.200,0.040,1.000,0.500,0.800,0.300,0.400
Shrub,3988,4.000,0.000,0.400,0.350,0.120,0.200,0.030,0.050,0.060,0.040,1.600,0.400,0.700,0.400,1.200,0.100,0.200,0.040,1.000,0.500,0.800,0.300,0.400
Shrub,3987,4.000,0.000,0.400,0.350,0.120,0.200,0.030,0.050,0.060,0.040,1.600,0.400,0.700,0.400,1.200,0.100,0.200,0.040,1.000,0.500,0.800,0.300,0.400
Shrub,3986,4.000,0.000,0.400,0.350,0.120,0.200,0.030,0.050,0.060,0.040,1.600,0.400,0.700,0.400,1.200,0.100,0.200,0.040,1.000,0.500,0.800,0.300,0.400
Shrub,3985,4.000,0.000,0.400,0.350,0.120,0.200,0.030,0.050,0.060,0.040,1.600,0.400,0.700,0.400,1.200,0.100,0.200,0.040,1.000,0.500,0.800,0.300,0.400
Shrub,3984,4.000,0.000,0.400,0.350,0.120,0.200,0.030,0.050,0.060,0.040,1.600,0.400,0.700,0.400,1.200,0.100,0.200,0.040,1.000,0.500,0.800,0.300,0.400
Shrub,3983,4.000,0.000,0.400,0.350,0.120,0.200,0.030,0.050,0.060,0.040,1.600,0.400,0.700,0.400,1.200,0.100,0.200,0.040,1.000,0.500,0.800,0.300,0.400
Shrub,3982,4.000,0.000,0.400,0.350,0.120,0.200,0.030,0.050,0.060,0.040,1.600,0.400,0.700,0.400,1.200,0.100,0.200,0.040,1.000,0.500,0.800,0.300,0.400
Shrub,3981,4.000,0.000,0.400,0.350,0.120,0.200,0.030,0.050,0.060,0.040,1.600,0.400,0.700,0.400,1.200,0.100,0.200,0.040,1.000,0.500,0.800,0.300,0.400
Shrub,3980,4.000,0.000,0.400,0.350,0.120,0.200,0.030,0.050,0.060,0.040,1.600,0.400,0.700,0.400,1.200,0.100,0.200,0.040,1.000,0.500,0.800,0.300,0.400
Shrub,3978,4.000,0.000,0.400,0.350,0.120,0.200,0.030,0.050,0.060,0.040,1.600,0.400,0.700,0.400,1.200,0.100,0.200,0.040,1.000,0.500,0.800,0.300,0.400
Shrub,3950,4.000,0.000,0.400,0.350,0.120,0.200,0.030,0.050,0.060,0.040,1.600,0.400,0.700,0.400,1.200,0.100,0.200,0.040,1.000,0.500,0.800,0.300,0.400
Shrub,3949,4.000,0.000,0.400,0.350,0.120,0.200,0.030,0.050,0.060,0.040,1.600,0.400,0.700,0.400,1.200,0.100,0.200,0.040,1.000,0.500,0.800,0.300,0.400
Shrub,3948,4.000,0.000,0.400,0.350,0.120,0.200,0.030,0.050,0.060,0.040,1.600,0.400,0.700,0.400,1.200,0.100,0.200,0.040,1.000,0.500,0.800,0.300,0.400
Shrub,3919,4.000,0.000,0.400,0.350,0.120,0.200,0.030,0.050,0.060,0.040,1.600,0.400,0.700,0.400,1.200,0.100,0.200,0.040,1.000,0.500,0.800,0.300,0.400
Shrub,3918,4.000,0.000,0.400,0.350,0.120,0.200,0.030,0.050,0.060,0.040,1.600,0.400,0.700,0.400,1.200,0.100,0.200,0.040,1.000,0.500,0.800,0.300,0.400
Shrub,3917,4.000,0.000,0.400,0.350,0.120,0.200,0.030,0.050,0.060,0.040,1.600,0.400,0.700,0.400,1.200,0.100,0.200,0.040,1.000,0.500,0.800,0.300,0.400
Shrub,3916,4.000,0.000,0.400,0.350,0.120,0.200,0.030,0.050,0.060,0.040,1.600,0.400,0.700,0.400,1.200,0.100,0.200,0.040,1.000,0.500,0.800,0.300,0.400
Shrub,3915,4.000,0.000,0.400,0.350,0.120,0.200,0.030,0.050,0.060,0.040,1.600,0.400,0.700,0.400,1.200,0.100,0.200,0.040,1.000,0.500,0.800,0.300,0.400
Shrub,3914,4.000,0.000,0.400,0.350,0.120,0.200,0.030,0.050,0.060,0.040,1.600,0.400,0.700,0.400,1.200,0.100,0.200,0.040,1.000,0.500,0.800,0.300,0.400
Shrub,3913,4.000,0.000,0.400,0.350,0.120,0.200,0.030,0.050,0.060,0.040,1.600,0.400,0.700,0.400,1.200,0.100,0.200,0.040,1.000,0.500,0.800,0.300,0.400
Shrub,3912,4.000,0.000,0.400,0.350,0.120,0.200,0.030,0.050,0.060,0.040,1.600,0.400,0.700,0.400,1.200,0.100,0.200,0.040,1.000,0.500,0.800,0.300,0.400
Shrub,3911,4.000,0.000,0.400,0.350,0.120,0.200,0.030,0.050,0.060,0.040,1.600,0.400,0.700,0.400,1.200,0.100,0.200,0.040,1.000,0.500,0.800,0.300,0.400
Shrub,3910,4.000,0.000,0.400,0.350,0.120,0.200,0.030,0.050,0.060,0.040,1.600,0.400,0.700,0.400,1.200,0.100,0.200,0.040,1.000,0.500,0.800,0.300,0.400
Shrub,3909,4.000,0.000,0.400,0.350,0.120,0.200,0.030,0.050,0.060,0.040,1.600,0.400,0.700,0.400,1.200,0.100,0.200,0.040,1.000,0.500,0.800,0.300,0.400
Shrub,3908,4.000,0.000,0.400,0.350,0.120,0.200,0.030,0.050,0.060,0.040,1.600,0.400,0.700,0.400,1.200,0.100,0.200,0.040,1.000,0.500,0.800,0.300,0.400
Shrub,3907,4.000,0.000,0.400,0.350,0.120,0.200,0.030,0.050,0.060,0.040,1.600,0.400,0.700,0.400,1.200,0.100,0.200,0.040,1.000,0.500,0.800,0.300,0.400
Shrub,3906,4.000,0.000,0.400,0.350,0.120,0.200,0.030,0.050,0.060,0.040,1.600,0.400,0.700,0.400,1.200,0.100,0.200,0.040,1.000,0.500,0.800,0.300,0.400
Shrub,3905,4.000,0.000,0.400,0.350,0.120,0.200,0.030,0.050,0.060,0.040,1.600,0.400,0.700,0.400,1.200,0.100,0.200,0.040,1.000,0.500,0.800,0.300,0.400
Shrub,3904,4.000,0.000,0.400,0.350,0.120,0.200,0.030,0.050,0.060,0.040,1.600,0.400,0.700,0.400,1.200,0.100,0.200,0.040,1.000,0.500,0.800,0.300,0.400
Shrub,3903,4.000,0.000,0.400,0.350,0.120,0.200,0.030,0.050,0.060,0.040,1.600,0.400,0.700,0.400,1.200,0.100,0.200,0.040,1.000,0.500,0.800,0.300,0.400
Shrub,3902,4.000,0.000,0.400,0.350,0.120,0.200,0.030,0.050,0.060,0.040,1.600,0.400,0.700,0.400,1.200,0.100,0.200,0.040,1.000,0.500,0.800,0.300,0.400
Shrub,3901,4.000,0.000,0.400,0.350,0.120,0.200,0.030,0.050,0.060,0.040,1.600,0.400,0.700,0.400,1.200,0.100,0.200,0.040,1.000,0.500,0.800,0.300,0.400
Shrub,3900,4.000,0.000,0.400,0.350,0.120,0.200,0.030,0.050,0.060,0.040,1.600,0.400,0.700,0.400,1.200,0.100,0.200,0.040,1.000,0.500,0.800,0.300,0.400
Shrub,3887,4.000,0.000,0.400,0.350,0.120,0.200,0.030,0.050,0.060,0.040,1.600,0.400,0.700,0.400,1.200,0.100,0.200,0.040,1.000,0.500,0.800,0.300,0.400
Shrub,3886,4.000,0.000,0.400,0.350,0.120,0.200,0.030,0.050,0.060,0.040,1.600,0.400,0.700,0.400,1.200,0.100,0.200,0.040,1.000,0.500,0.800,0.300,0.400
Shrub,3885,4.000,0.000,0.400,0.350,0.120,0.200,0.030,0.050,0.060,0.040,1.600,0.400,0.700,0.400,1.200,0.100,0.200,0.040,1.000,0.500,0.800,0.300,0.400
Shrub,3920,4.000,0.000,0.400,0.350,0.120,0.200,0.030,0.050,0.060,0.040,1.600,0.400,0.700,0.400,1.200,0.100,0.200,0.040,1.000,0.500,0.800,0.300,0.400
Shrub,3921,4.000,0.000,0.400,0.350,0.120,0.200,0.030,0.050,0.060,0.040,1.600,0.400,0.700,0.400,1.200,0.100,0.200,0.040,1.000,0.500,0.800,0.300,0.400
Shrub,3922,4.000,0.000,0.400,0.350,0.120,0.200,0.030,0.050,0.060,0.040,1.600,0.400,0.700,0.400,1.200,0.100,0.200,0.040,1.000,0.500,0.800,0.300,0.400
Shrub,3923,4.000,0.000,0.400,0.350,0.120,0.200,0.030,0.050,0.060,0.040,1.600,0.400,0.700,0.400,1.200,0.100,0.200,0.040,1.000,0.500,0.800,0.300,0.400
Shrub,3947,4.000,0.000,0.400,0.350,0.120,0.200,0.030,0.050,0.060,0.040,1.600,0.400,0.700,0.400,1.200,0.100,0.200,0.040,1.000,0.500,0.800,0.300,0.400
Shrub,3946,4.000,0.000,0.400,0.350,0.120,0.200,0.030,0.050,0.060,0.040,1.600,0.400,0.700,0.400,1.200,0.100,0.200,0.040,1.000,0.500,0.800,0.300,0.400
Shrub,3945,4.000,0.000,0.400,0.350,0.120,0.200,0.030,0.050,0.060,0.040,1.600,0.400,0.700,0.400,1.200,0.100,0.200,0.040,1.000,0.500,0.800,0.300,0.400
Shrub,3944,4.000,0.000,0.400,0.350,0.120,0.200,0.030,0.050,0.060,0.040,1.600,0.400,0.700,0.400,1.200,0.100,0.200,0.040,1.000,0.500,0.800,0.300,0.400
Shrub,3943,4.000,0.000,0.400,0.350,0.120,0.200,0.030,0.050,0.060,0.040,1.600,0.400,0.700,0.400,1.200,0.100,0.200,0.040,1.000,0.500,0.800,0.300,0.400
Shrub,3942,4.000,0.000,0.400,0.350,0.120,0.200,0.030,0.050,0.060,0.040,1.600,0.400,0.700,0.400,1.200,0.100,0.200,0.040,1.000,0.500,0.800,0.300,0.400
Shrub,3941,4.000,0.000,0.400,0.350,0.120,0.200,0.030,0.050,0.060,0.040,1.600,0.400,0.700,0.400,1.200,0.100,0.200,0.040,1.000,0.500,0.800,0.300,0.400
Shrub,3940,4.000,0.000,0.400,0.350,0.120,0.200,0.030,0.050,0.060,0.040,1.600,0.400,0.700,0.400,1.200,0.100,0.200,0.040,1.000,0.500,0.800,0.300,0.400
Shrub,3939,4.000,0.000,0.400,0.350,0.120,0.200,0.030,0.050,0.060,0.040,1.600,0.400,0.700,0.400,1.200,0.100,0.200,0.040,1.000,0.500,0.800,0.300,0.400
Shrub,3938,4.000,0.000,0.400,0.350,0.120,0.200,0.030,0.050,0.060,0.040,1.600,0.400,0.700,0.400,1.200,0.100,0.200,0.040,1.000,0.500,0.800,0.300,0.400
Shrub,3937,4.000,0.000,0.400,0.350,0.120,0.200,0.030,0.050,0.060,0.040,1.600,0.400,0.700,0.400,1.200,0.100,0.200,0.040,1.000,0.500,0.800,0.300,0.400
Shrub,3772,4.000,0.000,0.400,0.350,0.120,0.200,0.030,0.050,0.060,0.040,1.600,0.400,0.700,0.400,1.200,0.100,0.200,0.040,1.000,0.500,0.800,0.300,0.400
Shrub,3936,4.000,0.000,0.400,0.350,0.120,0.200,0.030,0.050,0.060,0.040,1.600,0.400,0.700,0.400,1.200,0.100,0.200,0.040,1.000,0.500,0.800,0.300,0.400
Shrub,3934,4.000,0.000,0.400,0.350,0.120,0.200,0.030,0.050,0.060,0.040,1.600,0.400,0.700,0.400,1.200,0.100,0.200,0.040,1.000,0.500,0.800,0.300,0.400
Shrub,3933,4.000,0.000,0.400,0.350,0.120,0.200,0.030,0.050,0.060,0.040,1.600,0.400,0.700,0.400,1.200,0.100,0.200,0.040,1.000,0.500,0.800,0.300,0.400
Shrub,3932,4.000,0.000,0.400,0.350,0.120,0.200,0.030,0.050,0.060,0.040,1.600,0.400,0.700,0.400,1.200,0.100,0.200,0.040,1.000,0.500,0.800,0.300,0.400
Shrub,3931,4.000,0.000,0.400,0.350,0.120,0.200,0.030,0.050,0.060,0.040,1.600,0.400,0.700,0.400,1.200,0.100,0.200,0.040,1.000,0.500,0.800,0.300,0.400
Shrub,3930,4.000,0.000,0.400,0.350,0.120,0.200,0.030,0.050,0.060,0.040,1.600,0.400,0.700,0.400,1.200,0.100,0.200,0.040,1.000,0.500,0.800,0.300,0.400
Shrub,3929,4.000,0.000,0.400,0.350,0.120,0.200,0.030,0.050,0.060,0.040,1.600,0.400,0.700,0.400,1.200,0.100,0.200,0.040,1.000,0.500,0.800,0.300,0.400
Shrub,3928,4.000,0.000,0.400,0.350,0.120,0.200,0.030,0.050,0.060,0.040,1.600,0.400,0.700,0.400,1.200,0.100,0.200,0.040,1.000,0.500,0.800,0.300,0.400
Shrub,3927,4.000,0.000,0.400,0.350,0.120,0.200,0.030,0.050,0.060,0.040,1.600,0.400,0.700,0.400,1.200,0.100,0.200,0.040,1.000,0.500,0.800,0.300,0.400
Shrub,3926,4.000,0.000,0.400,0.350,0.120,0.200,0.030,0.050,0.060,0.040,1.600,0.400,0.700,0.400,1.200,0.100,0.200,0.040,1.000,0.500,0.800,0.300,0.400
Shrub,3925,4.000,0.000,0.400,0.350,0.120,0.200,0.030,0.050,0.060,0.040,1.600,0.400,0.700,0.400,1.200,0.100,0.200,0.040,1.000,0.500,0.800,0.300,0.400
Shrub,3924,4.000,0.000,0.400,0.350,0.120,0.200,0.030,0.050,0.060,0.040,1.600,0.400,0.700,0.400,1.200,0.100,0.200,0.040,1.000,0.500,0.800,0.300,0.400
Shrub,3935,4.000,0.000,0.400,0.350,0.120,0.200,0.030,0.050,0.060,0.040,1.600,0.400,0.700,0.400,1.200,0.100,0.200,0.040,1.000,0.500,0.800,0.300,0.400
Shrub,3771,4.000,0.000,0.400,0.350,0.120,0.200,0.030,0.050,0.060,0.040,1.600,0.400,0.700,0.400,1.200,0.100,0.200,0.040,1.000,0.500,0.800,0.300,0.400
Shrub,3974,4.000,0.000,0.400,0.350,0.120,0.200,0.030,0.050,0.060,0.040,1.600,0.400,0.700,0.400,1.200,0.100,0.200,0.040,1.000,0.500,0.800,0.300,0.400
Shrub,3769,4.000,0.000,0.400,0.350,0.120,0.200,0.030,0.050,0.060,0.040,1.600,0.400,0.700,0.400,1.200,0.100,0.200,0.040,1.000,0.500,0.800,0.300,0.400
Shrub,3546,4.000,0.000,0.400,0.350,0.120,0.200,0.030,0.050,0.060,0.040,1.600,0.400,0.700,0.400,1.200,0.100,0.200,0.040,1.000,0.500,0.800,0.300,0.400
Shrub,3540,4.000,0.000,0.400,0.350,0.120,0.200,0.030,0.050,0.060,0.040,1.600,0.400,0.700,0.400,1.200,0.100,0.200,0.040,1.000,0.500,0.800,0.300,0.400
Shrub,3539,4.000,0.000,0.400,0.350,0.120,0.200,0.030,0.050,0.060,0.040,1.600,0.400,0.700,0.400,1.200,0.100,0.200,0.040,1.000,0.500,0.800,0.300,0.400
Shrub,3538,4.000,0.000,0.400,0.350,0.120,0.200,0.030,0.050,0.060,0.040,1.600,0.400,0.700,0.400,1.200,0.100,0.200,0.040,1.000,0.500,0.800,0.300,0.400
Shrub,3536,4.000,0.000,0.400,0.350,0.120,0.200,0.030,0.050,0.060,0.040,1.600,0.400,0.700,0.400,1.200,0.100,0.200,0.040,1.000,0.500,0.800,0.300,0.400
Shrub,3535,4.000,0.000,0.400,0.350,0.120,0.200,0.030,0.050,0.060,0.040,1.600,0.400,0.700,0.400,1.200,0.100,0.200,0.040,1.000,0.500,0.800,0.300,0.400
Shrub,3534,4.000,0.000,0.400,0.350,0.120,0.200,0.030,0.050,0.060,0.040,1.600,0.400,0.700,0.400,1.200,0.100,0.200,0.040,1.000,0.500,0.800,0.300,0.400
Shrub,3533,4.000,0.000,0.400,0.350,0.120,0.200,0.030,0.050,0.060,0.040,1.600,0.400,0.700,0.400,1.200,0.100,0.200,0.040,1.000,0.500,0.800,0.300,0.400
Shrub,3532,4.000,0.000,0.400,0.350,0.120,0.200,0.030,0.050,0.060,0.040,1.600,0.400,0.700,0.400,1.200,0.100,0.200,0.040,1.000,0.500,0.800,0.300,0.400
Shrub,3531,4.000,0.000,0.400,0.350,0.120,0.200,0.030,0.050,0.060,0.040,1.600,0.400,0.700,0.400,1.200,0.100,0.200,0.040,1.000,0.500,0.800,0.300,0.400
Shrub,3529,4.000,0.000,0.400,0.350,0.120,0.200,0.030,0.050,0.060,0.040,1.600,0.400,0.700,0.400,1.200,0.100,0.200,0.040,1.000,0.500,0.800,0.300,0.400
Shrub,3528,4.000,0.000,0.400,0.350,0.120,0.200,0.030,0.050,0.060,0.040,1.600,0.400,0.700,0.400,1.200,0.100,0.200,0.040,1.000,0.500,0.800,0.300,0.400
Shrub,3527,4.000,0.000,0.400,0.350,0.120,0.200,0.030,0.050,0.060,0.040,1.600,0.400,0.700,0.400,1.200,0.100,0.200,0.040,1.000,0.500,0.800,0.300,0.400
Shrub,3526,4.000,0.000,0.400,0.350,0.120,0.200,0.030,0.050,0.060,0.040,1.600,0.400,0.700,0.400,1.200,0.100,0.200,0.040,1.000,0.500,0.800,0.300,0.400
Shrub,3525,4.000,0.000,0.400,0.350,0.120,0.200,0.030,0.050,0.060,0.040,1.600,0.400,0.700,0.400,1.200,0.100,0.200,0.040,1.000,0.500,0.800,0.300,0.400
Shrub,3524,4.000,0.000,0.400,0.350,0.120,0.200,0.030,0.050,0.060,0.040,1.600,0.400,0.700,0.400,1.200,0.100,0.200,0.040,1.000,0.500,0.800,0.300,0.400
Shrub,3523,4.000,0.000,0.400,0.350,0.120,0.200,0.030,0.050,0.060,0.040,1.600,0.400,0.700,0.400,1.200,0.100,0.200,0.040,1.000,0.500,0.800,0.300,0.400
Shrub,3522,4.000,0.000,0.400,0.350,0.120,0.200,0.030,0.050,0.060,0.040,1.600,0.400,0.700,0.400,1.200,0.100,0.200,0.040,1.000,0.500,0.800,0.300,0.400
Shrub,3519,4.000,0.000,0.400,0.350,0.120,0.200,0.030,0.050,0.060,0.040,1.600,0.400,0.700,0.400,1.200,0.100,0.200,0.040,1.000,0.500,0.800,0.300,0.400
Shrub,3518,4.000,0.000,0.400,0.350,0.120,0.200,0.030,0.050,0.060,0.040,1.600,0.400,0.700,0.400,1.200,0.100,0.200,0.040,1.000,0.500,0.800,0.300,0.400
Shrub,3517,4.000,0.000,0.400,0.350,0.120,0.200,0.030,0.050,0.060,0.040,1.600,0.400,0.700,0.400,1.200,0.100,0.200,0.040,1.000,0.500,0.800,0.300,0.400
Shrub,3513,4.000,0.000,0.400,0.350,0.120,0.200,0.030,0.050,0.060,0.040,1.600,0.400,0.700,0.400,1.200,0.100,0.200,0.040,1.000,0.500,0.800,0.300,0.400
Shrub,3512,4.000,0.000,0.400,0.350,0.120,0.200,0.030,0.050,0.060,0.040,1.600,0.400,0.700,0.400,1.200,0.100,0.200,0.040,1.000,0.500,0.800,0.300,0.400
Shrub,3550,4.000,0.000,0.400,0.350,0.120,0.200,0.030,0.050,0.060,0.040,1.600,0.400,0.700,0.400,1.200,0.100,0.200,0.040,1.000,0.500,0.800,0.300,0.400
Shrub,3511,4.000,0.000,0.400,0.350,0.120,0.200,0.030,0.050,0.060,0.040,1.600,0.400,0.700,0.400,1.200,0.100,0.200,0.040,1.000,0.500,0.800,0.300,0.400
Shrub,3551,4.000,0.000,0.400,0.350,0.120,0.200,0.030,0.050,0.060,0.040,1.600,0.400,0.700,0.400,1.200,0.100,0.200,0.040,1.000,0.500,0.800,0.300,0.400
Shrub,3553,4.000,0.000,0.400,0.350,0.120,0.200,0.030,0.050,0.060,0.040,1.600,0.400,0.700,0.400,1.200,0.100,0.200,0.040,1.000,0.500,0.800,0.300,0.400
Shrub,3576,4.000,0.000,0.400,0.350,0.120,0.200,0.030,0.050,0.060,0.040,1.600,0.400,0.700,0.400,1.200,0.100,0.200,0.040,1.000,0.500,0.800,0.300,0.400
Shrub,3575,4.000,0.000,0.400,0.350,0.120,0.200,0.030,0.050,0.060,0.040,1.600,0.400,0.700,0.400,1.200,0.100,0.200,0.040,1.000,0.500,0.800,0.300,0.400
Shrub,3574,4.000,0.000,0.400,0.350,0.120,0.200,0.030,0.050,0.060,0.040,1.600,0.400,0.700,0.400,1.200,0.100,0.200,0.040,1.000,0.500,0.800,0.300,0.400
Shrub,3573,4.000,0.000,0.400,0.350,0.120,0.200,0.030,0.050,0.060,0.040,1.600,0.400,0.700,0.400,1.200,0.100,0.200,0.040,1.000,0.500,0.800,0.300,0.400
Shrub,3572,4.000,0.000,0.400,0.350,0.120,0.200,0.030,0.050,0.060,0.040,1.600,0.400,0.700,0.400,1.200,0.100,0.200,0.040,1.000,0.500,0.800,0.300,0.400
Shrub,3571,4.000,0.000,0.400,0.350,0.120,0.200,0.030,0.050,0.060,0.040,1.600,0.400,0.700,0.400,1.200,0.100,0.200,0.040,1.000,0.500,0.800,0.300,0.400
Shrub,3570,4.000,0.000,0.400,0.350,0.120,0.200,0.030,0.050,0.060,0.040,1.600,0.400,0.700,0.400,1.200,0.100,0.200,0.040,1.000,0.500,0.800,0.300,0.400
Shrub,3569,4.000,0.000,0.400,0.350,0.120,0.200,0.030,0.050,0.060,0.040,1.600,0.400,0.700,0.400,1.200,0.100,0.200,0.040,1.000,0.500,0.800,0.300,0.400
Shrub,3568,4.000,0.000,0.400,0.350,0.120,0.200,0.030,0.050,0.060,0.040,1.600,0.400,0.700,0.400,1.200,0.100,0.200,0.040,1.000,0.500,0.800,0.300,0.400
Shrub,3567,4.000,0.000,0.400,0.350,0.120,0.200,0.030,0.050,0.060,0.040,1.600,0.400,0.700,0.400,1.200,0.100,0.200,0.040,1.000,0.500,0.800,0.300,0.400
Shrub,3566,4.000,0.000,0.400,0.350,0.120,0.200,0.030,0.050,0.060,0.040,1.600,0.400,0.700,0.400,1.200,0.100,0.200,0.040,1.000,0.500,0.800,0.300,0.400
Shrub,3565,4.000,0.000,0.400,0.350,0.120,0.200,0.030,0.050,0.060,0.040,1.600,0.400,0.700,0.400,1.200,0.100,0.200,0.040,1.000,0.500,0.800,0.300,0.400
Shrub,3564,4.000,0.000,0.400,0.350,0.120,0.200,0.030,0.050,0.060,0.040,1.600,0.400,0.700,0.400,1.200,0.100,0.200,0.040,1.000,0.500,0.800,0.300,0.400
Shrub,3563,4.000,0.000,0.400,0.350,0.120,0.200,0.030,0.050,0.060,0.040,1.600,0.400,0.700,0.400,1.200,0.100,0.200,0.040,1.000,0.500,0.800,0.300,0.400
Shrub,3562,4.000,0.000,0.400,0.350,0.120,0.200,0.030,0.050,0.060,0.040,1.600,0.400,0.700,0.400,1.200,0.100,0.200,0.040,1.000,0.500,0.800,0.300,0.400
Shrub,3561,4.000,0.000,0.400,0.350,0.120,0.200,0.030,0.050,0.060,0.040,1.600,0.400,0.700,0.400,1.200,0.100,0.200,0.040,1.000,0.500,0.800,0.300,0.400
Shrub,3560,4.000,0.000,0.400,0.350,0.120,0.200,0.030,0.050,0.060,0.040,1.600,0.400,0.700,0.400,1.200,0.100,0.200,0.040,1.000,0.500,0.800,0.300,0.400
Shrub,3559,4.000,0.000,0.400,0.350,0.120,0.200,0.030,0.050,0.060,0.040,1.600,0.400,0.700,0.400,1.200,0.100,0.200,0.040,1.000,0.500,0.800,0.300,0.400
Shrub,3558,4.000,0.000,0.400,0.350,0.120,0.200,0.030,0.050,0.060,0.040,1.600,0.400,0.700,0.400,1.200,0.100,0.200,0.040,1.000,0.500,0.800,0.300,0.400
Shrub,3557,4.000,0.000,0.400,0.350,0.120,0.200,0.030,0.050,0.060,0.040,1.600,0.400,0.700,0.400,1.200,0.100,0.200,0.040,1.000,0.500,0.800,0.300,0.400
Shrub,3556,4.000,0.000,0.400,0.350,0.120,0.200,0.030,0.050,0.060,0.040,1.600,0.400,0.700,0.400,1.200,0.100,0.200,0.040,1.000,0.500,0.800,0.300,0.400
Shrub,3555,4.000,0.000,0.400,0.350,0.120,0.200,0.030,0.050,0.060,0.040,1.600,0.400,0.700,0.400,1.200,0.100,0.200,0.040,1.000,0.500,0.800,0.300,0.400
Shrub,3554,4.000,0.000,0.400,0.350,0.120,0.200,0.030,0.050,0.060,0.040,1.600,0.400,0.700,0.400,1.200,0.100,0.200,0.040,1.000,0.500,0.800,0.300,0.400
Shrub,3552,4.000,0.000,0.400,0.350,0.120,0.200,0.030,0.050,0.060,0.040,1.600,0.400,0.700,0.400,1.200,0.100,0.200,0.040,1.000,0.500,0.800,0.300,0.400
Shrub,3577,4.000,0.000,0.400,0.350,0.120,0.200,0.030,0.050,0.060,0.040,1.600,0.400,0.700,0.400,1.200,0.100,0.200,0.040,1.000,0.500,0.800,0.300,0.400
Shrub,3510,4.000,0.000,0.400,0.350,0.120,0.200,0.030,0.050,0.060,0.040,1.600,0.400,0.700,0.400,1.200,0.100,0.200,0.040,1.000,0.500,0.800,0.300,0.400
Shrub,3507,4.000,0.000,0.400,0.350,0.120,0.200,0.030,0.050,0.060,0.040,1.600,0.400,0.700,0.400,1.200,0.100,0.200,0.040,1.000,0.500,0.800,0.300,0.400
Shrub,3474,4.000,0.000,0.400,0.350,0.120,0.200,0.030,0.050,0.060,0.040,1.600,0.400,0.700,0.400,1.200,0.100,0.200,0.040,1.000,0.500,0.800,0.300,0.400
Shrub,3473,4.000,0.000,0.400,0.350,0.120,0.200,0.030,0.050,0.060,0.040,1.600,0.400,0.700,0.400,1.200,0.100,0.200,0.040,1.000,0.500,0.800,0.300,0.400
Shrub,3472,4.000,0.000,0.400,0.350,0.120,0.200,0.030,0.050,0.060,0.040,1.600,0.400,0.700,0.400,1.200,0.100,0.200,0.040,1.000,0.500,0.800,0.300,0.400
Shrub,3471,4.000,0.000,0.400,0.350,0.120,0.200,0.030,0.050,0.060,0.040,1.600,0.400,0.700,0.400,1.200,0.100,0.200,0.040,1.000,0.500,0.800,0.300,0.400
Shrub,3470,4.000,0.000,0.400,0.350,0.120,0.200,0.030,0.050,0.060,0.040,1.600,0.400,0.700,0.400,1.200,0.100,0.200,0.040,1.000,0.500,0.800,0.300,0.400
Shrub,3469,4.000,0.000,0.400,0.350,0.120,0.200,0.030,0.050,0.060,0.040,1.600,0.400,0.700,0.400,1.200,0.100,0.200,0.040,1.000,0.500,0.800,0.300,0.400
Shrub,3468,4.000,0.000,0.400,0.350,0.120,0.200,0.030,0.050,0.060,0.040,1.600,0.400,0.700,0.400,1.200,0.100,0.200,0.040,1.000,0.500,0.800,0.300,0.400
Shrub,3466,4.000,0.000,0.400,0.350,0.120,0.200,0.030,0.050,0.060,0.040,1.600,0.400,0.700,0.400,1.200,0.100,0.200,0.040,1.000,0.500,0.800,0.300,0.400
Shrub,3464,4.000,0.000,0.400,0.350,0.120,0.200,0.030,0.050,0.060,0.040,1.600,0.400,0.700,0.400,1.200,0.100,0.200,0.040,1.000,0.500,0.800,0.300,0.400
Shrub,3463,4.000,0.000,0.400,0.350,0.120,0.200,0.030,0.050,0.060,0.040,1.600,0.400,0.700,0.400,1.200,0.100,0.200,0.040,1.000,0.500,0.800,0.300,0.400
Shrub,3462,4.000,0.000,0.400,0.350,0.120,0.200,0.030,0.050,0.060,0.040,1.600,0.400,0.700,0.400,1.200,0.100,0.200,0.040,1.000,0.500,0.800,0.300,0.400
Shrub,3461,4.000,0.000,0.400,0.350,0.120,0.200,0.030,0.050,0.060,0.040,1.600,0.400,0.700,0.400,1.200,0.100,0.200,0.040,1.000,0.500,0.800,0.300,0.400
Shrub,3460,4.000,0.000,0.400,0.350,0.120,0.200,0.030,0.050,0.060,0.040,1.600,0.400,0.700,0.400,1.200,0.100,0.200,0.040,1.000,0.500,0.800,0.300,0.400
Shrub,3459,4.000,0.000,0.400,0.350,0.120,0.200,0.030,0.050,0.060,0.040,1.600,0.400,0.700,0.400,1.200,0.100,0.200,0.040,1.000,0.500,0.800,0.300,0.400
Shrub,3458,4.000,0.000,0.400,0.350,0.120,0.200,0.030,0.050,0.060,0.040,1.600,0.400,0.700,0.400,1.200,0.100,0.200,0.040,1.000,0.500,0.800,0.300,0.400
Shrub,3457,4.000,0.000,0.400,0.350,0.120,0.200,0.030,0.050,0.060,0.040,1.600,0.400,0.700,0.400,1.200,0.100,0.200,0.040,1.000,0.500,0.800,0.300,0.400
Shrub,3456,4.000,0.000,0.400,0.350,0.120,0.200,0.030,0.050,0.060,0.040,1.600,0.400,0.700,0.400,1.200,0.100,0.200,0.040,1.000,0.500,0.800,0.300,0.400
Shrub,3455,4.000,0.000,0.400,0.350,0.120,0.200,0.030,0.050,0.060,0.040,1.600,0.400,0.700,0.400,1.200,0.100,0.200,0.040,1.000,0.500,0.800,0.300,0.400
Shrub,3454,4.000,0.000,0.400,0.350,0.120,0.200,0.030,0.050,0.060,0.040,1.600,0.400,0.700,0.400,1.200,0.100,0.200,0.040,1.000,0.500,0.800,0.300,0.400
Shrub,3453,4.000,0.000,0.400,0.350,0.120,0.200,0.030,0.050,0.060,0.040,1.600,0.400,0.700,0.400,1.200,0.100,0.200,0.040,1.000,0.500,0.800,0.300,0.400
Shrub,3451,4.000,0.000,0.400,0.350,0.120,0.200,0.030,0.050,0.060,0.040,1.600,0.400,0.700,0.400,1.200,0.100,0.200,0.040,1.000,0.500,0.800,0.300,0.400
Shrub,3770,4.000,0.000,0.400,0.350,0.120,0.200,0.030,0.050,0.060,0.040,1.600,0.400,0.700,0.400,1.200,0.100,0.200,0.040,1.000,0.500,0.800,0.300,0.400
Shrub,3452,4.000,0.000,0.400,0.350,0.120,0.200,0.030,0.050,0.060,0.040,1.600,0.400,0.700,0.400,1.200,0.100,0.200,0.040,1.000,0.500,0.800,0.300,0.400
Shrub,3475,4.000,0.000,0.400,0.350,0.120,0.200,0.030,0.050,0.060,0.040,1.600,0.400,0.700,0.400,1.200,0.100,0.200,0.040,1.000,0.500,0.800,0.300,0.400
Shrub,3509,4.000,0.000,0.400,0.350,0.120,0.200,0.030,0.050,0.060,0.040,1.600,0.400,0.700,0.400,1.200,0.100,0.200,0.040,1.000,0.500,0.800,0.300,0.400
Shrub,3476,4.000,0.000,0.400,0.350,0.120,0.200,0.030,0.050,0.060,0.040,1.600,0.400,0.700,0.400,1.200,0.100,0.200,0.040,1.000,0.500,0.800,0.300,0.400
Shrub,3478,4.000,0.000,0.400,0.350,0.120,0.200,0.030,0.050,0.060,0.040,1.600,0.400,0.700,0.400,1.200,0.100,0.200,0.040,1.000,0.500,0.800,0.300,0.400
Shrub,3506,4.000,0.000,0.400,0.350,0.120,0.200,0.030,0.050,0.060,0.040,1.600,0.400,0.700,0.400,1.200,0.100,0.200,0.040,1.000,0.500,0.800,0.300,0.400
Shrub,3504,4.000,0.000,0.400,0.350,0.120,0.200,0.030,0.050,0.060,0.040,1.600,0.400,0.700,0.400,1.200,0.100,0.200,0.040,1.000,0.500,0.800,0.300,0.400
Shrub,3503,4.000,0.000,0.400,0.350,0.120,0.200,0.030,0.050,0.060,0.040,1.600,0.400,0.700,0.400,1.200,0.100,0.200,0.040,1.000,0.500,0.800,0.300,0.400
Shrub,3502,4.000,0.000,0.400,0.350,0.120,0.200,0.030,0.050,0.060,0.040,1.600,0.400,0.700,0.400,1.200,0.100,0.200,0.040,1.000,0.500,0.800,0.300,0.400
Shrub,3501,4.000,0.000,0.400,0.350,0.120,0.200,0.030,0.050,0.060,0.040,1.600,0.400,0.700,0.400,1.200,0.100,0.200,0.040,1.000,0.500,0.800,0.300,0.400
Shrub,3499,4.000,0.000,0.400,0.350,0.120,0.200,0.030,0.050,0.060,0.040,1.600,0.400,0.700,0.400,1.200,0.100,0.200,0.040,1.000,0.500,0.800,0.300,0.400
Shrub,3498,4.000,0.000,0.400,0.350,0.120,0.200,0.030,0.050,0.060,0.040,1.600,0.400,0.700,0.400,1.200,0.100,0.200,0.040,1.000,0.500,0.800,0.300,0.400
Shrub,3497,4.000,0.000,0.400,0.350,0.120,0.200,0.030,0.050,0.060,0.040,1.600,0.400,0.700,0.400,1.200,0.100,0.200,0.040,1.000,0.500,0.800,0.300,0.400
Shrub,3495,4.000,0.000,0.400,0.350,0.120,0.200,0.030,0.050,0.060,0.040,1.600,0.400,0.700,0.400,1.200,0.100,0.200,0.040,1.000,0.500,0.800,0.300,0.400
Shrub,3494,4.000,0.000,0.400,0.350,0.120,0.200,0.030,0.050,0.060,0.040,1.600,0.400,0.700,0.400,1.200,0.100,0.200,0.040,1.000,0.500,0.800,0.300,0.400
Shrub,3493,4.000,0.000,0.400,0.350,0.120,0.200,0.030,0.050,0.060,0.040,1.600,0.400,0.700,0.400,1.200,0.100,0.200,0.040,1.000,0.500,0.800,0.300,0.400
Shrub,3492,4.000,0.000,0.400,0.350,0.120,0.200,0.030,0.050,0.060,0.040,1.600,0.400,0.700,0.400,1.200,0.100,0.200,0.040,1.000,0.500,0.800,0.300,0.400
Shrub,3491,4.000,0.000,0.400,0.350,0.120,0.200,0.030,0.050,0.060,0.040,1.600,0.400,0.700,0.400,1.200,0.100,0.200,0.040,1.000,0.500,0.800,0.300,0.400
Shrub,3490,4.000,0.000,0.400,0.350,0.120,0.200,0.030,0.050,0.060,0.040,1.600,0.400,0.700,0.400,1.200,0.100,0.200,0.040,1.000,0.500,0.800,0.300,0.400
Shrub,3489,4.000,0.000,0.400,0.350,0.120,0.200,0.030,0.050,0.060,0.040,1.600,0.400,0.700,0.400,1.200,0.100,0.200,0.040,1.000,0.500,0.800,0.300,0.400
Shrub,3488,4.000,0.000,0.400,0.350,0.120,0.200,0.030,0.050,0.060,0.040,1.600,0.400,0.700,0.400,1.200,0.100,0.200,0.040,1.000,0.500,0.800,0.300,0.400
Shrub,3486,4.000,0.000,0.400,0.350,0.120,0.200,0.030,0.050,0.060,0.040,1.600,0.400,0.700,0.400,1.200,0.100,0.200,0.040,1.000,0.500,0.800,0.300,0.400
Shrub,3485,4.000,0.000,0.400,0.350,0.120,0.200,0.030,0.050,0.060,0.040,1.600,0.400,0.700,0.400,1.200,0.100,0.200,0.040,1.000,0.500,0.800,0.300,0.400
Shrub,3483,4.000,0.000,0.400,0.350,0.120,0.200,0.030,0.050,0.060,0.040,1.600,0.400,0.700,0.400,1.200,0.100,0.200,0.040,1.000,0.500,0.800,0.300,0.400
Shrub,3482,4.000,0.000,0.400,0.350,0.120,0.200,0.030,0.050,0.060,0.040,1.600,0.400,0.700,0.400,1.200,0.100,0.200,0.040,1.000,0.500,0.800,0.300,0.400
Shrub,3481,4.000,0.000,0.400,0.350,0.120,0.200,0.030,0.050,0.060,0.040,1.600,0.400,0.700,0.400,1.200,0.100,0.200,0.040,1.000,0.500,0.800,0.300,0.400
Shrub,3480,4.000,0.000,0.400,0.350,0.120,0.200,0.030,0.050,0.060,0.040,1.600,0.400,0.700,0.400,1.200,0.100,0.200,0.040,1.000,0.500,0.800,0.300,0.400
Shrub,3479,4.000,0.000,0.400,0.350,0.120,0.200,0.030,0.050,0.060,0.040,1.600,0.400,0.700,0.400,1.200,0.100,0.200,0.040,1.000,0.500,0.800,0.300,0.400
Shrub,3477,4.000,0.000,0.400,0.350,0.120,0.200,0.030,0.050,0.060,0.040,1.600,0.400,0.700,0.400,1.200,0.100,0.200,0.040,1.000,0.500,0.800,0.300,0.400
Shrub,3578,4.000,0.000,0.400,0.350,0.120,0.200,0.030,0.050,0.060,0.040,1.600,0.400,0.700,0.400,1.200,0.100,0.200,0.040,1.000,0.500,0.800,0.300,0.400
Shrub,3467,4.000,0.000,0.400,0.350,0.120,0.200,0.030,0.050,0.060,0.040,1.600,0.400,0.700,0.400,1.200,0.100,0.200,0.040,1.000,0.500,0.800,0.300,0.400
Shrub,3580,4.000,0.000,0.400,0.350,0.120,0.200,0.030,0.050,0.060,0.040,1.600,0.400,0.700,0.400,1.200,0.100,0.200,0.040,1.000,0.500,0.800,0.300,0.400
Shrub,3740,4.000,0.000,0.400,0.350,0.120,0.200,0.030,0.050,0.060,0.040,1.600,0.400,0.700,0.400,1.200,0.100,0.200,0.040,1.000,0.500,0.800,0.300,0.400
Shrub,3739,4.000,0.000,0.400,0.350,0.120,0.200,0.030,0.050,0.060,0.040,1.600,0.400,0.700,0.400,1.200,0.100,0.200,0.040,1.000,0.500,0.800,0.300,0.400
Shrub,3738,4.000,0.000,0.400,0.350,0.120,0.200,0.030,0.050,0.060,0.040,1.600,0.400,0.700,0.400,1.200,0.100,0.200,0.040,1.000,0.500,0.800,0.300,0.400
Shrub,3737,4.000,0.000,0.400,0.350,0.120,0.200,0.030,0.050,0.060,0.040,1.600,0.400,0.700,0.400,1.200,0.100,0.200,0.040,1.000,0.500,0.800,0.300,0.400
Shrub,3736,4.000,0.000,0.400,0.350,0.120,0.200,0.030,0.050,0.060,0.040,1.600,0.400,0.700,0.400,1.200,0.100,0.200,0.040,1.000,0.500,0.800,0.300,0.400
Shrub,3731,4.000,0.000,0.400,0.350,0.120,0.200,0.030,0.050,0.060,0.040,1.600,0.400,0.700,0.400,1.200,0.100,0.200,0.040,1.000,0.500,0.800,0.300,0.400
Shrub,3730,4.000,0.000,0.400,0.350,0.120,0.200,0.030,0.050,0.060,0.040,1.600,0.400,0.700,0.400,1.200,0.100,0.200,0.040,1.000,0.500,0.800,0.300,0.400
Shrub,3725,4.000,0.000,0.400,0.350,0.120,0.200,0.030,0.050,0.060,0.040,1.600,0.400,0.700,0.400,1.200,0.100,0.200,0.040,1.000,0.500,0.800,0.300,0.400
Shrub,3720,4.000,0.000,0.400,0.350,0.120,0.200,0.030,0.050,0.060,0.040,1.600,0.400,0.700,0.400,1.200,0.100,0.200,0.040,1.000,0.500,0.800,0.300,0.400
Shrub,3719,4.000,0.000,0.400,0.350,0.120,0.200,0.030,0.050,0.060,0.040,1.600,0.400,0.700,0.400,1.200,0.100,0.200,0.040,1.000,0.500,0.800,0.300,0.400
Shrub,3718,4.000,0.000,0.400,0.350,0.120,0.200,0.030,0.050,0.060,0.040,1.600,0.400,0.700,0.400,1.200,0.100,0.200,0.040,1.000,0.500,0.800,0.300,0.400
Shrub,3709,4.000,0.000,0.400,0.350,0.120,0.200,0.030,0.050,0.060,0.040,1.600,0.400,0.700,0.400,1.200,0.100,0.200,0.040,1.000,0.500,0.800,0.300,0.400
Shrub,3699,4.000,0.000,0.400,0.350,0.120,0.200,0.030,0.050,0.060,0.040,1.600,0.400,0.700,0.400,1.200,0.100,0.200,0.040,1.000,0.500,0.800,0.300,0.400
Shrub,3692,4.000,0.000,0.400,0.350,0.120,0.200,0.030,0.050,0.060,0.040,1.600,0.400,0.700,0.400,1.200,0.100,0.200,0.040,1.000,0.500,0.800,0.300,0.400
Shrub,3691,4.000,0.000,0.400,0.350,0.120,0.200,0.030,0.050,0.060,0.040,1.600,0.400,0.700,0.400,1.200,0.100,0.200,0.040,1.000,0.500,0.800,0.300,0.400
Shrub,3690,4.000,0.000,0.400,0.350,0.120,0.200,0.030,0.050,0.060,0.040,1.600,0.400,0.700,0.400,1.200,0.100,0.200,0.040,1.000,0.500,0.800,0.300,0.400
Shrub,3689,4.000,0.000,0.400,0.350,0.120,0.200,0.030,0.050,0.060,0.040,1.600,0.400,0.700,0.400,1.200,0.100,0.200,0.040,1.000,0.500,0.800,0.300,0.400
Shrub,3688,4.000,0.000,0.400,0.350,0.120,0.200,0.030,0.050,0.060,0.040,1.600,0.400,0.700,0.400,1.200,0.100,0.200,0.040,1.000,0.500,0.800,0.300,0.400
Shrub,3687,4.000,0.000,0.400,0.350,0.120,0.200,0.030,0.050,0.060,0.040,1.600,0.400,0.700,0.400,1.200,0.100,0.200,0.040,1.000,0.500,0.800,0.300,0.400
Shrub,3686,4.000,0.000,0.400,0.350,0.120,0.200,0.030,0.050,0.060,0.040,1.600,0.400,0.700,0.400,1.200,0.100,0.200,0.040,1.000,0.500,0.800,0.300,0.400
Shrub,3685,4.000,0.000,0.400,0.350,0.120,0.200,0.030,0.050,0.060,0.040,1.600,0.400,0.700,0.400,1.200,0.100,0.200,0.040,1.000,0.500,0.800,0.300,0.400
Shrub,3684,4.000,0.000,0.400,0.350,0.120,0.200,0.030,0.050,0.060,0.040,1.600,0.400,0.700,0.400,1.200,0.100,0.200,0.040,1.000,0.500,0.800,0.300,0.400
Shrub,3683,4.000,0.000,0.400,0.350,0.120,0.200,0.030,0.050,0.060,0.040,1.600,0.400,0.700,0.400,1.200,0.100,0.200,0.040,1.000,0.500,0.800,0.300,0.400
Shrub,3741,4.000,0.000,0.400,0.350,0.120,0.200,0.030,0.050,0.060,0.040,1.600,0.400,0.700,0.400,1.200,0.100,0.200,0.040,1.000,0.500,0.800,0.300,0.400
Shrub,3742,4.000,0.000,0.400,0.350,0.120,0.200,0.030,0.050,0.060,0.040,1.600,0.400,0.700,0.400,1.200,0.100,0.200,0.040,1.000,0.500,0.800,0.300,0.400
Shrub,3743,4.000,0.000,0.400,0.350,0.120,0.200,0.030,0.050,0.060,0.040,1.600,0.400,0.700,0.400,1.200,0.100,0.200,0.040,1.000,0.500,0.800,0.300,0.400
Shrub,3744,4.000,0.000,0.400,0.350,0.120,0.200,0.030,0.050,0.060,0.040,1.600,0.400,0.700,0.400,1.200,0.100,0.200,0.040,1.000,0.500,0.800,0.300,0.400
Shrub,3767,4.000,0.000,0.400,0.350,0.120,0.200,0.030,0.050,0.060,0.040,1.600,0.400,0.700,0.400,1.200,0.100,0.200,0.040,1.000,0.500,0.800,0.300,0.400
Shrub,3766,4.000,0.000,0.400,0.350,0.120,0.200,0.030,0.050,0.060,0.040,1.600,0.400,0.700,0.400,1.200,0.100,0.200,0.040,1.000,0.500,0.800,0.300,0.400
Shrub,3579,4.000,0.000,0.400,0.350,0.120,0.200,0.030,0.050,0.060,0.040,1.600,0.400,0.700,0.400,1.200,0.100,0.200,0.040,1.000,0.500,0.800,0.300,0.400
Shrub,3768,4.000,0.000,0.400,0.350,0.120,0.200,0.030,0.050,0.060,0.040,1.600,0.400,0.700,0.400,1.200,0.100,0.200,0.040,1.000,0.500,0.800,0.300,0.400
Shrub,3765,4.000,0.000,0.400,0.350,0.120,0.200,0.030,0.050,0.060,0.040,1.600,0.400,0.700,0.400,1.200,0.100,0.200,0.040,1.000,0.500,0.800,0.300,0.400
Shrub,3764,4.000,0.000,0.400,0.350,0.120,0.200,0.030,0.050,0.060,0.040,1.600,0.400,0.700,0.400,1.200,0.100,0.200,0.040,1.000,0.500,0.800,0.300,0.400
Shrub,3763,4.000,0.000,0.400,0.350,0.120,0.200,0.030,0.050,0.060,0.040,1.600,0.400,0.700,0.400,1.200,0.100,0.200,0.040,1.000,0.500,0.800,0.300,0.400
Shrub,3762,4.000,0.000,0.400,0.350,0.120,0.200,0.030,0.050,0.060,0.040,1.600,0.400,0.700,0.400,1.200,0.100,0.200,0.040,1.000,0.500,0.800,0.300,0.400
Shrub,3761,4.000,0.000,0.400,0.350,0.120,0.200,0.030,0.050,0.060,0.040,1.600,0.400,0.700,0.400,1.200,0.100,0.200,0.040,1.000,0.500,0.800,0.300,0.400
Shrub,3760,4.000,0.000,0.400,0.350,0.120,0.200,0.030,0.050,0.060,0.040,1.600,0.400,0.700,0.400,1.200,0.100,0.200,0.040,1.000,0.500,0.800,0.300,0.400
Shrub,3758,4.000,0.000,0.400,0.350,0.120,0.200,0.030,0.050,0.060,0.040,1.600,0.400,0.700,0.400,1.200,0.100,0.200,0.040,1.000,0.500,0.800,0.300,0.400
Shrub,3682,4.000,0.000,0.400,0.350,0.120,0.200,0.030,0.050,0.060,0.040,1.600,0.400,0.700,0.400,1.200,0.100,0.200,0.040,1.000,0.500,0.800,0.300,0.400
Shrub,3757,4.000,0.000,0.400,0.350,0.120,0.200,0.030,0.050,0.060,0.040,1.600,0.400,0.700,0.400,1.200,0.100,0.200,0.040,1.000,0.500,0.800,0.300,0.400
Shrub,3755,4.000,0.000,0.400,0.350,0.120,0.200,0.030,0.050,0.060,0.040,1.600,0.400,0.700,0.400,1.200,0.100,0.200,0.040,1.000,0.500,0.800,0.300,0.400
Shrub,3754,4.000,0.000,0.400,0.350,0.120,0.200,0.030,0.050,0.060,0.040,1.600,0.400,0.700,0.400,1.200,0.100,0.200,0.040,1.000,0.500,0.800,0.300,0.400
Shrub,3753,4.000,0.000,0.400,0.350,0.120,0.200,0.030,0.050,0.060,0.040,1.600,0.400,0.700,0.400,1.200,0.100,0.200,0.040,1.000,0.500,0.800,0.300,0.400
Shrub,3752,4.000,0.000,0.400,0.350,0.120,0.200,0.030,0.050,0.060,0.040,1.600,0.400,0.700,0.400,1.200,0.100,0.200,0.040,1.000,0.500,0.800,0.300,0.400
Shrub,3751,4.000,0.000,0.400,0.350,0.120,0.200,0.030,0.050,0.060,0.040,1.600,0.400,0.700,0.400,1.200,0.100,0.200,0.040,1.000,0.500,0.800,0.300,0.400
Shrub,3750,4.000,0.000,0.400,0.350,0.120,0.200,0.030,0.050,0.060,0.040,1.600,0.400,0.700,0.400,1.200,0.100,0.200,0.040,1.000,0.500,0.800,0.300,0.400
Shrub,3749,4.000,0.000,0.400,0.350,0.120,0.200,0.030,0.050,0.060,0.040,1.600,0.400,0.700,0.400,1.200,0.100,0.200,0.040,1.000,0.500,0.800,0.300,0.400
Shrub,3748,4.000,0.000,0.400,0.350,0.120,0.200,0.030,0.050,0.060,0.040,1.600,0.400,0.700,0.400,1.200,0.100,0.200,0.040,1.000,0.500,0.800,0.300,0.400
Shrub,3747,4.000,0.000,0.400,0.350,0.120,0.200,0.030,0.050,0.060,0.040,1.600,0.400,0.700,0.400,1.200,0.100,0.200,0.040,1.000,0.500,0.800,0.300,0.400
Shrub,3746,4.000,0.000,0.400,0.350,0.120,0.200,0.030,0.050,0.060,0.040,1.600,0.400,0.700,0.400,1.200,0.100,0.200,0.040,1.000,0.500,0.800,0.300,0.400
Shrub,3745,4.000,0.000,0.400,0.350,0.120,0.200,0.030,0.050,0.060,0.040,1.600,0.400,0.700,0.400,1.200,0.100,0.200,0.040,1.000,0.500,0.800,0.300,0.400
Shrub,3756,4.000,0.000,0.400,0.350,0.120,0.200,0.030,0.050,0.060,0.040,1.600,0.400,0.700,0.400,1.200,0.100,0.200,0.040,1.000,0.500,0.800,0.300,0.400
Shrub,3680,4.000,0.000,0.400,0.350,0.120,0.200,0.030,0.050,0.060,0.040,1.600,0.400,0.700,0.400,1.200,0.100,0.200,0.040,1.000,0.500,0.800,0.300,0.400
Shrub,3759,4.000,0.000,0.400,0.350,0.120,0.200,0.030,0.050,0.060,0.040,1.600,0.400,0.700,0.400,1.200,0.100,0.200,0.040,1.000,0.500,0.800,0.300,0.400
Shrub,3679,4.000,0.000,0.400,0.350,0.120,0.200,0.030,0.050,0.060,0.040,1.600,0.400,0.700,0.400,1.200,0.100,0.200,0.040,1.000,0.500,0.800,0.300,0.400
Shrub,3612,4.000,0.000,0.400,0.350,0.120,0.200,0.030,0.050,0.060,0.040,1.600,0.400,0.700,0.400,1.200,0.100,0.200,0.040,1.000,0.500,0.800,0.300,0.400
Shrub,3611,4.000,0.000,0.400,0.350,0.120,0.200,0.030,0.050,0.060,0.040,1.600,0.400,0.700,0.400,1.200,0.100,0.200,0.040,1.000,0.500,0.800,0.300,0.400
Shrub,3610,4.000,0.000,0.400,0.350,0.120,0.200,0.030,0.050,0.060,0.040,1.600,0.400,0.700,0.400,1.200,0.100,0.200,0.040,1.000,0.500,0.800,0.300,0.400
Shrub,3609,4.000,0.000,0.400,0.350,0.120,0.200,0.030,0.050,0.060,0.040,1.600,0.400,0.700,0.400,1.200,0.100,0.200,0.040,1.000,0.500,0.800,0.300,0.400
Shrub,3608,4.000,0.000,0.400,0.350,0.120,0.200,0.030,0.050,0.060,0.040,1.600,0.400,0.700,0.400,1.200,0.100,0.200,0.040,1.000,0.500,0.800,0.300,0.400
Shrub,3607,4.000,0.000,0.400,0.350,0.120,0.200,0.030,0.050,0.060,0.040,1.600,0.400,0.700,0.400,1.200,0.100,0.200,0.040,1.000,0.500,0.800,0.300,0.400
Shrub,3606,4.000,0.000,0.400,0.350,0.120,0.200,0.030,0.050,0.060,0.040,1.600,0.400,0.700,0.400,1.200,0.100,0.200,0.040,1.000,0.500,0.800,0.300,0.400
Shrub,3605,4.000,0.000,0.400,0.350,0.120,0.200,0.030,0.050,0.060,0.040,1.600,0.400,0.700,0.400,1.200,0.100,0.200,0.040,1.000,0.500,0.800,0.300,0.400
Shrub,3604,4.000,0.000,0.400,0.350,0.120,0.200,0.030,0.050,0.060,0.040,1.600,0.400,0.700,0.400,1.200,0.100,0.200,0.040,1.000,0.500,0.800,0.300,0.400
Shrub,3603,4.000,0.000,0.400,0.350,0.120,0.200,0.030,0.050,0.060,0.040,1.600,0.400,0.700,0.400,1.200,0.100,0.200,0.040,1.000,0.500,0.800,0.300,0.400
Shrub,3602,4.000,0.000,0.400,0.350,0.120,0.200,0.030,0.050,0.060,0.040,1.600,0.400,0.700,0.400,1.200,0.100,0.200,0.040,1.000,0.500,0.800,0.300,0.400
Shrub,3601,4.000,0.000,0.400,0.350,0.120,0.200,0.030,0.050,0.060,0.040,1.600,0.400,0.700,0.400,1.200,0.100,0.200,0.040,1.000,0.500,0.800,0.300,0.400
Shrub,3600,4.000,0.000,0.400,0.350,0.120,0.200,0.030,0.050,0.060,0.040,1.600,0.400,0.700,0.400,1.200,0.100,0.200,0.040,1.000,0.500,0.800,0.300,0.400
Shrub,3591,4.000,0.000,0.400,0.350,0.120,0.200,0.030,0.050,0.060,0.040,1.600,0.400,0.700,0.400,1.200,0.100,0.200,0.040,1.000,0.500,0.800,0.300,0.400
Shrub,3590,4.000,0.000,0.400,0.350,0.120,0.200,0.030,0.050,0.060,0.040,1.600,0.400,0.700,0.400,1.200,0.100,0.200,0.040,1.000,0.500,0.800,0.300,0.400
Shrub,3589,4.000,0.000,0.400,0.350,0.120,0.200,0.030,0.050,0.060,0.040,1.600,0.400,0.700,0.400,1.200,0.100,0.200,0.040,1.000,0.500,0.800,0.300,0.400
Shrub,3587,4.000,0.000,0.400,0.350,0.120,0.200,0.030,0.050,0.060,0.040,1.600,0.400,0.700,0.400,1.200,0.100,0.200,0.040,1.000,0.500,0.800,0.300,0.400
Shrub,3586,4.000,0.000,0.400,0.350,0.120,0.200,0.030,0.050,0.060,0.040,1.600,0.400,0.700,0.400,1.200,0.100,0.200,0.040,1.000,0.500,0.800,0.300,0.400
Shrub,3585,4.000,0.000,0.400,0.350,0.120,0.200,0.030,0.050,0.060,0.040,1.600,0.400,0.700,0.400,1.200,0.100,0.200,0.040,1.000,0.500,0.800,0.300,0.400
Shrub,3581,4.000,0.000,0.400,0.350,0.120,0.200,0.030,0.050,0.060,0.040,1.600,0.400,0.700,0.400,1.200,0.100,0.200,0.040,1.000,0.500,0.800,0.300,0.400
Shrub,3584,4.000,0.000,0.400,0.350,0.120,0.200,0.030,0.050,0.060,0.040,1.600,0.400,0.700,0.400,1.200,0.100,0.200,0.040,1.000,0.500,0.800,0.300,0.400
Shrub,3583,4.000,0.000,0.400,0.350,0.120,0.200,0.030,0.050,0.060,0.040,1.600,0.400,0.700,0.400,1.200,0.100,0.200,0.040,1.000,0.500,0.800,0.300,0.400
Shrub,3582,4.000,0.000,0.400,0.350,0.120,0.200,0.030,0.050,0.060,0.040,1.600,0.400,0.700,0.400,1.200,0.100,0.200,0.040,1.000,0.500,0.800,0.300,0.400
Shrub,3631,4.000,0.000,0.400,0.350,0.120,0.200,0.030,0.050,0.060,0.040,1.600,0.400,0.700,0.400,1.200,0.100,0.200,0.040,1.000,0.500,0.800,0.300,0.400
Shrub,3633,4.000,0.000,0.400,0.350,0.120,0.200,0.030,0.050,0.060,0.040,1.600,0.400,0.700,0.400,1.200,0.100,0.200,0.040,1.000,0.500,0.800,0.300,0.400
Shrub,3588,4.000,0.000,0.400,0.350,0.120,0.200,0.030,0.050,0.060,0.040,1.600,0.400,0.700,0.400,1.200,0.100,0.200,0.040,1.000,0.500,0.800,0.300,0.400
Shrub,3635,4.000,0.000,0.400,0.350,0.120,0.200,0.030,0.050,0.060,0.040,1.600,0.400,0.700,0.400,1.200,0.100,0.200,0.040,1.000,0.500,0.800,0.300,0.400
Shrub,3634,4.000,0.000,0.400,0.350,0.120,0.200,0.030,0.050,0.060,0.040,1.600,0.400,0.700,0.400,1.200,0.100,0.200,0.040,1.000,0.500,0.800,0.300,0.400
Shrub,3674,4.000,0.000,0.400,0.350,0.120,0.200,0.030,0.050,0.060,0.040,1.600,0.400,0.700,0.400,1.200,0.100,0.200,0.040,1.000,0.500,0.800,0.300,0.400
Shrub,3672,4.000,0.000,0.400,0.350,0.120,0.200,0.030,0.050,0.060,0.040,1.600,0.400,0.700,0.400,1.200,0.100,0.200,0.040,1.000,0.500,0.800,0.300,0.400
Shrub,3675,4.000,0.000,0.400,0.350,0.120,0.200,0.030,0.050,0.060,0.040,1.600,0.400,0.700,0.400,1.200,0.100,0.200,0.040,1.000,0.500,0.800,0.300,0.400
Shrub,3654,4.000,0.000,0.400,0.350,0.120,0.200,0.030,0.050,0.060,0.040,1.600,0.400,0.700,0.400,1.200,0.100,0.200,0.040,1.000,0.500,0.800,0.300,0.400
Shrub,3653,4.000,0.000,0.400,0.350,0.120,0.200,0.030,0.050,0.060,0.040,1.600,0.400,0.700,0.400,1.200,0.100,0.200,0.040,1.000,0.500,0.800,0.300,0.400
Shrub,3652,4.000,0.000,0.400,0.350,0.120,0.200,0.030,0.050,0.060,0.040,1.600,0.400,0.700,0.400,1.200,0.100,0.200,0.040,1.000,0.500,0.800,0.300,0.400
Shrub,3677,4.000,0.000,0.400,0.350,0.120,0.200,0.030,0.050,0.060,0.040,1.600,0.400,0.700,0.400,1.200,0.100,0.200,0.040,1.000,0.500,0.800,0.300,0.400
Shrub,3651,4.000,0.000,0.400,0.350,0.120,0.200,0.030,0.050,0.060,0.040,1.600,0.400,0.700,0.400,1.200,0.100,0.200,0.040,1.000,0.500,0.800,0.300,0.400
Shrub,3650,4.000,0.000,0.400,0.350,0.120,0.200,0.030,0.050,0.060,0.040,1.600,0.400,0.700,0.400,1.200,0.100,0.200,0.040,1.000,0.500,0.800,0.300,0.400
Shrub,3649,4.000,0.000,0.400,0.350,0.120,0.200,0.030,0.050,0.060,0.040,1.600,0.400,0.700,0.400,1.200,0.100,0.200,0.040,1.000,0.500,0.800,0.300,0.400
Shrub,3648,4.000,0.000,0.400,0.350,0.120,0.200,0.030,0.050,0.060,0.040,1.600,0.400,0.700,0.400,1.200,0.100,0.200,0.040,1.000,0.500,0.800,0.300,0.400
Shrub,3671,4.000,0.000,0.400,0.350,0.120,0.200,0.030,0.050,0.060,0.040,1.600,0.400,0.700,0.400,1.200,0.100,0.200,0.040,1.000,0.500,0.800,0.300,0.400
Shrub,3645,4.000,0.000,0.400,0.350,0.120,0.200,0.030,0.050,0.060,0.040,1.600,0.400,0.700,0.400,1.200,0.100,0.200,0.040,1.000,0.500,0.800,0.300,0.400
Shrub,3678,4.000,0.000,0.400,0.350,0.120,0.200,0.030,0.050,0.060,0.040,1.600,0.400,0.700,0.400,1.200,0.100,0.200,0.040,1.000,0.500,0.800,0.300,0.400
Shrub,3646,4.000,0.000,0.400,0.350,0.120,0.200,0.030,0.050,0.060,0.040,1.600,0.400,0.700,0.400,1.200,0.100,0.200,0.040,1.000,0.500,0.800,0.300,0.400
Shrub,3638,4.000,0.000,0.400,0.350,0.120,0.200,0.030,0.050,0.060,0.040,1.600,0.400,0.700,0.400,1.200,0.100,0.200,0.040,1.000,0.500,0.800,0.300,0.400
Shrub,3639,4.000,0.000,0.400,0.350,0.120,0.200,0.030,0.050,0.060,0.040,1.600,0.400,0.700,0.400,1.200,0.100,0.200,0.040,1.000,0.500,0.800,0.300,0.400
Shrub,3640,4.000,0.000,0.400,0.350,0.120,0.200,0.030,0.050,0.060,0.040,1.600,0.400,0.700,0.400,1.200,0.100,0.200,0.040,1.000,0.500,0.800,0.300,0.400
Shrub,3636,4.000,0.000,0.400,0.350,0.120,0.200,0.030,0.050,0.060,0.040,1.600,0.400,0.700,0.400,1.200,0.100,0.200,0.040,1.000,0.500,0.800,0.300,0.400
Shrub,3641,4.000,0.000,0.400,0.350,0.120,0.200,0.030,0.050,0.060,0.040,1.600,0.400,0.700,0.400,1.200,0.100,0.200,0.040,1.000,0.500,0.800,0.300,0.400
Shrub,3642,4.000,0.000,0.400,0.350,0.120,0.200,0.030,0.050,0.060,0.040,1.600,0.400,0.700,0.400,1.200,0.100,0.200,0.040,1.000,0.500,0.800,0.300,0.400
Shrub,3643,4.000,0.000,0.400,0.350,0.120,0.200,0.030,0.050,0.060,0.040,1.600,0.400,0.700,0.400,1.200,0.100,0.200,0.040,1.000,0.500,0.800,0.300,0.400
Shrub,3644,4.000,0.000,0.400,0.350,0.120,0.200,0.030,0.050,0.060,0.040,1.600,0.400,0.700,0.400,1.200,0.100,0.200,0.040,1.000,0.500,0.800,0.300,0.400
Tree,5369,15.299,0.072,0.571,0.428,0.238,0.453,0.030,0.050,0.087,0.058,1.520,0.400,0.700,0.400,1.470,0.100,0.200,0.040,1.000,0.500,0.800,0.300,0.400
Tree,5368,9.811,0.018,0.722,0.541,0.300,0.493,0.030,0.050,0.089,0.060,1.586,0.400,0.700,0.400,1.495,0.100,0.200,0.040,1.000,0.500,0.800,0.300,0.400
Tree,5367,6.407,0.026,0.714,0.536,0.298,0.479,0.030,0.050,0.088,0.059,1.558,0.400,0.700,0.400,1.484,0.100,0.200,0.040,1.000,0.500,0.800,0.300,0.400
Tree,5366,10.797,0.000,0.597,0.448,0.249,0.476,0.030,0.050,0.088,0.059,1.560,0.400,0.700,0.400,1.485,0.100,0.200,0.040,1.000,0.500,0.800,0.300,0.400
Tree,5365,14.798,0.000,0.429,0.322,0.179,0.463,0.030,0.050,0.088,0.058,1.538,0.400,0.700,0.400,1.477,0.100,0.200,0.040,1.000,0.500,0.800,0.300,0.400
Tree,5364,8.174,1.371,0.588,0.440,0.245,0.480,0.030,0.050,0.089,0.059,1.563,0.400,0.700,0.400,1.486,0.100,0.200,0.040,1.000,0.500,0.800,0.300,0.400
Tree,5363,14.331,0.000,0.605,0.454,0.253,0.483,0.030,0.050,0.089,0.059,1.570,0.400,0.700,0.400,1.489,0.100,0.200,0.040,1.000,0.500,0.800,0.300,0.400
Tree,5362,10.471,1.540,0.453,0.339,0.189,0.408,0.030,0.050,0.082,0.055,1.388,0.400,0.700,0.400,1.421,0.100,0.200,0.040,1.000,0.500,0.800,0.300,0.400
Tree,5351,4.274,0.151,0.364,0.273,0.151,0.390,0.030,0.050,0.082,0.055,1.389,0.400,0.700,0.400,1.421,0.100,0.200,0.040,1.000,0.500,0.800,0.300,0.400
Tree,5360,3.618,4.255,0.526,0.395,0.220,0.478,0.030,0.050,0.088,0.058,1.533,0.400,0.700,0.400,1.475,0.100,0.200,0.040,1.000,0.500,0.800,0.300,0.400
Tree,5352,4.874,1.483,0.264,0.198,0.110,0.491,0.030,0.050,0.089,0.060,1.584,0.400,0.700,0.400,1.494,0.100,0.200,0.040,1.000,0.500,0.800,0.300,0.400
Tree,5359,3.221,3.140,0.533,0.400,0.222,0.452,0.030,0.050,0.084,0.056,1.446,0.400,0.700,0.400,1.442,0.100,0.200,0.040,1.000,0.500,0.800,0.300,0.400
Tree,5358,15.140,2.855,0.433,0.325,0.180,0.488,0.030,0.050,0.089,0.059,1.579,0.400,0.700,0.400,1.492,0.100,0.200,0.040,1.000,0.500,0.800,0.300,0.400
Tree,5357,5.008,0.911,0.537,0.403,0.223,0.474,0.030,0.050,0.088,0.059,1.544,0.400,0.700,0.400,1.479,0.100,0.200,0.040,1.000,0.500,0.800,0.300,0.400
Tree,5356,4.686,0.244,0.460,0.345,0.192,0.430,0.030,0.050,0.085,0.056,1.455,0.400,0.700,0.400,1.446,0.100,0.200,0.040,1.000,0.500,0.800,0.300,0.400
Tree,5355,12.832,0.654,0.521,0.390,0.217,0.281,0.030,0.050,0.074,0.049,1.170,0.400,0.700,0.400,1.339,0.100,0.200,0.040,1.000,0.500,0.800,0.300,0.400
Tree,5354,3.527,2.561,0.595,0.446,0.248,0.492,0.030,0.050,0.089,0.060,1.583,0.400,0.700,0.400,1.494,0.100,0.200,0.040,1.000,0.500,0.800,0.300,0.400
Tree,5353,7.607,1.642,0.578,0.435,0.241,0.495,0.030,0.050,0.090,0.060,1.588,0.400,0.700,0.400,1.495,0.100,0.200,0.040,1.000,0.500,0.800,0.300,0.400
Tree,5361,10.842,0.884,0.481,0.360,0.200,0.326,0.030,0.050,0.077,0.052,1.263,0.400,0.700,0.400,1.374,0.100,0.200,0.040,1.000,0.500,0.800,0.300,0.400
Tree,5370,9.671,1.048,0.588,0.441,0.245,0.468,0.030,0.050,0.088,0.059,1.541,0.400,0.700,0.400,1.478,0.100,0.200,0.040,1.000,0.500,0.800,0.300,0.400
Tree,5380,20.753,0.517,0.314,0.235,0.131,0.195,0.030,0.050,0.069,0.046,1.051,0.400,0.700,0.400,1.294,0.100,0.200,0.040,1.000,0.500,0.800,0.300,0.400
Tree,5372,8.382,0.603,0.648,0.486,0.270,0.479,0.030,0.050,0.089,0.059,1.560,0.400,0.700,0.400,1.485,0.100,0.200,0.040,1.000,0.500,0.800,0.300,0.400
Tree,5392,12.119,0.059,0.489,0.367,0.204,0.332,0.030,0.050,0.079,0.053,1.314,0.400,0.700,0.400,1.393,0.100,0.200,0.040,1.000,0.500,0.800,0.300,0.400
Tree,5391,9.442,6.464,0.598,0.449,0.249,0.458,0.030,0.050,0.087,0.058,1.516,0.400,0.700,0.400,1.469,0.100,0.200,0.040,1.000,0.500,0.800,0.300,0.400
Tree,5390,13.703,2.022,0.477,0.358,0.199,0.431,0.030,0.050,0.085,0.057,1.467,0.400,0.700,0.400,1.450,0.100,0.200,0.040,1.000,0.500,0.800,0.300,0.400
Tree,5350,5.163,2.000,0.559,0.419,0.233,0.486,0.030,0.050,0.089,0.059,1.566,0.400,0.700,0.400,1.487,0.100,0.200,0.040,1.000,0.500,0.800,0.300,0.400
Tree,5389,5.685,3.144,0.987,0.740,0.411,0.390,0.030,0.050,0.079,0.053,1.309,0.400,0.700,0.400,1.391,0.100,0.200,0.040,1.000,0.500,0.800,0.300,0.400
Tree,5388,4.763,4.523,0.479,0.359,0.199,0.478,0.030,0.050,0.088,0.059,1.551,0.400,0.700,0.400,1.482,0.100,0.200,0.040,1.000,0.500,0.800,0.300,0.400
Tree,5387,3.702,0.000,0.594,0.446,0.248,0.302,0.030,0.050,0.074,0.050,1.185,0.400,0.700,0.400,1.344,0.100,0.200,0.040,1.000,0.500,0.800,0.300,0.400
Tree,5386,34.538,0.005,0.220,0.165,0.091,0.285,0.030,0.050,0.075,0.050,1.207,0.400,0.700,0.400,1.353,0.100,0.200,0.040,1.000,0.500,0.800,0.300,0.400
Tree,5385,7.928,0.011,0.560,0.419,0.233,0.363,0.030,0.050,0.076,0.050,1.216,0.400,0.700,0.400,1.356,0.100,0.200,0.040,1.000,0.500,0.800,0.300,0.400
Tree,5371,8.929,2.284,0.549,0.412,0.229,0.493,0.030,0.050,0.089,0.060,1.586,0.400,0.700,0.400,1.495,0.100,0.200,0.040,1.000,0.500,0.800,0.300,0.400
Tree,5384,11.514,0.020,0.272,0.204,0.113,0.228,0.030,0.050,0.071,0.047,1.086,0.400,0.700,0.400,1.307,0.100,0.200,0.040,1.000,0.500,0.800,0.300,0.400
Tree,5382,15.373,1.389,0.551,0.414,0.230,0.413,0.030,0.050,0.084,0.056,1.449,0.400,0.700,0.400,1.443,0.100,0.200,0.040,1.000,0.500,0.800,0.300,0.400
Tree,5381,7.718,0.230,0.191,0.143,0.079,0.380,0.030,0.050,0.082,0.055,1.388,0.400,0.700,0.400,1.421,0.100,0.200,0.040,1.000,0.500,0.800,0.300,0.400
Tree,5379,8.784,2.699,0.586,0.439,0.244,0.499,0.030,0.050,0.090,0.060,1.597,0.400,0.700,0.400,1.499,0.100,0.200,0.040,1.000,0.500,0.800,0.300,0.400
Tree,5378,8.804,0.994,0.621,0.466,0.259,0.495,0.030,0.050,0.090,0.060,1.591,0.400,0.700,0.400,1.497,0.100,0.200,0.040,1.000,0.500,0.800,0.300,0.400
Tree,5377,6.112,0.000,0.777,0.582,0.324,0.498,0.030,0.050,0.090,0.060,1.595,0.400,0.700,0.400,1.498,0.100,0.200,0.040,1.000,0.500,0.800,0.300,0.400
Tree,5376,15.901,0.650,0.660,0.495,0.275,0.495,0.030,0.050,0.090,0.060,1.590,0.400,0.700,0.400,1.496,0.100,0.200,0.040,1.000,0.500,0.800,0.300,0.400
Tree,5375,10.933,2.034,0.575,0.431,0.239,0.496,0.030,0.050,0.090,0.060,1.590,0.400,0.700,0.400,1.496,0.100,0.200,0.040,1.000,0.500,0.800,0.300,0.400
Tree,5374,15.727,0.880,0.642,0.482,0.267,0.494,0.030,0.050,0.090,0.060,1.590,0.400,0.700,0.400,1.496,0.100,0.200,0.040,1.000,0.500,0.800,0.300,0.400
Tree,5373,7.493,0.001,0.681,0.511,0.284,0.480,0.030,0.050,0.088,0.059,1.556,0.400,0.700,0.400,1.484,0.100,0.200,0.040,1.000,0.500,0.800,0.300,0.400
Tree,5383,9.806,0.305,0.614,0.461,0.256,0.419,0.030,0.050,0.084,0.056,1.448,0.400,0.700,0.400,1.443,0.100,0.200,0.040,1.000,0.500,0.800,0.300,0.400
Tree,5349,15.014,0.806,0.456,0.342,0.190,0.287,0.030,0.050,0.075,0.050,1.193,0.400,0.700,0.400,1.347,0.100,0.200,0.040,1.000,0.500,0.800,0.300,0.400
Tree,5325,7.361,0.031,0.421,0.315,0.175,0.303,0.030,0.050,0.075,0.050,1.213,0.400,0.700,0.400,1.355,0.100,0.200,0.040,1.000,0.500,0.800,0.300,0.400
Tree,5347,2.935,0.276,0.462,0.347,0.193,0.485,0.030,0.050,0.089,0.059,1.563,0.400,0.700,0.400,1.486,0.100,0.200,0.040,1.000,0.500,0.800,0.300,0.400
Tree,5322,6.985,0.126,0.295,0.221,0.123,0.226,0.030,0.050,0.071,0.047,1.100,0.400,0.700,0.400,1.312,0.100,0.200,0.040,1.000,0.500,0.800,0.300,0.400
Tree,5321,5.807,0.565,0.439,0.329,0.183,0.357,0.030,0.050,0.080,0.053,1.333,0.400,0.700,0.400,1.400,0.100,0.200,0.040,1.000,0.500,0.800,0.300,0.400
Tree,5320,18.951,0.206,0.170,0.127,0.071,0.151,0.030,0.050,0.067,0.045,0.996,0.400,0.700,0.400,1.274,0.100,0.200,0.040,1.000,0.500,0.800,0.300,0.400
Tree,5319,16.181,0.034,0.166,0.125,0.069,0.140,0.030,0.050,0.066,0.044,0.968,0.400,0.700,0.400,1.263,0.100,0.200,0.040,1.000,0.500,0.800,0.300,0.400
Tree,5318,14.162,0.160,0.203,0.152,0.084,0.138,0.030,0.050,0.066,0.044,0.956,0.400,0.700,0.400,1.258,0.100,0.200,0.040,1.000,0.500,0.800,0.300,0.400
Tree,5317,11.791,0.099,0.168,0.126,0.070,0.109,0.030,0.050,0.064,0.043,0.910,0.400,0.700,0.400,1.241,0.100,0.200,0.040,1.000,0.500,0.800,0.300,0.400
Tree,5316,6.049,0.013,0.154,0.115,0.064,0.113,0.030,0.050,0.064,0.043,0.914,0.400,0.700,0.400,1.243,0.100,0.200,0.040,1.000,0.500,0.800,0.300,0.400
Tree,5315,25.317,0.557,0.208,0.156,0.087,0.199,0.030,0.050,0.070,0.047,1.060,0.400,0.700,0.400,1.298,0.100,0.200,0.040,1.000,0.500,0.800,0.300,0.400
Tree,5314,13.131,0.994,0.320,0.239,0.133,0.384,0.030,0.050,0.082,0.055,1.392,0.400,0.700,0.400,1.422,0.100,0.200,0.040,1.000,0.500,0.800,0.300,0.400
Tree,5323,7.067,0.158,0.460,0.345,0.192,0.400,0.030,0.050,0.083,0.055,1.415,0.400,0.700,0.400,1.431,0.100,0.200,0.040,1.000,0.500,0.800,0.300,0.400
Tree,5313,5.341,0.000,0.094,0.071,0.039,0.419,0.030,0.050,0.084,0.056,1.452,0.400,0.700,0.400,1.444,0.100,0.200,0.040,1.000,0.500,0.800,0.300,0.400
Tree,5311,0.003,0.035,0.750,0.563,0.313,0.414,0.030,0.050,0.085,0.056,1.460,0.400,0.700,0.400,1.447,0.100,0.200,0.040,1.000,0.500,0.800,0.300,0.400
Tree,5310,0.003,0.017,0.366,0.275,0.153,0.202,0.030,0.050,0.072,0.048,1.118,0.400,0.700,0.400,1.319,0.100,0.200,0.040,1.000,0.500,0.800,0.300,0.400
Tree,5309,0.003,0.026,0.552,0.414,0.230,0.306,0.030,0.050,0.078,0.052,1.286,0.400,0.700,0.400,1.382,0.100,0.200,0.040,1.000,0.500,0.800,0.300,0.400
Tree,5308,0.003,0.035,0.752,0.564,0.313,0.409,0.030,0.050,0.084,0.056,1.452,0.400,0.700,0.400,1.444,0.100,0.200,0.040,1.000,0.500,0.800,0.300,0.400
Tree,5307,0.003,0.037,0.789,0.592,0.329,0.436,0.030,0.050,0.086,0.057,1.496,0.400,0.700,0.400,1.461,0.100,0.200,0.040,1.000,0.500,0.800,0.300,0.400
Tree,5306,0.003,0.033,0.695,0.521,0.290,0.385,0.030,0.050,0.083,0.055,1.414,0.400,0.700,0.400,1.430,0.100,0.200,0.040,1.000,0.500,0.800,0.300,0.400
Tree,5393,1.492,4.400,0.665,0.499,0.277,0.490,0.030,0.050,0.089,0.059,1.574,0.400,0.700,0.400,1.490,0.100,0.200,0.040,1.000,0.500,0.800,0.300,0.400
Tree,5305,16.896,0.020,0.831,0.624,0.347,0.429,0.030,0.050,0.084,0.056,1.431,0.400,0.700,0.400,1.437,0.100,0.200,0.040,1.000,0.500,0.800,0.300,0.400
Tree,5304,14.591,0.035,0.803,0.603,0.335,0.441,0.030,0.050,0.085,0.057,1.464,0.400,0.700,0.400,1.449,0.100,0.200,0.040,1.000,0.500,0.800,0.300,0.400
Tree,5312,9.491,0.024,0.919,0.689,0.383,0.482,0.030,0.050,0.076,0.051,1.233,0.400,0.700,0.400,1.362,0.100,0.200,0.040,1.000,0.500,0.800,0.300,0.400
Tree,5348,5.638,1.232,0.432,0.324,0.180,0.422,0.030,0.050,0.084,0.056,1.436,0.400,0.700,0.400,1.439,0.100,0.200,0.040,1.000,0.500,0.800,0.300,0.400
Tree,5324,14.881,0.083,0.245,0.184,0.102,0.236,0.030,0.050,0.073,0.048,1.137,0.400,0.700,0.400,1.326,0.100,0.200,0.040,1.000,0.500,0.800,0.300,0.400
Tree,5326,10.705,0.033,0.277,0.207,0.115,0.187,0.030,0.050,0.068,0.045,1.016,0.400,0.700,0.400,1.281,0.100,0.200,0.040,1.000,0.500,0.800,0.300,0.400
Tree,5346,5.132,1.657,0.619,0.464,0.258,0.488,0.030,0.050,0.089,0.059,1.576,0.400,0.700,0.400,1.491,0.100,0.200,0.040,1.000,0.500,0.800,0.300,0.400
Tree,5345,9.077,0.479,0.608,0.456,0.253,0.360,0.030,0.050,0.079,0.053,1.304,0.400,0.700,0.400,1.389,0.100,0.200,0.040,1.000,0.500,0.800,0.300,0.400
Tree,5344,2.177,6.109,0.615,0.462,0.257,0.486,0.030,0.050,0.088,0.059,1.546,0.400,0.700,0.400,1.480,0.100,0.200,0.040,1.000,0.500,0.800,0.300,0.400
Tree,5343,11.947,3.310,0.406,0.305,0.169,0.403,0.030,0.050,0.081,0.054,1.367,0.400,0.700,0.400,1.412,0.100,0.200,0.040,1.000,0.500,0.800,0.300,0.400
Tree,5342,3.243,0.447,0.489,0.367,0.204,0.449,0.030,0.050,0.086,0.057,1.491,0.400,0.700,0.400,1.459,0.100,0.200,0.040,1.000,0.500,0.800,0.300,0.400
Tree,5341,5.961,1.816,0.598,0.449,0.250,0.488,0.030,0.050,0.089,0.059,1.574,0.400,0.700,0.400,1.490,0.100,0.200,0.040,1.000,0.500,0.800,0.300,0.400
Tree,5340,1.227,0.448,0.524,0.392,0.218,0.467,0.030,0.050,0.087,0.058,1.523,0.400,0.700,0.400,1.471,0.100,0.200,0.040,1.000,0.500,0.800,0.300,0.400
Tree,5339,3.898,2.714,0.577,0.432,0.240,0.493,0.030,0.050,0.089,0.060,1.583,0.400,0.700,0.400,1.494,0.100,0.200,0.040,1.000,0.500,0.800,0.300,0.400
Tree,5338,7.007,0.899,0.520,0.390,0.217,0.470,0.030,0.050,0.087,0.058,1.533,0.400,0.700,0.400,1.475,0.100,0.200,0.040,1.000,0.500,0.800,0.300,0.400
Tree,5303,16.138,0.029,0.858,0.643,0.357,0.453,0.030,0.050,0.086,0.057,1.490,0.400,0.700,0.400,1.459,0.100,0.200,0.040,1.000,0.500,0.800,0.300,0.400
Tree,5337,1.578,4.705,0.621,0.465,0.258,0.496,0.030,0.050,0.089,0.060,1.585,0.400,0.700,0.400,1.494,0.100,0.200,0.040,1.000,0.500,0.800,0.300,0.400
Tree,5335,8.797,1.389,0.416,0.312,0.174,0.450,0.030,0.050,0.085,0.057,1.471,0.400,0.700,0.400,1.451,0.100,0.200,0.040,1.000,0.500,0.800,0.300,0.400
Tree,5334,7.221,2.068,0.578,0.433,0.241,0.464,0.030,0.050,0.087,0.058,1.531,0.400,0.700,0.400,1.474,0.100,0.200,0.040,1.000,0.500,0.800,0.300,0.400
Tree,5333,6.327,3.183,0.603,0.453,0.251,0.489,0.030,0.050,0.089,0.059,1.576,0.400,0.700,0.400,1.491,0.100,0.200,0.040,1.000,0.500,0.800,0.300,0.400
Tree,5332,5.067,0.185,0.498,0.373,0.207,0.406,0.030,0.050,0.082,0.055,1.390,0.400,0.700,0.400,1.421,0.100,0.200,0.040,1.000,0.500,0.800,0.300,0.400
Tree,5331,10.072,0.619,0.288,0.216,0.120,0.258,0.030,0.050,0.074,0.049,1.170,0.400,0.700,0.400,1.339,0.100,0.200,0.040,1.000,0.500,0.800,0.300,0.400
Tree,5330,11.902,0.364,0.268,0.201,0.112,0.201,0.030,0.050,0.068,0.045,1.013,0.400,0.700,0.400,1.280,0.100,0.200,0.040,1.000,0.500,0.800,0.300,0.400
Tree,5329,7.539,0.115,0.293,0.220,0.122,0.233,0.030,0.050,0.071,0.048,1.101,0.400,0.700,0.400,1.313,0.100,0.200,0.040,1.000,0.500,0.800,0.300,0.400
Tree,5328,13.133,0.533,0.406,0.305,0.169,0.234,0.030,0.050,0.071,0.047,1.089,0.400,0.700,0.400,1.308,0.100,0.200,0.040,1.000,0.500,0.800,0.300,0.400
Tree,5327,13.877,0.157,0.250,0.187,0.104,0.197,0.030,0.050,0.069,0.046,1.053,0.400,0.700,0.400,1.295,0.100,0.200,0.040,1.000,0.500,0.800,0.300,0.400
Tree,5336,11.603,0.474,0.277,0.208,0.115,0.230,0.030,0.050,0.071,0.048,1.100,0.400,0.700,0.400,1.313,0.100,0.200,0.040,1.000,0.500,0.800,0.300,0.400
Tree,5394,16.617,0.464,0.254,0.191,0.106,0.234,0.030,0.050,0.073,0.048,1.134,0.400,0.700,0.400,1.325,0.100,0.200,0.040,1.000,0.500,0.800,0.300,0.400
Tree,5445,7.195,0.011,0.461,0.346,0.192,0.243,0.030,0.050,0.068,0.045,1.007,0.400,0.700,0.400,1.278,0.100,0.200,0.040,1.000,0.500,0.800,0.300,0.400
Tree,5396,11.077,0.056,0.609,0.457,0.253,0.482,0.030,0.050,0.089,0.059,1.567,0.400,0.700,0.400,1.488,0.100,0.200,0.040,1.000,0.500,0.800,0.300,0.400
Tree,5464,7.192,0.012,0.477,0.358,0.199,0.252,0.030,0.050,0.069,0.046,1.029,0.400,0.700,0.400,1.286,0.100,0.200,0.040,1.000,0.500,0.800,0.300,0.400
Tree,5463,8.287,0.002,0.330,0.248,0.137,0.167,0.030,0.050,0.061,0.041,0.833,0.400,0.700,0.400,1.212,0.100,0.200,0.040,1.000,0.500,0.800,0.300,0.400
Tree,5462,8.169,0.003,0.340,0.255,0.142,0.173,0.030,0.050,0.062,0.041,0.847,0.400,0.700,0.400,1.217,0.100,0.200,0.040,1.000,0.500,0.800,0.300,0.400
Tree,5461,7.061,0.013,0.489,0.366,0.203,0.258,0.030,0.050,0.069,0.046,1.043,0.400,0.700,0.400,1.291,0.100,0.200,0.040,1.000,0.500,0.800,0.300,0.400
Tree,5460,6.712,0.018,0.553,0.414,0.230,0.296,0.030,0.050,0.072,0.048,1.131,0.400,0.700,0.400,1.324,0.100,0.200,0.040,1.000,0.500,0.800,0.300,0.400
Tree,5459,7.507,0.009,0.435,0.327,0.182,0.227,0.030,0.050,0.066,0.044,0.971,0.400,0.700,0.400,1.264,0.100,0.200,0.040,1.000,0.500,0.800,0.300,0.400
Tree,5458,10.795,0.001,0.326,0.244,0.136,0.165,0.030,0.050,0.061,0.041,0.827,0.400,0.700,0.400,1.210,0.100,0.200,0.040,1.000,0.500,0.800,0.300,0.400
Tree,5457,6.652,0.021,0.610,0.457,0.254,0.326,0.030,0.050,0.075,0.050,1.198,0.400,0.700,0.400,1.349,0.100,0.200,0.040,1.000,0.500,0.800,0.300,0.400
Tree,5456,7.106,0.018,0.555,0.417,0.231,0.298,0.030,0.050,0.073,0.048,1.134,0.400,0.700,0.400,1.325,0.100,0.200,0.040,1.000,0.500,0.800,0.300,0.400
Tree,5455,8.720,0.004,0.361,0.271,0.150,0.186,0.030,0.050,0.063,0.042,0.875,0.400,0.700,0.400,1.228,0.100,0.200,0.040,1.000,0.500,0.800,0.300,0.400
Tree,5454,8.273,0.002,0.332,0.249,0.138,0.169,0.030,0.050,0.061,0.041,0.836,0.400,0.700,0.400,1.214,0.100,0.200,0.040,1.000,0.500,0.800,0.300,0.400
Tree,5453,0.010,0.005,0.012,0.009,0.005,0.253,0.030,0.050,0.075,0.050,1.200,0.400,0.700,0.400,1.350,0.100,0.200,0.040,1.000,0.500,0.800,0.300,0.400
Tree,5452,7.720,0.006,0.393,0.295,0.164,0.204,0.030,0.050,0.064,0.043,0.918,0.400,0.700,0.400,1.244,0.100,0.200,0.040,1.000,0.500,0.800,0.300,0.400
Tree,5451,7.168,0.013,0.487,0.365,0.203,0.258,0.030,0.050,0.069,0.046,1.042,0.400,0.700,0.400,1.291,0.100,0.200,0.040,1.000,0.500,0.800,0.300,0.400
Tree,5450,6.771,0.014,0.508,0.381,0.212,0.269,0.030,0.050,0.070,0.047,1.067,0.400,0.700,0.400,1.300,0.100,0.200,0.040,1.000,0.500,0.800,0.300,0.400
Tree,5449,6.100,0.024,0.641,0.480,0.267,0.346,0.030,0.050,0.077,0.051,1.246,0.400,0.700,0.400,1.367,0.100,0.200,0.040,1.000,0.500,0.800,0.300,0.400
Tree,5448,7.124,0.013,0.482,0.362,0.201,0.256,0.030,0.050,0.069,0.046,1.036,0.400,0.700,0.400,1.289,0.100,0.200,0.040,1.000,0.500,0.800,0.300,0.400
Tree,5447,7.233,0.012,0.466,0.350,0.194,0.246,0.030,0.050,0.068,0.045,1.014,0.400,0.700,0.400,1.280,0.100,0.200,0.040,1.000,0.500,0.800,0.300,0.400
Tree,5446,0.010,0.005,0.012,0.009,0.005,0.253,0.030,0.050,0.075,0.050,1.200,0.400,0.700,0.400,1.350,0.100,0.200,0.040,1.000,0.500,0.800,0.300,0.400
Tree,5465,13.245,0.002,0.334,0.251,0.139,0.170,0.030,0.050,0.061,0.041,0.839,0.400,0.700,0.400,1.215,0.100,0.200,0.040,1.000,0.500,0.800,0.300,0.400
Tree,5466,6.672,0.018,0.557,0.418,0.232,0.299,0.030,0.050,0.073,0.048,1.136,0.400,0.700,0.400,1.326,0.100,0.200,0.040,1.000,0.500,0.800,0.300,0.400
Tree,5467,6.503,0.026,0.669,0.501,0.279,0.361,0.030,0.050,0.078,0.052,1.280,0.400,0.700,0.400,1.380,0.100,0.200,0.040,1.000,0.500,0.800,0.300,0.400
Tree,5468,6.904,0.015,0.508,0.381,0.211,0.270,0.030,0.050,0.070,0.047,1.070,0.400,0.700,0.400,1.301,0.100,0.200,0.040,1.000,0.500,0.800,0.300,0.400
Tree,5487,8.095,0.003,0.347,0.260,0.144,0.177,0.030,0.050,0.062,0.041,0.856,0.400,0.700,0.400,1.221,0.100,0.200,0.040,1.000,0.500,0.800,0.300,0.400
Tree,5486,8.143,0.003,0.343,0.258,0.143,0.175,0.030,0.050,0.062,0.041,0.851,0.400,0.700,0.400,1.219,0.100,0.200,0.040,1.000,0.500,0.800,0.300,0.400
Tree,5302,13.825,0.037,0.816,0.611,0.339,0.451,0.030,0.050,0.086,0.057,1.488,0.400,0.700,0.400,1.458,0.100,0.200,0.040,1.000,0.500,0.800,0.300,0.400
Tree,5485,6.105,0.022,0.612,0.458,0.255,0.330,0.030,0.050,0.075,0.050,1.207,0.400,0.700,0.400,1.353,0.100,0.200,0.040,1.000,0.500,0.800,0.300,0.400
Tree,5484,7.754,0.007,0.401,0.300,0.167,0.208,0.030,0.050,0.065,0.043,0.926,0.400,0.700,0.400,1.247,0.100,0.200,0.040,1.000,0.500,0.800,0.300,0.400
Tree,5483,7.304,0.014,0.506,0.380,0.211,0.269,0.030,0.050,0.070,0.047,1.068,0.400,0.700,0.400,1.300,0.100,0.200,0.040,1.000,0.500,0.800,0.300,0.400
Tree,5482,6.215,0.036,0.809,0.607,0.337,0.444,0.030,0.050,0.085,0.057,1.472,0.400,0.700,0.400,1.452,0.100,0.200,0.040,1.000,0.500,0.800,0.300,0.400
Tree,5481,6.461,0.033,0.772,0.579,0.322,0.423,0.030,0.050,0.083,0.056,1.423,0.400,0.700,0.400,1.434,0.100,0.200,0.040,1.000,0.500,0.800,0.300,0.400
Tree,5480,7.149,0.018,0.555,0.416,0.231,0.295,0.030,0.050,0.072,0.048,1.126,0.400,0.700,0.400,1.322,0.100,0.200,0.040,1.000,0.500,0.800,0.300,0.400
Tree,5444,7.566,0.009,0.427,0.320,0.178,0.223,0.030,0.050,0.066,0.044,0.962,0.400,0.700,0.400,1.261,0.100,0.200,0.040,1.000,0.500,0.800,0.300,0.400
Tree,5479,6.095,0.020,0.585,0.439,0.244,0.315,0.030,0.050,0.074,0.049,1.173,0.400,0.700,0.400,1.340,0.100,0.200,0.040,1.000,0.500,0.800,0.300,0.400
Tree,5477,6.908,0.006,0.392,0.294,0.163,0.203,0.030,0.050,0.064,0.043,0.915,0.400,0.700,0.400,1.243,0.100,0.200,0.040,1.000,0.500,0.800,0.300,0.400
Tree,5476,7.969,0.005,0.377,0.283,0.157,0.195,0.030,0.050,0.064,0.042,0.896,0.400,0.700,0.400,1.236,0.100,0.200,0.040,1.000,0.500,0.800,0.300,0.400
Tree,5475,4.658,0.036,0.804,0.603,0.335,0.442,0.030,0.050,0.085,0.057,1.466,0.400,0.700,0.400,1.450,0.100,0.200,0.040,1.000,0.500,0.800,0.300,0.400
Tree,5474,6.428,0.037,0.827,0.620,0.344,0.455,0.030,0.050,0.086,0.057,1.495,0.400,0.700,0.400,1.461,0.100,0.200,0.040,1.000,0.500,0.800,0.300,0.400
Tree,5473,8.165,0.003,0.341,0.256,0.142,0.174,0.030,0.050,0.062,0.041,0.848,0.400,0.700,0.400,1.218,0.100,0.200,0.040,1.000,0.500,0.800,0.300,0.400
Tree,5472,8.329,0.002,0.328,0.246,0.136,0.166,0.030,0.050,0.061,0.041,0.830,0.400,0.700,0.400,1.211,0.100,0.200,0.040,1.000,0.500,0.800,0.300,0.400
Tree,5471,7.495,0.007,0.409,0.307,0.171,0.213,0.030,0.050,0.065,0.043,0.939,0.400,0.700,0.400,1.252,0.100,0.200,0.040,1.000,0.500,0.800,0.300,0.400
Tree,5470,8.077,0.004,0.361,0.271,0.151,0.186,0.030,0.050,0.063,0.042,0.875,0.400,0.700,0.400,1.228,0.100,0.200,0.040,1.000,0.500,0.800,0.300,0.400
Tree,5469,10.125,0.024,0.547,0.410,0.228,0.300,0.030,0.050,0.077,0.051,1.241,0.400,0.700,0.400,1.365,0.100,0.200,0.040,1.000,0.500,0.800,0.300,0.400
Tree,5478,6.533,0.024,0.638,0.478,0.265,0.345,0.030,0.050,0.077,0.051,1.243,0.400,0.700,0.400,1.366,0.100,0.200,0.040,1.000,0.500,0.800,0.300,0.400
Tree,5443,8.373,0.002,0.328,0.246,0.137,0.166,0.030,0.050,0.061,0.041,0.831,0.400,0.700,0.400,1.212,0.100,0.200,0.040,1.000,0.500,0.800,0.300,0.400
Tree,5442,7.808,0.006,0.390,0.293,0.162,0.202,0.030,0.050,0.064,0.043,0.913,0.400,0.700,0.400,1.242,0.100,0.200,0.040,1.000,0.500,0.800,0.300,0.400
Tree,5441,7.861,0.006,0.389,0.291,0.162,0.201,0.030,0.050,0.064,0.043,0.908,0.400,0.700,0.400,1.241,0.100,0.200,0.040,1.000,0.500,0.800,0.300,0.400
Tree,5416,17.469,1.850,0.331,0.248,0.138,0.334,0.030,0.050,0.078,0.052,1.277,0.400,0.700,0.400,1.379,0.100,0.200,0.040,1.000,0.500,0.800,0.300,0.400
Tree,5415,17.044,1.754,0.282,0.211,0.118,0.297,0.030,0.050,0.076,0.051,1.222,0.400,0.700,0.400,1.358,0.100,0.200,0.040,1.000,0.500,0.800,0.300,0.400
Tree,5414,22.375,0.433,0.468,0.351,0.195,0.353,0.030,0.050,0.079,0.052,1.295,0.400,0.700,0.400,1.386,0.100,0.200,0.040,1.000,0.500,0.800,0.300,0.400
Tree,5413,24.878,0.022,0.737,0.552,0.307,0.477,0.030,0.050,0.087,0.058,1.525,0.400,0.700,0.400,1.472,0.100,0.200,0.040,1.000,0.500,0.800,0.300,0.400
Tree,5412,5.863,0.307,0.550,0.411,0.229,0.490,0.030,0.050,0.089,0.059,1.577,0.400,0.700,0.400,1.491,0.100,0.200,0.040,1.000,0.500,0.800,0.300,0.400
Tree,5411,12.576,1.709,0.634,0.476,0.264,0.481,0.030,0.050,0.089,0.059,1.563,0.400,0.700,0.400,1.486,0.100,0.200,0.040,1.000,0.500,0.800,0.300,0.400
Tree,5410,12.530,0.020,0.753,0.565,0.313,0.445,0.030,0.050,0.086,0.057,1.492,0.400,0.700,0.400,1.460,0.100,0.200,0.040,1.000,0.500,0.800,0.300,0.400
Tree,5409,15.471,0.001,0.650,0.488,0.271,0.478,0.030,0.050,0.088,0.059,1.553,0.400,0.700,0.400,1.482,0.100,0.200,0.040,1.000,0.500,0.800,0.300,0.400
Tree,5408,11.859,0.041,0.873,0.655,0.364,0.482,0.030,0.050,0.089,0.059,1.565,0.400,0.700,0.400,1.487,0.100,0.200,0.040,1.000,0.500,0.800,0.300,0.400
Tree,5417,14.606,0.029,0.741,0.555,0.308,0.405,0.030,0.050,0.082,0.055,1.380,0.400,0.700,0.400,1.418,0.100,0.200,0.040,1.000,0.500,0.800,0.300,0.400
Tree,5407,8.386,0.034,0.829,0.622,0.345,0.457,0.030,0.050,0.087,0.058,1.515,0.400,0.700,0.400,1.468,0.100,0.200,0.040,1.000,0.500,0.800,0.300,0.400
Tree,5405,25.202,0.015,0.740,0.554,0.308,0.421,0.030,0.050,0.084,0.056,1.445,0.400,0.700,0.400,1.442,0.100,0.200,0.040,1.000,0.500,0.800,0.300,0.400
Tree,5404,25.694,0.023,0.807,0.606,0.337,0.475,0.030,0.050,0.086,0.057,1.489,0.400,0.700,0.400,1.458,0.100,0.200,0.040,1.000,0.500,0.800,0.300,0.400
Tree,5403,18.973,2.412,0.592,0.444,0.247,0.457,0.030,0.050,0.087,0.058,1.527,0.400,0.700,0.400,1.472,0.100,0.200,0.040,1.000,0.500,0.800,0.300,0.400
Tree,5402,11.061,0.000,0.692,0.519,0.288,0.483,0.030,0.050,0.089,0.059,1.571,0.400,0.700,0.400,1.489,0.100,0.200,0.040,1.000,0.500,0.800,0.300,0.400
Tree,5401,0.003,0.000,0.618,0.464,0.258,0.494,0.030,0.050,0.090,0.060,1.590,0.400,0.700,0.400,1.496,0.100,0.200,0.040,1.000,0.500,0.800,0.300,0.400
Tree,5400,33.521,0.010,0.764,0.573,0.318,0.460,0.030,0.050,0.084,0.056,1.440,0.400,0.700,0.400,1.440,0.100,0.200,0.040,1.000,0.500,0.800,0.300,0.400
Tree,5399,0.386,0.042,0.867,0.650,0.361,0.481,0.030,0.050,0.089,0.059,1.568,0.400,0.700,0.400,1.488,0.100,0.200,0.040,1.000,0.500,0.800,0.300,0.400
Tree,5398,15.999,0.022,0.784,0.588,0.327,0.465,0.030,0.050,0.088,0.058,1.537,0.400,0.700,0.400,1.476,0.100,0.200,0.040,1.000,0.500,0.800,0.300,0.400
Tree,5397,27.425,0.041,0.837,0.628,0.349,0.463,0.030,0.050,0.088,0.059,1.540,0.400,0.700,0.400,1.478,0.100,0.200,0.040,1.000,0.500,0.800,0.300,0.400
Tree,5406,9.893,1.879,0.597,0.448,0.249,0.480,0.030,0.050,0.089,0.059,1.565,0.400,0.700,0.400,1.487,0.100,0.200,0.040,1.000,0.500,0.800,0.300,0.400
Tree,5395,4.312,2.341,0.623,0.468,0.259,0.453,0.030,0.050,0.086,0.058,1.504,0.400,0.700,0.400,1.464,0.100,0.200,0.040,1.000,0.500,0.800,0.300,0.400
Tree,5418,7.132,0.032,0.738,0.554,0.308,0.474,0.030,0.050,0.086,0.057,1.493,0.400,0.700,0.400,1.460,0.100,0.200,0.040,1.000,0.500,0.800,0.300,0.400
Tree,5420,9.065,0.508,0.471,0.353,0.196,0.464,0.030,0.050,0.086,0.058,1.502,0.400,0.700,0.400,1.463,0.100,0.200,0.040,1.000,0.500,0.800,0.300,0.400
Tree,5440,5.084,0.036,0.814,0.611,0.339,0.447,0.030,0.050,0.085,0.057,1.479,0.400,0.700,0.400,1.454,0.100,0.200,0.040,1.000,0.500,0.800,0.300,0.400
Tree,5439,5.879,0.026,0.668,0.501,0.278,0.363,0.030,0.050,0.078,0.052,1.284,0.400,0.700,0.400,1.381,0.100,0.200,0.040,1.000,0.500,0.800,0.300,0.400
Tree,5438,7.404,0.017,0.495,0.371,0.206,0.266,0.030,0.050,0.072,0.048,1.116,0.400,0.700,0.400,1.318,0.100,0.200,0.040,1.000,0.500,0.800,0.300,0.400
Tree,5437,12.395,0.002,0.190,0.142,0.079,0.097,0.030,0.050,0.061,0.041,0.834,0.400,0.700,0.400,1.213,0.100,0.200,0.040,1.000,0.500,0.800,0.300,0.400
Tree,5436,6.901,0.028,0.668,0.501,0.279,0.364,0.030,0.050,0.079,0.053,1.320,0.400,0.700,0.400,1.395,0.100,0.200,0.040,1.000,0.500,0.800,0.300,0.400
Tree,5435,16.010,0.005,0.282,0.211,0.117,0.167,0.030,0.050,0.065,0.043,0.931,0.400,0.700,0.400,1.249,0.100,0.200,0.040,1.000,0.500,0.800,0.300,0.400
Tree,5434,7.349,0.018,0.475,0.356,0.198,0.257,0.030,0.050,0.072,0.048,1.128,0.400,0.700,0.400,1.323,0.100,0.200,0.040,1.000,0.500,0.800,0.300,0.400
Tree,5433,8.408,0.013,0.458,0.343,0.191,0.244,0.030,0.050,0.069,0.046,1.049,0.400,0.700,0.400,1.293,0.100,0.200,0.040,1.000,0.500,0.800,0.300,0.400
Tree,5432,9.204,0.022,0.583,0.438,0.243,0.316,0.030,0.050,0.076,0.050,1.215,0.400,0.700,0.400,1.356,0.100,0.200,0.040,1.000,0.500,0.800,0.300,0.400
Tree,5419,4.402,0.340,1.091,0.818,0.454,0.487,0.030,0.050,0.085,0.057,1.461,0.400,0.700,0.400,1.448,0.100,0.200,0.040,1.000,0.500,0.800,0.300,0.400
Tree,5431,9.679,0.007,0.368,0.276,0.154,0.201,0.030,0.050,0.065,0.044,0.943,0.400,0.700,0.400,1.254,0.100,0.200,0.040,1.000,0.500,0.800,0.300,0.400
Tree,5429,5.856,1.779,1.034,0.775,0.430,0.476,0.030,0.050,0.085,0.056,1.456,0.400,0.700,0.400,1.446,0.100,0.200,0.040,1.000,0.500,0.800,0.300,0.400
Tree,5428,7.394,0.044,0.898,0.674,0.374,0.420,0.030,0.050,0.077,0.051,1.251,0.400,0.700,0.400,1.369,0.100,0.200,0.040,1.000,0.500,0.800,0.300,0.400
Tree,5427,6.435,0.020,0.545,0.409,0.227,0.324,0.030,0.050,0.076,0.051,1.231,0.400,0.700,0.400,1.362,0.100,0.200,0.040,1.000,0.500,0.800,0.300,0.400
Tree,5426,10.618,0.222,0.567,0.425,0.236,0.427,0.030,0.050,0.084,0.056,1.450,0.400,0.700,0.400,1.444,0.100,0.200,0.040,1.000,0.500,0.800,0.300,0.400
Tree,5425,1.910,3.614,1.107,0.830,0.461,0.485,0.030,0.050,0.087,0.058,1.526,0.400,0.700,0.400,1.472,0.100,0.200,0.040,1.000,0.500,0.800,0.300,0.400
Tree,5424,10.897,0.631,0.583,0.438,0.244,0.455,0.030,0.050,0.087,0.058,1.515,0.400,0.700,0.400,1.468,0.100,0.200,0.040,1.000,0.500,0.800,0.300,0.400
Tree,5423,0.482,0.026,0.812,0.609,0.338,0.439,0.030,0.050,0.081,0.054,1.352,0.400,0.700,0.400,1.407,0.100,0.200,0.040,1.000,0.500,0.800,0.300,0.400
Tree,5422,12.595,0.020,0.603,0.452,0.251,0.424,0.030,0.050,0.083,0.056,1.424,0.400,0.700,0.400,1.434,0.100,0.200,0.040,1.000,0.500,0.800,0.300,0.400
Tree,5421,5.358,0.371,0.655,0.492,0.273,0.474,0.030,0.050,0.087,0.058,1.521,0.400,0.700,0.400,1.470,0.100,0.200,0.040,1.000,0.500,0.800,0.300,0.400
Tree,5430,0.003,0.032,0.714,0.535,0.297,0.392,0.030,0.050,0.083,0.055,1.404,0.400,0.700,0.400,1.427,0.100,0.200,0.040,1.000,0.500,0.800,0.300,0.400
Tree,5301,14.697,0.008,0.411,0.308,0.171,0.214,0.030,0.050,0.065,0.044,0.941,0.400,0.700,0.400,1.253,0.100,0.200,0.040,1.000,0.500,0.800,0.300,0.400
Tree,5195,16.489,0.033,0.830,0.622,0.346,0.455,0.030,0.050,0.086,0.057,1.496,0.400,0.700,0.400,1.461,0.100,0.200,0.040,1.000,0.500,0.800,0.300,0.400
Tree,5299,11.420,0.025,0.658,0.493,0.274,0.357,0.030,0.050,0.078,0.052,1.270,0.400,0.700,0.400,1.376,0.100,0.200,0.040,1.000,0.500,0.800,0.300,0.400
Tree,5176,14.297,1.352,0.462,0.346,0.192,0.380,0.030,0.050,0.080,0.053,1.333,0.400,0.700,0.400,1.400,0.100,0.200,0.040,1.000,0.500,0.800,0.300,0.400
Tree,5175,10.061,0.417,0.581,0.435,0.242,0.359,0.030,0.050,0.079,0.053,1.307,0.400,0.700,0.400,1.390,0.100,0.200,0.040,1.000,0.500,0.800,0.300,0.400
Tree,5174,4.305,0.023,0.418,0.314,0.174,0.249,0.030,0.050,0.074,0.049,1.178,0.400,0.700,0.400,1.342,0.100,0.200,0.040,1.000,0.500,0.800,0.300,0.400
Tree,5173,8.026,0.025,0.588,0.440,0.245,0.327,0.030,0.050,0.078,0.052,1.267,0.400,0.700,0.400,1.375,0.100,0.200,0.040,1.000,0.500,0.800,0.300,0.400
Tree,5172,13.488,0.002,0.276,0.207,0.115,0.140,0.030,0.050,0.062,0.041,0.847,0.400,0.700,0.400,1.218,0.100,0.200,0.040,1.000,0.500,0.800,0.300,0.400
Tree,5171,6.592,0.243,0.613,0.459,0.255,0.362,0.030,0.050,0.078,0.052,1.276,0.400,0.700,0.400,1.378,0.100,0.200,0.040,1.000,0.500,0.800,0.300,0.400
Tree,5170,13.630,0.015,0.510,0.383,0.212,0.272,0.030,0.050,0.070,0.047,1.073,0.400,0.700,0.400,1.302,0.100,0.200,0.040,1.000,0.500,0.800,0.300,0.400
Tree,5169,13.406,0.037,0.838,0.629,0.350,0.455,0.030,0.050,0.086,0.057,1.495,0.400,0.700,0.400,1.461,0.100,0.200,0.040,1.000,0.500,0.800,0.300,0.400
Tree,5168,16.580,1.322,0.577,0.433,0.240,0.461,0.030,0.050,0.087,0.058,1.516,0.400,0.700,0.400,1.469,0.100,0.200,0.040,1.000,0.500,0.800,0.300,0.400
Tree,5167,11.798,0.026,0.672,0.504,0.280,0.364,0.030,0.050,0.078,0.052,1.287,0.400,0.700,0.400,1.383,0.100,0.200,0.040,1.000,0.500,0.800,0.300,0.400
Tree,5166,12.037,0.026,0.668,0.500,0.278,0.361,0.030,0.050,0.078,0.052,1.278,0.400,0.700,0.400,1.379,0.100,0.200,0.040,1.000,0.500,0.800,0.300,0.400
Tree,5165,5.480,0.020,0.476,0.357,0.198,0.260,0.030,0.050,0.074,0.050,1.180,0.400,0.700,0.400,1.343,0.100,0.200,0.040,1.000,0.500,0.800,0.300,0.400
Tree,5164,5.632,0.018,0.429,0.321,0.178,0.231,0.030,0.050,0.072,0.048,1.126,0.400,0.700,0.400,1.322,0.100,0.200,0.040,1.000,0.500,0.800,0.300,0.400
Tree,5163,12.633,0.637,0.536,0.402,0.223,0.362,0.030,0.050,0.078,0.052,1.291,0.400,0.700,0.400,1.384,0.100,0.200,0.040,1.000,0.500,0.800,0.300,0.400
Tree,5162,16.463,1.063,0.482,0.362,0.201,0.378,0.030,0.050,0.080,0.054,1.344,0.400,0.700,0.400,1.404,0.100,0.200,0.040,1.000,0.500,0.800,0.300,0.400
Tree,5161,5.206,0.021,0.490,0.367,0.204,0.278,0.030,0.050,0.075,0.050,1.202,0.400,0.700,0.400,1.351,0.100,0.200,0.040,1.000,0.500,0.800,0.300,0.400
Tree,5160,10.132,0.021,0.444,0.333,0.185,0.245,0.030,0.050,0.074,0.050,1.183,0.400,0.700,0.400,1.344,0.100,0.200,0.040,1.000,0.500,0.800,0.300,0.400
Tree,5159,6.182,0.027,0.873,0.655,0.364,0.463,0.030,0.050,0.079,0.053,1.308,0.400,0.700,0.400,1.391,0.100,0.200,0.040,1.000,0.500,0.800,0.300,0.400
Tree,5158,7.164,0.023,0.543,0.407,0.226,0.305,0.030,0.050,0.076,0.050,1.219,0.400,0.700,0.400,1.357,0.100,0.200,0.040,1.000,0.500,0.800,0.300,0.400
Tree,5177,16.412,1.014,0.411,0.308,0.172,0.320,0.030,0.050,0.075,0.050,1.204,0.400,0.700,0.400,1.351,0.100,0.200,0.040,1.000,0.500,0.800,0.300,0.400
Tree,5179,0.000,0.000,0.000,0.000,0.000,0.000,0.000,0.000,0.000,0.000,0.000,0.000,0.000,0.000,0.000,0.000,0.000,0.000,0.000,0.000,0.000,0.000,0.000
Tree,5180,16.752,0.029,0.798,0.598,0.332,0.436,0.030,0.050,0.085,0.056,1.453,0.400,0.700,0.400,1.445,0.100,0.200,0.040,1.000,0.500,0.800,0.300,0.400
Tree,5181,15.769,0.034,0.865,0.649,0.361,0.462,0.030,0.050,0.087,0.058,1.512,0.400,0.700,0.400,1.467,0.100,0.200,0.040,1.000,0.500,0.800,0.300,0.400
Tree,5202,0.003,0.038,0.802,0.601,0.334,0.442,0.030,0.050,0.086,0.058,1.506,0.400,0.700,0.400,1.465,0.100,0.200,0.040,1.000,0.500,0.800,0.300,0.400
Tree,5201,2.221,0.026,0.631,0.473,0.263,0.343,0.030,0.050,0.078,0.052,1.278,0.400,0.700,0.400,1.379,0.100,0.200,0.040,1.000,0.500,0.800,0.300,0.400
Tree,5200,0.292,0.030,0.634,0.475,0.264,0.350,0.030,0.050,0.081,0.054,1.357,0.400,0.700,0.400,1.409,0.100,0.200,0.040,1.000,0.500,0.800,0.300,0.400
Tree,5199,20.067,0.626,0.592,0.445,0.247,0.438,0.030,0.050,0.085,0.057,1.469,0.400,0.700,0.400,1.451,0.100,0.200,0.040,1.000,0.500,0.800,0.300,0.400
Tree,5198,16.223,0.037,0.859,0.644,0.358,0.470,0.030,0.050,0.087,0.058,1.530,0.400,0.700,0.400,1.474,0.100,0.200,0.040,1.000,0.500,0.800,0.300,0.400
Tree,5197,16.389,0.038,0.855,0.641,0.356,0.469,0.030,0.050,0.087,0.058,1.528,0.400,0.700,0.400,1.473,0.100,0.200,0.040,1.000,0.500,0.800,0.300,0.400
Tree,5196,16.372,0.027,0.830,0.622,0.345,0.455,0.030,0.050,0.086,0.057,1.496,0.400,0.700,0.400,1.461,0.100,0.200,0.040,1.000,0.500,0.800,0.300,0.400
Tree,5194,17.132,0.002,0.505,0.379,0.211,0.269,0.030,0.050,0.070,0.047,1.067,0.400,0.700,0.400,1.300,0.100,0.200,0.040,1.000,0.500,0.800,0.300,0.400
Tree,5193,6.589,0.034,0.979,0.735,0.408,0.492,0.030,0.050,0.085,0.057,1.478,0.400,0.700,0.400,1.454,0.100,0.200,0.040,1.000,0.500,0.800,0.300,0.400
Tree,5157,4.534,0.024,0.739,0.555,0.308,0.412,0.030,0.050,0.076,0.051,1.238,0.400,0.700,0.400,1.364,0.100,0.200,0.040,1.000,0.500,0.800,0.300,0.400
Tree,5192,10.257,0.002,0.438,0.328,0.182,0.349,0.030,0.050,0.078,0.052,1.292,0.400,0.700,0.400,1.385,0.100,0.200,0.040,1.000,0.500,0.800,0.300,0.400
Tree,5190,16.618,0.029,0.792,0.594,0.330,0.434,0.030,0.050,0.084,0.056,1.447,0.400,0.700,0.400,1.443,0.100,0.200,0.040,1.000,0.500,0.800,0.300,0.400
Tree,5189,13.417,0.027,0.687,0.515,0.286,0.374,0.030,0.050,0.079,0.053,1.308,0.400,0.700,0.400,1.391,0.100,0.200,0.040,1.000,0.500,0.800,0.300,0.400
Tree,5188,13.680,0.024,0.639,0.479,0.266,0.346,0.030,0.050,0.077,0.051,1.245,0.400,0.700,0.400,1.367,0.100,0.200,0.040,1.000,0.500,0.800,0.300,0.400
Tree,5187,8.034,0.041,0.746,0.559,0.310,0.493,0.030,0.050,0.089,0.059,1.579,0.400,0.700,0.400,1.492,0.100,0.200,0.040,1.000,0.500,0.800,0.300,0.400
Tree,5186,2.973,0.045,0.891,0.668,0.372,0.478,0.030,0.050,0.087,0.058,1.511,0.400,0.700,0.400,1.466,0.100,0.200,0.040,1.000,0.500,0.800,0.300,0.400
Tree,5185,16.085,0.038,0.888,0.666,0.370,0.487,0.030,0.050,0.089,0.059,1.571,0.400,0.700,0.400,1.489,0.100,0.200,0.040,1.000,0.500,0.800,0.300,0.400
Tree,5184,16.713,0.023,0.732,0.548,0.305,0.399,0.030,0.050,0.081,0.054,1.366,0.400,0.700,0.400,1.412,0.100,0.200,0.040,1.000,0.500,0.800,0.300,0.400
Tree,5183,16.502,0.028,0.795,0.596,0.331,0.434,0.030,0.050,0.084,0.056,1.447,0.400,0.700,0.400,1.443,0.100,0.200,0.040,1.000,0.500,0.800,0.300,0.400
Tree,5182,16.762,0.013,0.671,0.503,0.279,0.363,0.030,0.050,0.078,0.052,1.285,0.400,0.700,0.400,1.382,0.100,0.200,0.040,1.000,0.500,0.800,0.300,0.400
Tree,5191,19.949,0.658,0.629,0.472,0.262,0.441,0.030,0.050,0.086,0.057,1.481,0.400,0.700,0.400,1.456,0.100,0.200,0.040,1.000,0.500,0.800,0.300,0.400
Tree,5156,13.767,0.028,0.701,0.526,0.293,0.380,0.030,0.050,0.080,0.053,1.324,0.400,0.700,0.400,1.397,0.100,0.200,0.040,1.000,0.500,0.800,0.300,0.400
Tree,5155,15.912,0.035,0.904,0.678,0.376,0.482,0.030,0.050,0.088,0.059,1.557,0.400,0.700,0.400,1.484,0.100,0.200,0.040,1.000,0.500,0.800,0.300,0.400
Tree,5154,16.628,0.022,0.801,0.601,0.334,0.418,0.030,0.050,0.083,0.055,1.407,0.400,0.700,0.400,1.428,0.100,0.200,0.040,1.000,0.500,0.800,0.300,0.400
Tree,5129,10.871,0.032,0.756,0.567,0.315,0.414,0.030,0.050,0.083,0.055,1.402,0.400,0.700,0.400,1.426,0.100,0.200,0.040,1.000,0.500,0.800,0.300,0.400
Tree,5128,5.311,0.020,0.447,0.335,0.186,0.247,0.030,0.050,0.074,0.049,1.179,0.400,0.700,0.400,1.342,0.100,0.200,0.040,1.000,0.500,0.800,0.300,0.400
Tree,5127,14.105,0.024,0.563,0.422,0.235,0.307,0.030,0.050,0.077,0.051,1.248,0.400,0.700,0.400,1.368,0.100,0.200,0.040,1.000,0.500,0.800,0.300,0.400
Tree,5126,4.427,0.017,0.398,0.299,0.166,0.221,0.030,0.050,0.072,0.048,1.125,0.400,0.700,0.400,1.322,0.100,0.200,0.040,1.000,0.500,0.800,0.300,0.400
Tree,5125,0.010,0.005,0.012,0.009,0.005,0.253,0.030,0.050,0.075,0.050,1.200,0.400,0.700,0.400,1.350,0.100,0.200,0.040,1.000,0.500,0.800,0.300,0.400
Tree,5124,4.710,0.032,1.003,0.753,0.418,0.545,0.030,0.050,0.083,0.055,1.401,0.400,0.700,0.400,1.425,0.100,0.200,0.040,1.000,0.500,0.800,0.300,0.400
Tree,5123,7.479,0.019,0.429,0.322,0.179,0.241,0.030,0.050,0.073,0.049,1.155,0.400,0.700,0.400,1.333,0.100,0.200,0.040,1.000,0.500,0.800,0.300,0.400
Tree,5122,6.640,0.017,0.469,0.351,0.195,0.249,0.030,0.050,0.072,0.048,1.126,0.400,0.700,0.400,1.322,0.100,0.200,0.040,1.000,0.500,0.800,0.300,0.400
Tree,5121,12.157,0.030,0.728,0.546,0.303,0.397,0.030,0.050,0.081,0.054,1.364,0.400,0.700,0.400,1.411,0.100,0.200,0.040,1.000,0.500,0.800,0.300,0.400
Tree,5130,11.463,0.016,0.381,0.286,0.159,0.209,0.030,0.050,0.071,0.047,1.099,0.400,0.700,0.400,1.312,0.100,0.200,0.040,1.000,0.500,0.800,0.300,0.400
Tree,5120,0.010,0.005,0.012,0.009,0.005,0.253,0.030,0.050,0.075,0.050,1.200,0.400,0.700,0.400,1.350,0.100,0.200,0.040,1.000,0.500,0.800,0.300,0.400
Tree,5118,14.325,0.003,0.227,0.171,0.094,0.116,0.030,0.050,0.062,0.041,0.847,0.400,0.700,0.400,1.218,0.100,0.200,0.040,1.000,0.500,0.800,0.300,0.400
Tree,5117,5.281,0.021,0.480,0.361,0.200,0.264,0.030,0.050,0.075,0.050,1.193,0.400,0.700,0.400,1.347,0.100,0.200,0.040,1.000,0.500,0.800,0.300,0.400
Tree,5116,3.346,0.041,0.882,0.662,0.367,0.487,0.030,0.050,0.089,0.059,1.569,0.400,0.700,0.400,1.488,0.100,0.200,0.040,1.000,0.500,0.800,0.300,0.400
Tree,5115,7.876,0.002,0.315,0.235,0.131,0.159,0.030,0.050,0.062,0.041,0.845,0.400,0.700,0.400,1.217,0.100,0.200,0.040,1.000,0.500,0.800,0.300,0.400
Tree,5114,2.764,0.027,0.593,0.445,0.247,0.331,0.030,0.050,0.079,0.053,1.302,0.400,0.700,0.400,1.388,0.100,0.200,0.040,1.000,0.500,0.800,0.300,0.400
Tree,5113,8.113,0.002,0.331,0.248,0.137,0.168,0.030,0.050,0.062,0.041,0.845,0.400,0.700,0.400,1.217,0.100,0.200,0.040,1.000,0.500,0.800,0.300,0.400
Tree,5112,6.212,0.035,0.794,0.596,0.331,0.435,0.030,0.050,0.084,0.056,1.451,0.400,0.700,0.400,1.444,0.100,0.200,0.040,1.000,0.500,0.800,0.300,0.400
Tree,5488,7.670,0.006,0.388,0.292,0.162,0.201,0.030,0.050,0.064,0.043,0.911,0.400,0.700,0.400,1.242,0.100,0.200,0.040,1.000,0.500,0.800,0.300,0.400
Tree,5111,4.820,0.039,0.850,0.638,0.354,0.468,0.030,0.050,0.087,0.058,1.527,0.400,0.700,0.400,1.472,0.100,0.200,0.040,1.000,0.500,0.800,0.300,0.400
Tree,5119,6.355,0.021,0.598,0.449,0.249,0.322,0.030,0.050,0.075,0.050,1.190,0.400,0.700,0.400,1.346,0.100,0.200,0.040,1.000,0.500,0.800,0.300,0.400
Tree,5203,0.003,0.028,0.600,0.450,0.250,0.331,0.030,0.050,0.080,0.053,1.326,0.400,0.700,0.400,1.397,0.100,0.200,0.040,1.000,0.500,0.800,0.300,0.400
Tree,5131,3.698,0.033,0.861,0.647,0.359,0.463,0.030,0.050,0.085,0.056,1.457,0.400,0.700,0.400,1.446,0.100,0.200,0.040,1.000,0.500,0.800,0.300,0.400
Tree,5133,2.046,0.029,0.902,0.676,0.376,0.500,0.030,0.050,0.082,0.055,1.391,0.400,0.700,0.400,1.422,0.100,0.200,0.040,1.000,0.500,0.800,0.300,0.400
Tree,5153,8.711,0.036,0.844,0.633,0.351,0.495,0.030,0.050,0.087,0.058,1.524,0.400,0.700,0.400,1.471,0.100,0.200,0.040,1.000,0.500,0.800,0.300,0.400
Tree,5152,4.438,0.025,0.788,0.591,0.329,0.388,0.030,0.050,0.076,0.051,1.231,0.400,0.700,0.400,1.362,0.100,0.200,0.040,1.000,0.500,0.800,0.300,0.400
Tree,5151,0.010,0.005,0.012,0.009,0.005,0.253,0.030,0.050,0.075,0.050,1.200,0.400,0.700,0.400,1.350,0.100,0.200,0.040,1.000,0.500,0.800,0.300,0.400
Tree,5150,0.010,0.005,0.012,0.009,0.005,0.253,0.030,0.050,0.075,0.050,1.200,0.400,0.700,0.400,1.350,0.100,0.200,0.040,1.000,0.500,0.800,0.300,0.400
Tree,5149,16.418,0.022,0.755,0.566,0.314,0.412,0.030,0.050,0.082,0.055,1.397,0.400,0.700,0.400,1.424,0.100,0.200,0.040,1.000,0.500,0.800,0.300,0.400
Tree,5148,7.905,0.027,0.655,0.491,0.272,0.354,0.030,0.050,0.079,0.053,1.304,0.400,0.700,0.400,1.389,0.100,0.200,0.040,1.000,0.500,0.800,0.300,0.400
Tree,5147,4.661,0.028,0.886,0.665,0.369,0.484,0.030,0.050,0.077,0.051,1.246,0.400,0.700,0.400,1.367,0.100,0.200,0.040,1.000,0.500,0.800,0.300,0.400
Tree,5146,5.979,0.019,0.439,0.330,0.183,0.245,0.030,0.050,0.073,0.049,1.148,0.400,0.700,0.400,1.330,0.100,0.200,0.040,1.000,0.500,0.800,0.300,0.400
Tree,5145,6.710,0.015,0.370,0.277,0.154,0.202,0.030,0.050,0.070,0.047,1.073,0.400,0.700,0.400,1.302,0.100,0.200,0.040,1.000,0.500,0.800,0.300,0.400
Tree,5132,13.908,0.037,0.831,0.623,0.346,0.449,0.030,0.050,0.086,0.057,1.482,0.400,0.700,0.400,1.456,0.100,0.200,0.040,1.000,0.500,0.800,0.300,0.400
Tree,5144,11.143,0.034,0.761,0.570,0.317,0.415,0.030,0.050,0.084,0.056,1.439,0.400,0.700,0.400,1.439,0.100,0.200,0.040,1.000,0.500,0.800,0.300,0.400
Tree,5142,0.010,0.005,0.012,0.009,0.005,0.253,0.030,0.050,0.075,0.050,1.200,0.400,0.700,0.400,1.350,0.100,0.200,0.040,1.000,0.500,0.800,0.300,0.400
Tree,5141,5.562,0.024,0.585,0.439,0.244,0.321,0.030,0.050,0.077,0.051,1.249,0.400,0.700,0.400,1.369,0.100,0.200,0.040,1.000,0.500,0.800,0.300,0.400
Tree,5140,6.691,0.013,0.348,0.261,0.145,0.190,0.030,0.050,0.069,0.046,1.044,0.400,0.700,0.400,1.291,0.100,0.200,0.040,1.000,0.500,0.800,0.300,0.400
Tree,5139,5.507,0.041,0.866,0.650,0.361,0.477,0.030,0.050,0.083,0.055,1.412,0.400,0.700,0.400,1.430,0.100,0.200,0.040,1.000,0.500,0.800,0.300,0.400
Tree,5138,2.769,0.027,0.900,0.675,0.376,0.486,0.030,0.050,0.079,0.053,1.316,0.400,0.700,0.400,1.393,0.100,0.200,0.040,1.000,0.500,0.800,0.300,0.400
Tree,5137,1.872,0.034,0.942,0.708,0.392,0.508,0.030,0.050,0.086,0.057,1.490,0.400,0.700,0.400,1.459,0.100,0.200,0.040,1.000,0.500,0.800,0.300,0.400
Tree,5136,5.322,0.028,0.607,0.455,0.253,0.333,0.030,0.050,0.079,0.053,1.313,0.400,0.700,0.400,1.392,0.100,0.200,0.040,1.000,0.500,0.800,0.300,0.400
Tree,5135,13.032,0.032,0.771,0.578,0.321,0.413,0.030,0.050,0.083,0.055,1.419,0.400,0.700,0.400,1.432,0.100,0.200,0.040,1.000,0.500,0.800,0.300,0.400
Tree,5134,10.656,0.017,0.457,0.343,0.191,0.247,0.030,0.050,0.072,0.048,1.110,0.400,0.700,0.400,1.316,0.100,0.200,0.040,1.000,0.500,0.800,0.300,0.400
Tree,5143,2.643,0.015,0.379,0.284,0.158,0.290,0.030,0.050,0.076,0.050,1.216,0.400,0.700,0.400,1.356,0.100,0.200,0.040,1.000,0.500,0.800,0.300,0.400
Tree,5204,6.966,0.048,0.442,0.331,0.184,0.242,0.030,0.050,0.073,0.048,1.138,0.400,0.700,0.400,1.327,0.100,0.200,0.040,1.000,0.500,0.800,0.300,0.400
Tree,5205,13.877,0.010,0.449,0.337,0.187,0.237,0.030,0.050,0.067,0.045,0.993,0.400,0.700,0.400,1.272,0.100,0.200,0.040,1.000,0.500,0.800,0.300,0.400
Tree,5206,15.790,0.004,0.367,0.274,0.152,0.188,0.030,0.050,0.063,0.042,0.881,0.400,0.700,0.400,1.230,0.100,0.200,0.040,1.000,0.500,0.800,0.300,0.400
Tree,5274,8.592,0.028,0.700,0.526,0.292,0.382,0.030,0.050,0.080,0.053,1.327,0.400,0.700,0.400,1.398,0.100,0.200,0.040,1.000,0.500,0.800,0.300,0.400
Tree,5273,9.426,0.035,0.794,0.596,0.331,0.436,0.030,0.050,0.084,0.056,1.451,0.400,0.700,0.400,1.444,0.100,0.200,0.040,1.000,0.500,0.800,0.300,0.400
Tree,5272,8.119,0.035,0.790,0.593,0.329,0.434,0.030,0.050,0.084,0.056,1.447,0.400,0.700,0.400,1.443,0.100,0.200,0.040,1.000,0.500,0.800,0.300,0.400
Tree,5271,11.995,0.034,0.776,0.582,0.324,0.426,0.030,0.050,0.084,0.056,1.429,0.400,0.700,0.400,1.436,0.100,0.200,0.040,1.000,0.500,0.800,0.300,0.400
Tree,5270,11.440,0.041,0.872,0.654,0.363,0.481,0.030,0.050,0.088,0.059,1.556,0.400,0.700,0.400,1.483,0.100,0.200,0.040,1.000,0.500,0.800,0.300,0.400
Tree,5269,11.816,0.033,0.770,0.577,0.321,0.420,0.030,0.050,0.083,0.055,1.416,0.400,0.700,0.400,1.431,0.100,0.200,0.040,1.000,0.500,0.800,0.300,0.400
Tree,5268,12.743,0.015,0.513,0.385,0.214,0.272,0.030,0.050,0.070,0.047,1.075,0.400,0.700,0.400,1.303,0.100,0.200,0.040,1.000,0.500,0.800,0.300,0.400
Tree,5267,13.452,0.035,0.798,0.598,0.332,0.438,0.030,0.050,0.085,0.056,1.456,0.400,0.700,0.400,1.446,0.100,0.200,0.040,1.000,0.500,0.800,0.300,0.400
Tree,5266,14.877,0.008,0.414,0.310,0.172,0.216,0.030,0.050,0.065,0.044,0.945,0.400,0.700,0.400,1.254,0.100,0.200,0.040,1.000,0.500,0.800,0.300,0.400
Tree,5275,8.358,0.032,0.756,0.567,0.315,0.414,0.030,0.050,0.083,0.055,1.401,0.400,0.700,0.400,1.425,0.100,0.200,0.040,1.000,0.500,0.800,0.300,0.400
Tree,5265,9.885,0.025,0.651,0.488,0.271,0.353,0.030,0.050,0.077,0.052,1.261,0.400,0.700,0.400,1.373,0.100,0.200,0.040,1.000,0.500,0.800,0.300,0.400
Tree,5263,8.985,0.027,0.686,0.514,0.285,0.373,0.030,0.050,0.079,0.053,1.307,0.400,0.700,0.400,1.390,0.100,0.200,0.040,1.000,0.500,0.800,0.300,0.400
Tree,5262,9.370,0.029,0.714,0.535,0.297,0.389,0.030,0.050,0.080,0.054,1.344,0.400,0.700,0.400,1.404,0.100,0.200,0.040,1.000,0.500,0.800,0.300,0.400
Tree,5261,13.465,0.012,0.473,0.355,0.197,0.250,0.030,0.050,0.068,0.046,1.024,0.400,0.700,0.400,1.284,0.100,0.200,0.040,1.000,0.500,0.800,0.300,0.400
Tree,5260,12.841,0.015,0.508,0.381,0.212,0.270,0.030,0.050,0.070,0.047,1.071,0.400,0.700,0.400,1.301,0.100,0.200,0.040,1.000,0.500,0.800,0.300,0.400
Tree,5259,9.458,0.027,0.686,0.514,0.286,0.373,0.030,0.050,0.079,0.053,1.307,0.400,0.700,0.400,1.390,0.100,0.200,0.040,1.000,0.500,0.800,0.300,0.400
Tree,5258,13.822,0.011,0.464,0.348,0.193,0.245,0.030,0.050,0.068,0.045,1.011,0.400,0.700,0.400,1.279,0.100,0.200,0.040,1.000,0.500,0.800,0.300,0.400
Tree,5257,14.057,0.010,0.440,0.330,0.183,0.231,0.030,0.050,0.067,0.045,0.980,0.400,0.700,0.400,1.268,0.100,0.200,0.040,1.000,0.500,0.800,0.300,0.400
Tree,5256,13.065,0.016,0.526,0.394,0.219,0.280,0.030,0.050,0.071,0.047,1.093,0.400,0.700,0.400,1.310,0.100,0.200,0.040,1.000,0.500,0.800,0.300,0.400
Tree,5255,12.408,0.020,0.585,0.438,0.244,0.313,0.030,0.050,0.074,0.049,1.167,0.400,0.700,0.400,1.338,0.100,0.200,0.040,1.000,0.500,0.800,0.300,0.400
Tree,5264,7.837,0.029,0.706,0.529,0.294,0.385,0.030,0.050,0.080,0.053,1.334,0.400,0.700,0.400,1.400,0.100,0.200,0.040,1.000,0.500,0.800,0.300,0.400
Tree,5254,8.046,0.037,0.824,0.619,0.344,0.453,0.030,0.050,0.086,0.057,1.491,0.400,0.700,0.400,1.459,0.100,0.200,0.040,1.000,0.500,0.800,0.300,0.400
Tree,5276,10.237,0.026,0.672,0.504,0.280,0.365,0.030,0.050,0.078,0.052,1.288,0.400,0.700,0.400,1.383,0.100,0.200,0.040,1.000,0.500,0.800,0.300,0.400
Tree,5278,11.980,0.031,0.740,0.555,0.309,0.400,0.030,0.050,0.081,0.054,1.368,0.400,0.700,0.400,1.413,0.100,0.200,0.040,1.000,0.500,0.800,0.300,0.400
Tree,5298,9.475,0.033,0.788,0.591,0.328,0.423,0.030,0.050,0.083,0.056,1.421,0.400,0.700,0.400,1.433,0.100,0.200,0.040,1.000,0.500,0.800,0.300,0.400
Tree,5297,5.904,0.036,0.806,0.605,0.336,0.443,0.030,0.050,0.085,0.057,1.468,0.400,0.700,0.400,1.451,0.100,0.200,0.040,1.000,0.500,0.800,0.300,0.400
Tree,5296,9.027,0.033,0.773,0.580,0.322,0.422,0.030,0.050,0.083,0.056,1.420,0.400,0.700,0.400,1.433,0.100,0.200,0.040,1.000,0.500,0.800,0.300,0.400
Tree,5295,13.165,0.012,0.466,0.350,0.194,0.246,0.030,0.050,0.068,0.045,1.015,0.400,0.700,0.400,1.280,0.100,0.200,0.040,1.000,0.500,0.800,0.300,0.400
Tree,5294,10.945,0.019,0.576,0.432,0.240,0.309,0.030,0.050,0.074,0.049,1.160,0.400,0.700,0.400,1.335,0.100,0.200,0.040,1.000,0.500,0.800,0.300,0.400
Tree,5293,7.424,0.028,0.703,0.527,0.293,0.383,0.030,0.050,0.080,0.053,1.330,0.400,0.700,0.400,1.399,0.100,0.200,0.040,1.000,0.500,0.800,0.300,0.400
Tree,5292,11.754,0.017,0.540,0.405,0.225,0.289,0.030,0.050,0.072,0.048,1.114,0.400,0.700,0.400,1.318,0.100,0.200,0.040,1.000,0.500,0.800,0.300,0.400
Tree,5291,11.226,0.019,0.569,0.427,0.237,0.306,0.030,0.050,0.073,0.049,1.152,0.400,0.700,0.400,1.332,0.100,0.200,0.040,1.000,0.500,0.800,0.300,0.400
Tree,5290,9.911,0.030,0.732,0.549,0.305,0.396,0.030,0.050,0.081,0.054,1.360,0.400,0.700,0.400,1.410,0.100,0.200,0.040,1.000,0.500,0.800,0.300,0.400
Tree,5277,8.454,0.031,0.738,0.553,0.307,0.403,0.030,0.050,0.082,0.054,1.377,0.400,0.700,0.400,1.416,0.100,0.200,0.040,1.000,0.500,0.800,0.300,0.400
Tree,5289,10.760,0.025,0.656,0.493,0.273,0.356,0.030,0.050,0.078,0.052,1.268,0.400,0.700,0.400,1.376,0.100,0.200,0.040,1.000,0.500,0.800,0.300,0.400
Tree,5287,11.979,0.018,0.554,0.415,0.230,0.296,0.030,0.050,0.072,0.048,1.130,0.400,0.700,0.400,1.324,0.100,0.200,0.040,1.000,0.500,0.800,0.300,0.400
Tree,5286,10.701,0.030,0.725,0.544,0.302,0.396,0.030,0.050,0.081,0.054,1.360,0.400,0.700,0.400,1.410,0.100,0.200,0.040,1.000,0.500,0.800,0.300,0.400
Tree,5285,11.214,0.029,0.708,0.531,0.295,0.386,0.030,0.050,0.080,0.053,1.336,0.400,0.700,0.400,1.401,0.100,0.200,0.040,1.000,0.500,0.800,0.300,0.400
Tree,5284,11.953,0.031,0.737,0.552,0.307,0.404,0.030,0.050,0.082,0.054,1.379,0.400,0.700,0.400,1.417,0.100,0.200,0.040,1.000,0.500,0.800,0.300,0.400
Tree,5283,12.646,0.037,0.805,0.604,0.336,0.444,0.030,0.050,0.085,0.057,1.471,0.400,0.700,0.400,1.451,0.100,0.200,0.040,1.000,0.500,0.800,0.300,0.400
Tree,5282,13.622,0.022,0.621,0.465,0.259,0.334,0.030,0.050,0.076,0.050,1.216,0.400,0.700,0.400,1.356,0.100,0.200,0.040,1.000,0.500,0.800,0.300,0.400
Tree,5281,11.447,0.036,0.804,0.602,0.334,0.441,0.030,0.050,0.085,0.057,1.464,0.400,0.700,0.400,1.449,0.100,0.200,0.040,1.000,0.500,0.800,0.300,0.400
Tree,5280,10.504,0.034,0.782,0.587,0.326,0.429,0.030,0.050,0.084,0.056,1.438,0.400,0.700,0.400,1.439,0.100,0.200,0.040,1.000,0.500,0.800,0.300,0.400
Tree,5279,10.778,0.028,0.704,0.529,0.294,0.382,0.030,0.050,0.080,0.053,1.328,0.400,0.700,0.400,1.398,0.100,0.200,0.040,1.000,0.500,0.800,0.300,0.400
Tree,5288,13.462,0.014,0.499,0.374,0.208,0.265,0.030,0.050,0.070,0.046,1.058,0.400,0.700,0.400,1.297,0.100,0.200,0.040,1.000,0.500,0.800,0.300,0.400
Tree,5300,16.366,0.029,0.833,0.625,0.347,0.457,0.030,0.050,0.086,0.058,1.501,0.400,0.700,0.400,1.463,0.100,0.200,0.040,1.000,0.500,0.800,0.300,0.400
Tree,5253,0.010,0.005,0.012,0.009,0.005,0.253,0.030,0.050,0.075,0.050,1.200,0.400,0.700,0.400,1.350,0.100,0.200,0.040,1.000,0.500,0.800,0.300,0.400
Tree,5251,12.422,0.015,0.521,0.391,0.217,0.278,0.030,0.050,0.071,0.047,1.088,0.400,0.700,0.400,1.308,0.100,0.200,0.040,1.000,0.500,0.800,0.300,0.400
Tree,5226,15.428,0.005,0.380,0.285,0.158,0.196,0.030,0.050,0.064,0.042,0.899,0.400,0.700,0.400,1.237,0.100,0.200,0.040,1.000,0.500,0.800,0.300,0.400
Tree,5225,13.926,0.011,0.453,0.340,0.189,0.239,0.030,0.050,0.067,0.045,0.997,0.400,0.700,0.400,1.274,0.100,0.200,0.040,1.000,0.500,0.800,0.300,0.400
Tree,5224,12.905,0.030,0.722,0.542,0.301,0.394,0.030,0.050,0.081,0.054,1.355,0.400,0.700,0.400,1.408,0.100,0.200,0.040,1.000,0.500,0.800,0.300,0.400
Tree,5223,12.636,0.015,0.517,0.387,0.215,0.275,0.030,0.050,0.071,0.047,1.082,0.400,0.700,0.400,1.306,0.100,0.200,0.040,1.000,0.500,0.800,0.300,0.400
Tree,5222,8.302,0.250,0.528,0.396,0.220,0.452,0.030,0.050,0.086,0.057,1.499,0.400,0.700,0.400,1.462,0.100,0.200,0.040,1.000,0.500,0.800,0.300,0.400
Tree,5221,12.968,0.018,0.561,0.420,0.234,0.299,0.030,0.050,0.073,0.048,1.136,0.400,0.700,0.400,1.326,0.100,0.200,0.040,1.000,0.500,0.800,0.300,0.400
Tree,5220,12.305,0.033,0.765,0.574,0.319,0.419,0.030,0.050,0.083,0.055,1.413,0.400,0.700,0.400,1.430,0.100,0.200,0.040,1.000,0.500,0.800,0.300,0.400
Tree,5219,10.723,0.024,0.641,0.481,0.267,0.347,0.030,0.050,0.077,0.051,1.246,0.400,0.700,0.400,1.367,0.100,0.200,0.040,1.000,0.500,0.800,0.300,0.400
Tree,5218,10.656,0.025,0.652,0.489,0.271,0.353,0.030,0.050,0.077,0.052,1.260,0.400,0.700,0.400,1.373,0.100,0.200,0.040,1.000,0.500,0.800,0.300,0.400
Tree,5227,11.811,0.019,0.577,0.433,0.240,0.310,0.030,0.050,0.074,0.049,1.162,0.400,0.700,0.400,1.336,0.100,0.200,0.040,1.000,0.500,0.800,0.300,0.400
Tree,5217,11.236,0.029,0.712,0.535,0.297,0.387,0.030,0.050,0.080,0.054,1.340,0.400,0.700,0.400,1.403,0.100,0.200,0.040,1.000,0.500,0.800,0.300,0.400
Tree,5215,11.813,0.025,0.662,0.497,0.275,0.356,0.030,0.050,0.078,0.052,1.268,0.400,0.700,0.400,1.375,0.100,0.200,0.040,1.000,0.500,0.800,0.300,0.400
Tree,5214,9.550,0.032,0.753,0.565,0.314,0.412,0.030,0.050,0.082,0.055,1.397,0.400,0.700,0.400,1.424,0.100,0.200,0.040,1.000,0.500,0.800,0.300,0.400
Tree,5213,14.392,0.009,0.424,0.318,0.176,0.222,0.030,0.050,0.066,0.044,0.958,0.400,0.700,0.400,1.259,0.100,0.200,0.040,1.000,0.500,0.800,0.300,0.400
Tree,5212,9.589,0.034,0.774,0.581,0.323,0.424,0.030,0.050,0.083,0.056,1.424,0.400,0.700,0.400,1.434,0.100,0.200,0.040,1.000,0.500,0.800,0.300,0.400
Tree,5211,11.964,0.039,0.853,0.639,0.355,0.469,0.030,0.050,0.087,0.058,1.530,0.400,0.700,0.400,1.474,0.100,0.200,0.040,1.000,0.500,0.800,0.300,0.400
Tree,5210,11.846,0.017,0.538,0.403,0.224,0.287,0.030,0.050,0.072,0.048,1.109,0.400,0.700,0.400,1.316,0.100,0.200,0.040,1.000,0.500,0.800,0.300,0.400
Tree,5209,12.727,0.021,0.606,0.454,0.252,0.326,0.030,0.050,0.075,0.050,1.200,0.400,0.700,0.400,1.350,0.100,0.200,0.040,1.000,0.500,0.800,0.300,0.400
Tree,5208,15.099,0.007,0.399,0.299,0.166,0.206,0.030,0.050,0.065,0.043,0.925,0.400,0.700,0.400,1.247,0.100,0.200,0.040,1.000,0.500,0.800,0.300,0.400
Tree,5207,16.368,0.002,0.337,0.253,0.140,0.171,0.030,0.050,0.062,0.041,0.842,0.400,0.700,0.400,1.216,0.100,0.200,0.040,1.000,0.500,0.800,0.300,0.400
Tree,5216,12.723,0.017,0.542,0.407,0.226,0.290,0.030,0.050,0.072,0.048,1.117,0.400,0.700,0.400,1.319,0.100,0.200,0.040,1.000,0.500,0.800,0.300,0.400
Tree,5252,12.456,0.042,0.895,0.671,0.373,0.494,0.030,0.050,0.089,0.060,1.586,0.400,0.700,0.400,1.495,0.100,0.200,0.040,1.000,0.500,0.800,0.300,0.400
Tree,5228,10.892,0.029,0.716,0.537,0.298,0.388,0.030,0.050,0.080,0.054,1.341,0.400,0.700,0.400,1.403,0.100,0.200,0.040,1.000,0.500,0.800,0.300,0.400
Tree,5230,0.010,0.005,0.012,0.009,0.005,0.253,0.030,0.050,0.075,0.050,1.200,0.400,0.700,0.400,1.350,0.100,0.200,0.040,1.000,0.500,0.800,0.300,0.400
Tree,5250,14.005,0.010,0.440,0.330,0.183,0.231,0.030,0.050,0.067,0.045,0.981,0.400,0.700,0.400,1.268,0.100,0.200,0.040,1.000,0.500,0.800,0.300,0.400
Tree,5249,15.149,0.006,0.387,0.290,0.161,0.200,0.030,0.050,0.064,0.043,0.909,0.400,0.700,0.400,1.241,0.100,0.200,0.040,1.000,0.500,0.800,0.300,0.400
Tree,5248,14.606,0.008,0.425,0.319,0.177,0.222,0.030,0.050,0.066,0.044,0.960,0.400,0.700,0.400,1.260,0.100,0.200,0.040,1.000,0.500,0.800,0.300,0.400
Tree,5247,12.054,0.032,0.755,0.566,0.314,0.413,0.030,0.050,0.082,0.055,1.399,0.400,0.700,0.400,1.425,0.100,0.200,0.040,1.000,0.500,0.800,0.300,0.400
Tree,5246,11.583,0.027,0.682,0.511,0.284,0.371,0.030,0.050,0.079,0.053,1.302,0.400,0.700,0.400,1.388,0.100,0.200,0.040,1.000,0.500,0.800,0.300,0.400
Tree,5245,14.464,0.008,0.413,0.310,0.172,0.216,0.030,0.050,0.065,0.044,0.944,0.400,0.700,0.400,1.254,0.100,0.200,0.040,1.000,0.500,0.800,0.300,0.400
Tree,5244,12.621,0.016,0.532,0.399,0.222,0.284,0.030,0.050,0.071,0.048,1.102,0.400,0.700,0.400,1.313,0.100,0.200,0.040,1.000,0.500,0.800,0.300,0.400
Tree,5243,11.358,0.027,0.688,0.516,0.287,0.374,0.030,0.050,0.079,0.053,1.308,0.400,0.700,0.400,1.391,0.100,0.200,0.040,1.000,0.500,0.800,0.300,0.400
Tree,5242,7.451,0.122,0.316,0.237,0.132,0.242,0.030,0.050,0.072,0.048,1.126,0.400,0.700,0.400,1.322,0.100,0.200,0.040,1.000,0.500,0.800,0.300,0.400
Tree,5229,11.565,0.020,0.582,0.437,0.242,0.313,0.030,0.050,0.074,0.049,1.169,0.400,0.700,0.400,1.339,0.100,0.200,0.040,1.000,0.500,0.800,0.300,0.400
Tree,5241,12.843,0.014,0.498,0.374,0.208,0.265,0.030,0.050,0.070,0.046,1.058,0.400,0.700,0.400,1.297,0.100,0.200,0.040,1.000,0.500,0.800,0.300,0.400
Tree,5239,10.842,0.028,0.702,0.526,0.292,0.380,0.030,0.050,0.080,0.053,1.324,0.400,0.700,0.400,1.396,0.100,0.200,0.040,1.000,0.500,0.800,0.300,0.400
Tree,5238,12.503,0.015,0.508,0.381,0.211,0.270,0.030,0.050,0.070,0.047,1.070,0.400,0.700,0.400,1.301,0.100,0.200,0.040,1.000,0.500,0.800,0.300,0.400
Tree,5237,13.021,0.016,0.533,0.400,0.222,0.283,0.030,0.050,0.071,0.047,1.100,0.400,0.700,0.400,1.312,0.100,0.200,0.040,1.000,0.500,0.800,0.300,0.400
Tree,5236,13.489,0.011,0.465,0.349,0.194,0.246,0.030,0.050,0.068,0.045,1.013,0.400,0.700,0.400,1.280,0.100,0.200,0.040,1.000,0.500,0.800,0.300,0.400
Tree,5235,12.195,0.018,0.560,0.420,0.233,0.300,0.030,0.050,0.073,0.048,1.139,0.400,0.700,0.400,1.327,0.100,0.200,0.040,1.000,0.500,0.800,0.300,0.400
Tree,5234,12.643,0.016,0.528,0.397,0.220,0.282,0.030,0.050,0.071,0.047,1.097,0.400,0.700,0.400,1.312,0.100,0.200,0.040,1.000,0.500,0.800,0.300,0.400
Tree,5233,14.029,0.010,0.445,0.334,0.185,0.234,0.030,0.050,0.067,0.045,0.987,0.400,0.700,0.400,1.270,0.100,0.200,0.040,1.000,0.500,0.800,0.300,0.400
Tree,5232,5.759,0.034,0.783,0.588,0.326,0.430,0.030,0.050,0.084,0.056,1.438,0.400,0.700,0.400,1.439,0.100,0.200,0.040,1.000,0.500,0.800,0.300,0.400
Tree,5231,13.549,0.013,0.486,0.364,0.202,0.257,0.030,0.050,0.069,0.046,1.040,0.400,0.700,0.400,1.290,0.100,0.200,0.040,1.000,0.500,0.800,0.300,0.400
Tree,5240,11.796,0.022,0.613,0.460,0.255,0.328,0.030,0.050,0.075,0.050,1.203,0.400,0.700,0.400,1.351,0.100,0.200,0.040,1.000,0.500,0.800,0.300,0.400
Tree,5489,4.612,0.032,0.751,0.563,0.313,0.411,0.030,0.050,0.082,0.055,1.394,0.400,0.700,0.400,1.423,0.100,0.200,0.040,1.000,0.500,0.800,0.300,0.400
Tree,5704,5.021,0.240,0.745,0.559,0.310,0.477,0.030,0.050,0.088,0.059,1.548,0.400,0.700,0.400,1.481,0.100,0.200,0.040,1.000,0.500,0.800,0.300,0.400
Tree,5491,6.694,0.016,0.534,0.400,0.222,0.285,0.030,0.050,0.071,0.048,1.103,0.400,0.700,0.400,1.314,0.100,0.200,0.040,1.000,0.500,0.800,0.300,0.400
Tree,5749,7.396,0.061,0.744,0.558,0.310,0.468,0.030,0.050,0.088,0.058,1.537,0.400,0.700,0.400,1.476,0.100,0.200,0.040,1.000,0.500,0.800,0.300,0.400
Tree,5748,6.759,0.061,0.743,0.557,0.310,0.469,0.030,0.050,0.088,0.058,1.539,0.400,0.700,0.400,1.477,0.100,0.200,0.040,1.000,0.500,0.800,0.300,0.400
Tree,5747,16.856,0.065,0.782,0.587,0.326,0.496,0.030,0.050,0.090,0.060,1.593,0.400,0.700,0.400,1.497,0.100,0.200,0.040,1.000,0.500,0.800,0.300,0.400
Tree,5746,10.034,0.069,0.778,0.584,0.324,0.494,0.030,0.050,0.090,0.060,1.589,0.400,0.700,0.400,1.496,0.100,0.200,0.040,1.000,0.500,0.800,0.300,0.400
Tree,5745,16.232,0.068,0.783,0.587,0.326,0.496,0.030,0.050,0.090,0.060,1.592,0.400,0.700,0.400,1.497,0.100,0.200,0.040,1.000,0.500,0.800,0.300,0.400
Tree,5744,12.547,0.042,0.891,0.669,0.372,0.491,0.030,0.050,0.089,0.060,1.580,0.400,0.700,0.400,1.493,0.100,0.200,0.040,1.000,0.500,0.800,0.300,0.400
Tree,5743,9.256,0.064,0.769,0.577,0.320,0.487,0.030,0.050,0.089,0.059,1.575,0.400,0.700,0.400,1.491,0.100,0.200,0.040,1.000,0.500,0.800,0.300,0.400
Tree,5742,11.977,0.036,0.807,0.605,0.336,0.440,0.030,0.050,0.085,0.057,1.461,0.400,0.700,0.400,1.448,0.100,0.200,0.040,1.000,0.500,0.800,0.300,0.400
Tree,5741,3.803,0.051,0.759,0.569,0.316,0.457,0.030,0.050,0.087,0.058,1.520,0.400,0.700,0.400,1.470,0.100,0.200,0.040,1.000,0.500,0.800,0.300,0.400
Tree,5740,7.917,0.057,0.731,0.548,0.304,0.457,0.030,0.050,0.087,0.058,1.516,0.400,0.700,0.400,1.469,0.100,0.200,0.040,1.000,0.500,0.800,0.300,0.400
Tree,5739,9.120,0.232,0.503,0.377,0.210,0.420,0.030,0.050,0.084,0.056,1.444,0.400,0.700,0.400,1.441,0.100,0.200,0.040,1.000,0.500,0.800,0.300,0.400
Tree,5738,11.021,0.036,0.808,0.606,0.336,0.444,0.030,0.050,0.085,0.057,1.470,0.400,0.700,0.400,1.451,0.100,0.200,0.040,1.000,0.500,0.800,0.300,0.400
Tree,5737,8.956,0.034,0.787,0.590,0.327,0.431,0.030,0.050,0.084,0.056,1.442,0.400,0.700,0.400,1.441,0.100,0.200,0.040,1.000,0.500,0.800,0.300,0.400
Tree,5736,7.516,0.153,0.510,0.382,0.212,0.450,0.030,0.050,0.085,0.057,1.480,0.400,0.700,0.400,1.455,0.100,0.200,0.040,1.000,0.500,0.800,0.300,0.400
Tree,5735,7.533,0.037,0.817,0.613,0.340,0.449,0.030,0.050,0.086,0.057,1.482,0.400,0.700,0.400,1.456,0.100,0.200,0.040,1.000,0.500,0.800,0.300,0.400
Tree,5734,12.179,0.037,0.823,0.617,0.343,0.451,0.030,0.050,0.086,0.057,1.486,0.400,0.700,0.400,1.457,0.100,0.200,0.040,1.000,0.500,0.800,0.300,0.400
Tree,5733,11.099,0.041,0.883,0.662,0.367,0.487,0.030,0.050,0.089,0.059,1.569,0.400,0.700,0.400,1.489,0.100,0.200,0.040,1.000,0.500,0.800,0.300,0.400
Tree,5732,8.792,0.027,0.686,0.514,0.285,0.373,0.030,0.050,0.079,0.053,1.307,0.400,0.700,0.400,1.390,0.100,0.200,0.040,1.000,0.500,0.800,0.300,0.400
Tree,5731,8.260,0.030,0.728,0.546,0.304,0.397,0.030,0.050,0.081,0.054,1.363,0.400,0.700,0.400,1.411,0.100,0.200,0.040,1.000,0.500,0.800,0.300,0.400
Tree,5750,6.749,0.063,0.688,0.516,0.286,0.459,0.030,0.050,0.087,0.058,1.520,0.400,0.700,0.400,1.470,0.100,0.200,0.040,1.000,0.500,0.800,0.300,0.400
Tree,5751,7.063,0.062,0.757,0.568,0.315,0.472,0.030,0.050,0.088,0.059,1.545,0.400,0.700,0.400,1.479,0.100,0.200,0.040,1.000,0.500,0.800,0.300,0.400
Tree,5752,6.676,0.063,0.723,0.542,0.301,0.457,0.030,0.050,0.087,0.058,1.516,0.400,0.700,0.400,1.468,0.100,0.200,0.040,1.000,0.500,0.800,0.300,0.400
Tree,5753,9.111,0.065,0.740,0.555,0.308,0.468,0.030,0.050,0.088,0.058,1.539,0.400,0.700,0.400,1.477,0.100,0.200,0.040,1.000,0.500,0.800,0.300,0.400
Tree,5773,12.598,0.043,0.923,0.692,0.385,0.499,0.030,0.050,0.090,0.060,1.598,0.400,0.700,0.400,1.499,0.100,0.200,0.040,1.000,0.500,0.800,0.300,0.400
Tree,5772,9.777,0.049,0.699,0.524,0.291,0.418,0.030,0.050,0.084,0.056,1.440,0.400,0.700,0.400,1.440,0.100,0.200,0.040,1.000,0.500,0.800,0.300,0.400
Tree,5771,13.610,0.040,0.871,0.653,0.363,0.475,0.030,0.050,0.088,0.059,1.542,0.400,0.700,0.400,1.478,0.100,0.200,0.040,1.000,0.500,0.800,0.300,0.400
Tree,5770,8.091,0.060,0.703,0.527,0.293,0.441,0.030,0.050,0.086,0.057,1.483,0.400,0.700,0.400,1.456,0.100,0.200,0.040,1.000,0.500,0.800,0.300,0.400
Tree,5769,14.804,0.042,0.802,0.601,0.334,0.453,0.030,0.050,0.087,0.058,1.507,0.400,0.700,0.400,1.465,0.100,0.200,0.040,1.000,0.500,0.800,0.300,0.400
Tree,5768,7.629,0.065,0.757,0.568,0.315,0.479,0.030,0.050,0.088,0.059,1.559,0.400,0.700,0.400,1.485,0.100,0.200,0.040,1.000,0.500,0.800,0.300,0.400
Tree,5767,10.250,0.059,0.734,0.551,0.306,0.453,0.030,0.050,0.086,0.057,1.490,0.400,0.700,0.400,1.459,0.100,0.200,0.040,1.000,0.500,0.800,0.300,0.400
Tree,5766,17.771,0.027,0.770,0.578,0.321,0.436,0.030,0.050,0.085,0.057,1.478,0.400,0.700,0.400,1.454,0.100,0.200,0.040,1.000,0.500,0.800,0.300,0.400
Tree,5765,16.495,0.033,0.866,0.649,0.360,0.467,0.030,0.050,0.087,0.058,1.523,0.400,0.700,0.400,1.471,0.100,0.200,0.040,1.000,0.500,0.800,0.300,0.400
Tree,5730,7.891,0.037,0.826,0.620,0.344,0.454,0.030,0.050,0.086,0.057,1.494,0.400,0.700,0.400,1.460,0.100,0.200,0.040,1.000,0.500,0.800,0.300,0.400
Tree,5764,12.957,0.037,0.861,0.646,0.359,0.464,0.030,0.050,0.087,0.058,1.516,0.400,0.700,0.400,1.468,0.100,0.200,0.040,1.000,0.500,0.800,0.300,0.400
Tree,5762,10.041,0.059,0.723,0.542,0.302,0.451,0.030,0.050,0.086,0.058,1.503,0.400,0.700,0.400,1.464,0.100,0.200,0.040,1.000,0.500,0.800,0.300,0.400
Tree,5761,13.936,0.041,0.839,0.629,0.349,0.473,0.030,0.050,0.088,0.058,1.539,0.400,0.700,0.400,1.477,0.100,0.200,0.040,1.000,0.500,0.800,0.300,0.400
Tree,5760,0.010,0.005,0.012,0.009,0.005,0.253,0.030,0.050,0.075,0.050,1.200,0.400,0.700,0.400,1.350,0.100,0.200,0.040,1.000,0.500,0.800,0.300,0.400
Tree,5759,14.578,0.035,0.835,0.626,0.348,0.466,0.030,0.050,0.087,0.058,1.522,0.400,0.700,0.400,1.471,0.100,0.200,0.040,1.000,0.500,0.800,0.300,0.400
Tree,5758,15.273,0.034,0.829,0.622,0.345,0.457,0.030,0.050,0.086,0.058,1.501,0.400,0.700,0.400,1.463,0.100,0.200,0.040,1.000,0.500,0.800,0.300,0.400
Tree,5757,13.059,0.053,0.737,0.552,0.307,0.443,0.030,0.050,0.086,0.057,1.488,0.400,0.700,0.400,1.458,0.100,0.200,0.040,1.000,0.500,0.800,0.300,0.400
Tree,5756,16.669,0.031,0.830,0.622,0.345,0.456,0.030,0.050,0.086,0.057,1.499,0.400,0.700,0.400,1.462,0.100,0.200,0.040,1.000,0.500,0.800,0.300,0.400
Tree,5755,14.004,0.038,0.855,0.641,0.356,0.471,0.030,0.050,0.087,0.058,1.533,0.400,0.700,0.400,1.475,0.100,0.200,0.040,1.000,0.500,0.800,0.300,0.400
Tree,5754,14.781,0.042,0.918,0.688,0.382,0.489,0.030,0.050,0.089,0.059,1.573,0.400,0.700,0.400,1.490,0.100,0.200,0.040,1.000,0.500,0.800,0.300,0.400
Tree,5763,15.958,0.043,0.838,0.628,0.349,0.478,0.030,0.050,0.088,0.059,1.557,0.400,0.700,0.400,1.484,0.100,0.200,0.040,1.000,0.500,0.800,0.300,0.400
Tree,5729,14.442,0.042,0.914,0.685,0.380,0.499,0.030,0.050,0.090,0.060,1.598,0.400,0.700,0.400,1.499,0.100,0.200,0.040,1.000,0.500,0.800,0.300,0.400
Tree,5728,14.919,0.027,0.719,0.539,0.299,0.391,0.030,0.050,0.081,0.054,1.348,0.400,0.700,0.400,1.406,0.100,0.200,0.040,1.000,0.500,0.800,0.300,0.400
Tree,5727,16.256,0.032,0.837,0.627,0.349,0.460,0.030,0.050,0.087,0.058,1.507,0.400,0.700,0.400,1.465,0.100,0.200,0.040,1.000,0.500,0.800,0.300,0.400
Tree,5701,12.599,0.031,0.610,0.457,0.254,0.344,0.030,0.050,0.079,0.052,1.294,0.400,0.700,0.400,1.385,0.100,0.200,0.040,1.000,0.500,0.800,0.300,0.400
Tree,5700,0.010,0.005,0.012,0.009,0.005,0.253,0.030,0.050,0.075,0.050,1.200,0.400,0.700,0.400,1.350,0.100,0.200,0.040,1.000,0.500,0.800,0.300,0.400
Tree,5699,14.933,0.256,0.550,0.412,0.229,0.454,0.030,0.050,0.087,0.058,1.511,0.400,0.700,0.400,1.467,0.100,0.200,0.040,1.000,0.500,0.800,0.300,0.400
Tree,5698,8.523,0.030,0.726,0.545,0.303,0.396,0.030,0.050,0.081,0.054,1.361,0.400,0.700,0.400,1.410,0.100,0.200,0.040,1.000,0.500,0.800,0.300,0.400
Tree,5697,10.262,0.025,0.672,0.504,0.280,0.364,0.030,0.050,0.078,0.052,1.274,0.400,0.700,0.400,1.378,0.100,0.200,0.040,1.000,0.500,0.800,0.300,0.400
Tree,5696,9.086,0.360,0.651,0.488,0.271,0.441,0.030,0.050,0.085,0.057,1.467,0.400,0.700,0.400,1.450,0.100,0.200,0.040,1.000,0.500,0.800,0.300,0.400
Tree,5695,25.713,0.220,0.635,0.476,0.265,0.471,0.030,0.050,0.088,0.059,1.547,0.400,0.700,0.400,1.480,0.100,0.200,0.040,1.000,0.500,0.800,0.300,0.400
Tree,5694,8.144,0.054,0.668,0.500,0.278,0.414,0.030,0.050,0.083,0.055,1.417,0.400,0.700,0.400,1.431,0.100,0.200,0.040,1.000,0.500,0.800,0.300,0.400
Tree,5693,8.925,0.028,0.657,0.492,0.274,0.373,0.030,0.050,0.078,0.052,1.292,0.400,0.700,0.400,1.384,0.100,0.200,0.040,1.000,0.500,0.800,0.300,0.400
Tree,5702,7.421,0.032,0.752,0.564,0.313,0.411,0.030,0.050,0.082,0.055,1.395,0.400,0.700,0.400,1.423,0.100,0.200,0.040,1.000,0.500,0.800,0.300,0.400
Tree,5692,12.341,0.181,0.470,0.353,0.196,0.368,0.030,0.050,0.081,0.054,1.368,0.400,0.700,0.400,1.413,0.100,0.200,0.040,1.000,0.500,0.800,0.300,0.400
Tree,5690,11.497,0.193,0.597,0.448,0.249,0.440,0.030,0.050,0.085,0.057,1.479,0.400,0.700,0.400,1.455,0.100,0.200,0.040,1.000,0.500,0.800,0.300,0.400
Tree,5689,9.617,0.094,0.386,0.290,0.161,0.285,0.030,0.050,0.076,0.050,1.217,0.400,0.700,0.400,1.356,0.100,0.200,0.040,1.000,0.500,0.800,0.300,0.400
Tree,5688,10.041,0.025,0.658,0.493,0.274,0.356,0.030,0.050,0.078,0.052,1.268,0.400,0.700,0.400,1.376,0.100,0.200,0.040,1.000,0.500,0.800,0.300,0.400
Tree,5687,5.215,0.078,0.677,0.508,0.282,0.448,0.030,0.050,0.085,0.057,1.476,0.400,0.700,0.400,1.454,0.100,0.200,0.040,1.000,0.500,0.800,0.300,0.400
Tree,5686,14.469,0.226,0.511,0.383,0.213,0.412,0.030,0.050,0.084,0.056,1.431,0.400,0.700,0.400,1.437,0.100,0.200,0.040,1.000,0.500,0.800,0.300,0.400
Tree,5685,12.304,0.138,0.679,0.509,0.283,0.470,0.030,0.050,0.088,0.059,1.540,0.400,0.700,0.400,1.478,0.100,0.200,0.040,1.000,0.500,0.800,0.300,0.400
Tree,5684,5.802,0.574,0.500,0.376,0.208,0.434,0.030,0.050,0.084,0.056,1.452,0.400,0.700,0.400,1.444,0.100,0.200,0.040,1.000,0.500,0.800,0.300,0.400
Tree,5683,10.723,0.058,0.454,0.340,0.189,0.327,0.030,0.050,0.077,0.052,1.265,0.400,0.700,0.400,1.374,0.100,0.200,0.040,1.000,0.500,0.800,0.300,0.400
Tree,5682,11.794,0.024,0.650,0.487,0.271,0.351,0.030,0.050,0.077,0.051,1.254,0.400,0.700,0.400,1.370,0.100,0.200,0.040,1.000,0.500,0.800,0.300,0.400
Tree,5691,11.187,0.033,0.511,0.384,0.213,0.303,0.030,0.050,0.073,0.049,1.158,0.400,0.700,0.400,1.334,0.100,0.200,0.040,1.000,0.500,0.800,0.300,0.400
Tree,5774,13.547,0.038,0.857,0.642,0.357,0.471,0.030,0.050,0.087,0.058,1.533,0.400,0.700,0.400,1.475,0.100,0.200,0.040,1.000,0.500,0.800,0.300,0.400
Tree,5703,8.716,0.003,0.463,0.347,0.193,0.353,0.030,0.050,0.077,0.052,1.262,0.400,0.700,0.400,1.373,0.100,0.200,0.040,1.000,0.500,0.800,0.300,0.400
Tree,5706,8.566,0.028,0.683,0.512,0.285,0.387,0.030,0.050,0.080,0.053,1.326,0.400,0.700,0.400,1.397,0.100,0.200,0.040,1.000,0.500,0.800,0.300,0.400
Tree,5726,9.491,0.046,0.715,0.536,0.298,0.423,0.030,0.050,0.084,0.056,1.448,0.400,0.700,0.400,1.443,0.100,0.200,0.040,1.000,0.500,0.800,0.300,0.400
Tree,5725,5.058,0.042,0.687,0.515,0.286,0.402,0.030,0.050,0.080,0.053,1.330,0.400,0.700,0.400,1.399,0.100,0.200,0.040,1.000,0.500,0.800,0.300,0.400
Tree,5724,7.311,0.397,0.684,0.513,0.285,0.471,0.030,0.050,0.088,0.058,1.534,0.400,0.700,0.400,1.475,0.100,0.200,0.040,1.000,0.500,0.800,0.300,0.400
Tree,5723,13.962,0.043,0.764,0.572,0.318,0.436,0.030,0.050,0.085,0.057,1.475,0.400,0.700,0.400,1.453,0.100,0.200,0.040,1.000,0.500,0.800,0.300,0.400
Tree,5722,7.376,0.030,0.673,0.505,0.281,0.410,0.030,0.050,0.082,0.054,1.378,0.400,0.700,0.400,1.417,0.100,0.200,0.040,1.000,0.500,0.800,0.300,0.400
Tree,5721,16.495,0.032,0.828,0.621,0.345,0.455,0.030,0.050,0.087,0.058,1.518,0.400,0.700,0.400,1.469,0.100,0.200,0.040,1.000,0.500,0.800,0.300,0.400
Tree,5720,7.307,0.041,0.644,0.483,0.268,0.384,0.030,0.050,0.079,0.053,1.318,0.400,0.700,0.400,1.394,0.100,0.200,0.040,1.000,0.500,0.800,0.300,0.400
Tree,5719,6.484,0.257,0.538,0.404,0.225,0.458,0.030,0.050,0.086,0.058,1.505,0.400,0.700,0.400,1.464,0.100,0.200,0.040,1.000,0.500,0.800,0.300,0.400
Tree,5718,9.108,0.063,0.483,0.362,0.201,0.380,0.030,0.050,0.080,0.053,1.325,0.400,0.700,0.400,1.397,0.100,0.200,0.040,1.000,0.500,0.800,0.300,0.400
Tree,5705,8.956,0.189,0.554,0.416,0.231,0.410,0.030,0.050,0.084,0.056,1.442,0.400,0.700,0.400,1.441,0.100,0.200,0.040,1.000,0.500,0.800,0.300,0.400
Tree,5717,16.506,0.033,0.886,0.664,0.369,0.461,0.030,0.050,0.087,0.058,1.509,0.400,0.700,0.400,1.466,0.100,0.200,0.040,1.000,0.500,0.800,0.300,0.400
Tree,5715,6.950,0.036,0.811,0.608,0.338,0.445,0.030,0.050,0.085,0.057,1.474,0.400,0.700,0.400,1.453,0.100,0.200,0.040,1.000,0.500,0.800,0.300,0.400
Tree,5714,8.321,0.033,0.764,0.574,0.318,0.419,0.030,0.050,0.083,0.055,1.413,0.400,0.700,0.400,1.430,0.100,0.200,0.040,1.000,0.500,0.800,0.300,0.400
Tree,5713,9.789,0.051,0.647,0.485,0.270,0.401,0.030,0.050,0.083,0.055,1.405,0.400,0.700,0.400,1.427,0.100,0.200,0.040,1.000,0.500,0.800,0.300,0.400
Tree,5712,11.282,0.244,0.612,0.458,0.255,0.485,0.030,0.050,0.089,0.059,1.571,0.400,0.700,0.400,1.489,0.100,0.200,0.040,1.000,0.500,0.800,0.300,0.400
Tree,5711,5.817,0.060,0.638,0.478,0.266,0.409,0.030,0.050,0.084,0.056,1.427,0.400,0.700,0.400,1.435,0.100,0.200,0.040,1.000,0.500,0.800,0.300,0.400
Tree,5710,8.380,0.053,0.623,0.467,0.259,0.387,0.030,0.050,0.080,0.053,1.329,0.400,0.700,0.400,1.399,0.100,0.200,0.040,1.000,0.500,0.800,0.300,0.400
Tree,5709,12.595,0.192,0.452,0.339,0.188,0.358,0.030,0.050,0.080,0.053,1.329,0.400,0.700,0.400,1.398,0.100,0.200,0.040,1.000,0.500,0.800,0.300,0.400
Tree,5708,5.778,0.056,0.692,0.519,0.288,0.419,0.030,0.050,0.083,0.055,1.410,0.400,0.700,0.400,1.429,0.100,0.200,0.040,1.000,0.500,0.800,0.300,0.400
Tree,5707,9.619,0.038,0.773,0.580,0.323,0.434,0.030,0.050,0.084,0.056,1.443,0.400,0.700,0.400,1.441,0.100,0.200,0.040,1.000,0.500,0.800,0.300,0.400
Tree,5716,6.262,0.034,0.784,0.588,0.327,0.430,0.030,0.050,0.084,0.056,1.439,0.400,0.700,0.400,1.439,0.100,0.200,0.040,1.000,0.500,0.800,0.300,0.400
Tree,5681,4.649,0.145,0.484,0.363,0.201,0.440,0.030,0.050,0.084,0.056,1.449,0.400,0.700,0.400,1.443,0.100,0.200,0.040,1.000,0.500,0.800,0.300,0.400
Tree,5775,15.189,0.028,0.730,0.547,0.304,0.394,0.030,0.050,0.081,0.054,1.355,0.400,0.700,0.400,1.408,0.100,0.200,0.040,1.000,0.500,0.800,0.300,0.400
Tree,5777,16.648,0.031,0.820,0.614,0.342,0.449,0.030,0.050,0.086,0.057,1.481,0.400,0.700,0.400,1.456,0.100,0.200,0.040,1.000,0.500,0.800,0.300,0.400
Tree,5844,15.594,0.035,0.896,0.672,0.374,0.467,0.030,0.050,0.087,0.058,1.521,0.400,0.700,0.400,1.470,0.100,0.200,0.040,1.000,0.500,0.800,0.300,0.400
Tree,5843,16.701,0.023,0.905,0.678,0.376,0.462,0.030,0.050,0.087,0.058,1.509,0.400,0.700,0.400,1.466,0.100,0.200,0.040,1.000,0.500,0.800,0.300,0.400
Tree,5842,14.454,0.034,0.791,0.593,0.330,0.430,0.030,0.050,0.084,0.056,1.438,0.400,0.700,0.400,1.439,0.100,0.200,0.040,1.000,0.500,0.800,0.300,0.400
Tree,5841,0.000,0.000,0.000,0.000,0.000,0.000,0.000,0.000,0.000,0.000,0.000,0.000,0.000,0.000,0.000,0.000,0.000,0.000,0.000,0.000,0.000,0.000,0.000
Tree,5840,16.641,0.032,0.824,0.618,0.343,0.449,0.030,0.050,0.086,0.057,1.482,0.400,0.700,0.400,1.456,0.100,0.200,0.040,1.000,0.500,0.800,0.300,0.400
Tree,5839,20.287,0.031,0.858,0.643,0.357,0.493,0.030,0.050,0.089,0.060,1.586,0.400,0.700,0.400,1.495,0.100,0.200,0.040,1.000,0.500,0.800,0.300,0.400
Tree,5838,16.713,0.019,0.795,0.596,0.331,0.435,0.030,0.050,0.084,0.056,1.451,0.400,0.700,0.400,1.444,0.100,0.200,0.040,1.000,0.500,0.800,0.300,0.400
Tree,5837,9.279,0.040,0.789,0.591,0.329,0.442,0.030,0.050,0.085,0.057,1.461,0.400,0.700,0.400,1.448,0.100,0.200,0.040,1.000,0.500,0.800,0.300,0.400
Tree,5836,6.102,0.075,0.763,0.572,0.318,0.472,0.030,0.050,0.087,0.058,1.519,0.400,0.700,0.400,1.470,0.100,0.200,0.040,1.000,0.500,0.800,0.300,0.400
Tree,5835,13.090,0.038,0.847,0.636,0.353,0.465,0.030,0.050,0.087,0.058,1.519,0.400,0.700,0.400,1.470,0.100,0.200,0.040,1.000,0.500,0.800,0.300,0.400
Tree,5834,8.318,0.069,0.773,0.580,0.323,0.476,0.030,0.050,0.088,0.059,1.542,0.400,0.700,0.400,1.478,0.100,0.200,0.040,1.000,0.500,0.800,0.300,0.400
Tree,5833,7.522,0.031,0.682,0.512,0.284,0.378,0.030,0.050,0.079,0.053,1.311,0.400,0.700,0.400,1.392,0.100,0.200,0.040,1.000,0.500,0.800,0.300,0.400
Tree,5832,6.680,0.058,0.737,0.553,0.307,0.448,0.030,0.050,0.085,0.057,1.473,0.400,0.700,0.400,1.452,0.100,0.200,0.040,1.000,0.500,0.800,0.300,0.400
Tree,5831,5.950,0.073,0.764,0.573,0.318,0.474,0.030,0.050,0.088,0.058,1.534,0.400,0.700,0.400,1.475,0.100,0.200,0.040,1.000,0.500,0.800,0.300,0.400
Tree,5830,6.575,0.062,0.742,0.556,0.309,0.452,0.030,0.050,0.086,0.057,1.488,0.400,0.700,0.400,1.458,0.100,0.200,0.040,1.000,0.500,0.800,0.300,0.400
Tree,5829,8.064,0.037,0.836,0.627,0.348,0.457,0.030,0.050,0.086,0.057,1.497,0.400,0.700,0.400,1.461,0.100,0.200,0.040,1.000,0.500,0.800,0.300,0.400
Tree,5828,16.918,0.016,0.800,0.600,0.333,0.426,0.030,0.050,0.084,0.056,1.428,0.400,0.700,0.400,1.435,0.100,0.200,0.040,1.000,0.500,0.800,0.300,0.400
Tree,5827,8.391,0.033,0.839,0.630,0.350,0.461,0.030,0.050,0.087,0.058,1.508,0.400,0.700,0.400,1.465,0.100,0.200,0.040,1.000,0.500,0.800,0.300,0.400
Tree,5826,8.212,0.034,0.717,0.538,0.299,0.399,0.030,0.050,0.081,0.054,1.360,0.400,0.700,0.400,1.410,0.100,0.200,0.040,1.000,0.500,0.800,0.300,0.400
Tree,5845,19.528,0.044,0.770,0.578,0.321,0.451,0.030,0.050,0.086,0.058,1.505,0.400,0.700,0.400,1.464,0.100,0.200,0.040,1.000,0.500,0.800,0.300,0.400
Tree,5846,16.872,0.017,0.783,0.588,0.326,0.428,0.030,0.050,0.084,0.056,1.434,0.400,0.700,0.400,1.438,0.100,0.200,0.040,1.000,0.500,0.800,0.300,0.400
Tree,5847,15.570,0.034,0.885,0.664,0.369,0.483,0.030,0.050,0.089,0.059,1.561,0.400,0.700,0.400,1.485,0.100,0.200,0.040,1.000,0.500,0.800,0.300,0.400
Tree,5848,15.404,0.039,0.897,0.672,0.374,0.480,0.030,0.050,0.088,0.059,1.554,0.400,0.700,0.400,1.483,0.100,0.200,0.040,1.000,0.500,0.800,0.300,0.400
Tree,5110,7.618,0.010,0.446,0.335,0.186,0.235,0.030,0.050,0.067,0.045,0.988,0.400,0.700,0.400,1.271,0.100,0.200,0.040,1.000,0.500,0.800,0.300,0.400
Tree,5867,16.029,0.037,0.876,0.657,0.365,0.471,0.030,0.050,0.087,0.058,1.532,0.400,0.700,0.400,1.475,0.100,0.200,0.040,1.000,0.500,0.800,0.300,0.400
Tree,5866,16.998,0.020,0.723,0.543,0.301,0.396,0.030,0.050,0.081,0.054,1.362,0.400,0.700,0.400,1.411,0.100,0.200,0.040,1.000,0.500,0.800,0.300,0.400
Tree,5865,16.873,0.024,0.794,0.596,0.331,0.432,0.030,0.050,0.084,0.056,1.443,0.400,0.700,0.400,1.441,0.100,0.200,0.040,1.000,0.500,0.800,0.300,0.400
Tree,5864,16.595,0.026,0.807,0.605,0.336,0.420,0.030,0.050,0.083,0.055,1.412,0.400,0.700,0.400,1.429,0.100,0.200,0.040,1.000,0.500,0.800,0.300,0.400
Tree,5863,16.906,0.024,0.799,0.599,0.333,0.436,0.030,0.050,0.084,0.056,1.453,0.400,0.700,0.400,1.445,0.100,0.200,0.040,1.000,0.500,0.800,0.300,0.400
Tree,5862,16.860,0.023,0.775,0.582,0.323,0.424,0.030,0.050,0.083,0.056,1.426,0.400,0.700,0.400,1.435,0.100,0.200,0.040,1.000,0.500,0.800,0.300,0.400
Tree,5861,16.926,0.017,0.775,0.582,0.323,0.424,0.030,0.050,0.083,0.056,1.424,0.400,0.700,0.400,1.434,0.100,0.200,0.040,1.000,0.500,0.800,0.300,0.400
Tree,5860,17.015,0.014,0.685,0.514,0.286,0.371,0.030,0.050,0.079,0.053,1.303,0.400,0.700,0.400,1.389,0.100,0.200,0.040,1.000,0.500,0.800,0.300,0.400
Tree,5825,8.288,0.046,0.771,0.577,0.321,0.452,0.030,0.050,0.086,0.057,1.483,0.400,0.700,0.400,1.456,0.100,0.200,0.040,1.000,0.500,0.800,0.300,0.400
Tree,5859,16.722,0.023,0.826,0.619,0.345,0.445,0.030,0.050,0.085,0.057,1.473,0.400,0.700,0.400,1.452,0.100,0.200,0.040,1.000,0.500,0.800,0.300,0.400
Tree,5857,16.819,0.025,0.852,0.638,0.355,0.460,0.030,0.050,0.086,0.058,1.507,0.400,0.700,0.400,1.465,0.100,0.200,0.040,1.000,0.500,0.800,0.300,0.400
Tree,5856,16.413,0.035,0.815,0.611,0.339,0.465,0.030,0.050,0.087,0.058,1.521,0.400,0.700,0.400,1.470,0.100,0.200,0.040,1.000,0.500,0.800,0.300,0.400
Tree,5855,16.229,0.025,0.838,0.628,0.349,0.462,0.030,0.050,0.087,0.058,1.512,0.400,0.700,0.400,1.467,0.100,0.200,0.040,1.000,0.500,0.800,0.300,0.400
Tree,5854,14.991,0.038,0.848,0.635,0.354,0.477,0.030,0.050,0.088,0.059,1.546,0.400,0.700,0.400,1.480,0.100,0.200,0.040,1.000,0.500,0.800,0.300,0.400
Tree,5853,16.222,0.047,0.858,0.644,0.358,0.490,0.030,0.050,0.089,0.059,1.580,0.400,0.700,0.400,1.492,0.100,0.200,0.040,1.000,0.500,0.800,0.300,0.400
Tree,5852,16.963,0.014,0.842,0.631,0.350,0.465,0.030,0.050,0.087,0.058,1.521,0.400,0.700,0.400,1.470,0.100,0.200,0.040,1.000,0.500,0.800,0.300,0.400
Tree,5851,17.043,0.010,0.900,0.675,0.375,0.500,0.030,0.050,0.090,0.060,1.600,0.400,0.700,0.400,1.500,0.100,0.200,0.040,1.000,0.500,0.800,0.300,0.400
Tree,5850,16.684,0.028,0.812,0.608,0.338,0.443,0.030,0.050,0.085,0.057,1.469,0.400,0.700,0.400,1.451,0.100,0.200,0.040,1.000,0.500,0.800,0.300,0.400
Tree,5849,16.371,0.032,0.937,0.702,0.390,0.477,0.030,0.050,0.088,0.059,1.544,0.400,0.700,0.400,1.479,0.100,0.200,0.040,1.000,0.500,0.800,0.300,0.400
Tree,5858,16.896,0.022,0.849,0.637,0.354,0.433,0.030,0.050,0.084,0.056,1.440,0.400,0.700,0.400,1.440,0.100,0.200,0.040,1.000,0.500,0.800,0.300,0.400
Tree,5824,7.357,0.072,0.756,0.567,0.315,0.468,0.030,0.050,0.087,0.058,1.522,0.400,0.700,0.400,1.471,0.100,0.200,0.040,1.000,0.500,0.800,0.300,0.400
Tree,5823,7.044,0.074,0.771,0.579,0.321,0.478,0.030,0.050,0.088,0.059,1.548,0.400,0.700,0.400,1.481,0.100,0.200,0.040,1.000,0.500,0.800,0.300,0.400
Tree,5822,14.517,0.040,0.870,0.653,0.363,0.474,0.030,0.050,0.088,0.058,1.539,0.400,0.700,0.400,1.477,0.100,0.200,0.040,1.000,0.500,0.800,0.300,0.400
Tree,5797,14.351,0.037,0.853,0.640,0.356,0.462,0.030,0.050,0.087,0.058,1.511,0.400,0.700,0.400,1.467,0.100,0.200,0.040,1.000,0.500,0.800,0.300,0.400
Tree,5796,14.221,0.246,0.523,0.393,0.218,0.441,0.030,0.050,0.086,0.057,1.485,0.400,0.700,0.400,1.457,0.100,0.200,0.040,1.000,0.500,0.800,0.300,0.400
Tree,5795,11.160,0.062,0.772,0.579,0.322,0.478,0.030,0.050,0.088,0.059,1.557,0.400,0.700,0.400,1.484,0.100,0.200,0.040,1.000,0.500,0.800,0.300,0.400
Tree,5794,15.349,0.036,0.875,0.657,0.364,0.481,0.030,0.050,0.088,0.059,1.557,0.400,0.700,0.400,1.484,0.100,0.200,0.040,1.000,0.500,0.800,0.300,0.400
Tree,5793,15.569,0.039,0.891,0.668,0.371,0.481,0.030,0.050,0.088,0.059,1.557,0.400,0.700,0.400,1.484,0.100,0.200,0.040,1.000,0.500,0.800,0.300,0.400
Tree,5792,20.038,0.252,0.564,0.423,0.234,0.464,0.030,0.050,0.087,0.058,1.532,0.400,0.700,0.400,1.474,0.100,0.200,0.040,1.000,0.500,0.800,0.300,0.400
Tree,5791,11.905,0.037,0.825,0.619,0.344,0.453,0.030,0.050,0.086,0.057,1.492,0.400,0.700,0.400,1.460,0.100,0.200,0.040,1.000,0.500,0.800,0.300,0.400
Tree,5790,16.884,0.020,0.797,0.598,0.332,0.437,0.030,0.050,0.085,0.056,1.454,0.400,0.700,0.400,1.445,0.100,0.200,0.040,1.000,0.500,0.800,0.300,0.400
Tree,5789,16.692,0.022,0.764,0.573,0.318,0.417,0.030,0.050,0.083,0.055,1.409,0.400,0.700,0.400,1.428,0.100,0.200,0.040,1.000,0.500,0.800,0.300,0.400
Tree,5798,14.060,0.036,0.834,0.625,0.347,0.451,0.030,0.050,0.086,0.057,1.487,0.400,0.700,0.400,1.457,0.100,0.200,0.040,1.000,0.500,0.800,0.300,0.400
Tree,5788,16.814,0.022,0.745,0.559,0.310,0.407,0.030,0.050,0.082,0.055,1.385,0.400,0.700,0.400,1.419,0.100,0.200,0.040,1.000,0.500,0.800,0.300,0.400
Tree,5786,15.256,0.038,0.876,0.658,0.366,0.483,0.030,0.050,0.089,0.059,1.560,0.400,0.700,0.400,1.485,0.100,0.200,0.040,1.000,0.500,0.800,0.300,0.400
Tree,5785,15.676,0.035,0.846,0.635,0.352,0.464,0.030,0.050,0.087,0.058,1.518,0.400,0.700,0.400,1.469,0.100,0.200,0.040,1.000,0.500,0.800,0.300,0.400
Tree,5784,15.647,0.033,0.842,0.632,0.351,0.464,0.030,0.050,0.087,0.058,1.516,0.400,0.700,0.400,1.469,0.100,0.200,0.040,1.000,0.500,0.800,0.300,0.400
Tree,5783,17.071,0.006,0.682,0.511,0.284,0.370,0.030,0.050,0.079,0.052,1.300,0.400,0.700,0.400,1.387,0.100,0.200,0.040,1.000,0.500,0.800,0.300,0.400
Tree,5782,10.796,0.037,0.840,0.630,0.350,0.462,0.030,0.050,0.087,0.058,1.513,0.400,0.700,0.400,1.468,0.100,0.200,0.040,1.000,0.500,0.800,0.300,0.400
Tree,5781,16.761,0.020,0.827,0.620,0.345,0.453,0.030,0.050,0.086,0.057,1.491,0.400,0.700,0.400,1.459,0.100,0.200,0.040,1.000,0.500,0.800,0.300,0.400
Tree,5780,17.780,0.051,0.806,0.604,0.335,0.471,0.030,0.050,0.088,0.059,1.543,0.400,0.700,0.400,1.479,0.100,0.200,0.040,1.000,0.500,0.800,0.300,0.400
Tree,5779,13.169,0.042,0.925,0.694,0.386,0.500,0.030,0.050,0.090,0.060,1.599,0.400,0.700,0.400,1.500,0.100,0.200,0.040,1.000,0.500,0.800,0.300,0.400
Tree,5778,10.828,0.045,0.661,0.496,0.276,0.394,0.030,0.050,0.082,0.055,1.392,0.400,0.700,0.400,1.422,0.100,0.200,0.040,1.000,0.500,0.800,0.300,0.400
Tree,5787,16.638,0.028,0.851,0.638,0.355,0.460,0.030,0.050,0.087,0.058,1.508,0.400,0.700,0.400,1.465,0.100,0.200,0.040,1.000,0.500,0.800,0.300,0.400
Tree,5776,16.692,0.019,0.736,0.552,0.306,0.401,0.030,0.050,0.081,0.054,1.371,0.400,0.700,0.400,1.414,0.100,0.200,0.040,1.000,0.500,0.800,0.300,0.400
Tree,5799,15.816,0.035,0.863,0.648,0.359,0.474,0.030,0.050,0.088,0.059,1.541,0.400,0.700,0.400,1.478,0.100,0.200,0.040,1.000,0.500,0.800,0.300,0.400
Tree,5801,15.685,0.034,0.841,0.631,0.351,0.462,0.030,0.050,0.087,0.058,1.514,0.400,0.700,0.400,1.468,0.100,0.200,0.040,1.000,0.500,0.800,0.300,0.400
Tree,5821,15.007,0.039,0.843,0.632,0.351,0.464,0.030,0.050,0.087,0.058,1.516,0.400,0.700,0.400,1.469,0.100,0.200,0.040,1.000,0.500,0.800,0.300,0.400
Tree,5820,12.056,0.067,0.758,0.568,0.315,0.470,0.030,0.050,0.087,0.058,1.528,0.400,0.700,0.400,1.473,0.100,0.200,0.040,1.000,0.500,0.800,0.300,0.400
Tree,5819,5.180,0.058,0.745,0.559,0.310,0.454,0.030,0.050,0.086,0.057,1.492,0.400,0.700,0.400,1.459,0.100,0.200,0.040,1.000,0.500,0.800,0.300,0.400
Tree,5818,7.043,0.075,0.793,0.595,0.331,0.491,0.030,0.050,0.089,0.059,1.579,0.400,0.700,0.400,1.492,0.100,0.200,0.040,1.000,0.500,0.800,0.300,0.400
Tree,5817,11.602,0.036,0.814,0.611,0.339,0.447,0.030,0.050,0.085,0.057,1.477,0.400,0.700,0.400,1.454,0.100,0.200,0.040,1.000,0.500,0.800,0.300,0.400
Tree,5816,8.956,0.057,0.784,0.588,0.327,0.467,0.030,0.050,0.087,0.058,1.516,0.400,0.700,0.400,1.469,0.100,0.200,0.040,1.000,0.500,0.800,0.300,0.400
Tree,5815,21.002,0.069,0.768,0.576,0.320,0.487,0.030,0.050,0.089,0.059,1.574,0.400,0.700,0.400,1.490,0.100,0.200,0.040,1.000,0.500,0.800,0.300,0.400
Tree,5814,22.787,0.066,0.768,0.576,0.320,0.487,0.030,0.050,0.089,0.059,1.574,0.400,0.700,0.400,1.490,0.100,0.200,0.040,1.000,0.500,0.800,0.300,0.400
Tree,5813,12.353,0.069,0.778,0.583,0.324,0.494,0.030,0.050,0.090,0.060,1.588,0.400,0.700,0.400,1.496,0.100,0.200,0.040,1.000,0.500,0.800,0.300,0.400
Tree,5800,12.378,0.037,0.836,0.627,0.348,0.459,0.030,0.050,0.086,0.058,1.506,0.400,0.700,0.400,1.465,0.100,0.200,0.040,1.000,0.500,0.800,0.300,0.400
Tree,5812,22.093,0.069,0.777,0.583,0.323,0.493,0.030,0.050,0.089,0.060,1.585,0.400,0.700,0.400,1.495,0.100,0.200,0.040,1.000,0.500,0.800,0.300,0.400
Tree,5810,23.176,0.069,0.790,0.592,0.329,0.500,0.030,0.050,0.090,0.060,1.600,0.400,0.700,0.400,1.500,0.100,0.200,0.040,1.000,0.500,0.800,0.300,0.400
Tree,5809,18.991,0.068,0.770,0.578,0.321,0.487,0.030,0.050,0.089,0.059,1.575,0.400,0.700,0.400,1.491,0.100,0.200,0.040,1.000,0.500,0.800,0.300,0.400
Tree,5808,22.214,0.073,0.785,0.589,0.327,0.498,0.030,0.050,0.090,0.060,1.596,0.400,0.700,0.400,1.499,0.100,0.200,0.040,1.000,0.500,0.800,0.300,0.400
Tree,5807,16.601,0.067,0.773,0.580,0.322,0.487,0.030,0.050,0.089,0.059,1.575,0.400,0.700,0.400,1.491,0.100,0.200,0.040,1.000,0.500,0.800,0.300,0.400
Tree,5806,18.296,0.069,0.783,0.587,0.326,0.497,0.030,0.050,0.090,0.060,1.595,0.400,0.700,0.400,1.498,0.100,0.200,0.040,1.000,0.500,0.800,0.300,0.400
Tree,5805,22.645,0.072,0.781,0.585,0.325,0.495,0.030,0.050,0.090,0.060,1.590,0.400,0.700,0.400,1.496,0.100,0.200,0.040,1.000,0.500,0.800,0.300,0.400
Tree,5804,20.083,0.070,0.781,0.585,0.325,0.496,0.030,0.050,0.090,0.060,1.592,0.400,0.700,0.400,1.497,0.100,0.200,0.040,1.000,0.500,0.800,0.300,0.400
Tree,5803,21.115,0.071,0.785,0.588,0.327,0.498,0.030,0.050,0.090,0.060,1.597,0.400,0.700,0.400,1.499,0.100,0.200,0.040,1.000,0.500,0.800,0.300,0.400
Tree,5802,22.681,0.050,0.789,0.592,0.329,0.477,0.030,0.050,0.088,0.059,1.556,0.400,0.700,0.400,1.483,0.100,0.200,0.040,1.000,0.500,0.800,0.300,0.400
Tree,5811,4.736,0.060,0.778,0.583,0.324,0.481,0.030,0.050,0.089,0.059,1.565,0.400,0.700,0.400,1.487,0.100,0.200,0.040,1.000,0.500,0.800,0.300,0.400
Tree,5490,7.698,0.008,0.421,0.316,0.175,0.220,0.030,0.050,0.066,0.044,0.954,0.400,0.700,0.400,1.258,0.100,0.200,0.040,1.000,0.500,0.800,0.300,0.400
Tree,5680,5.273,0.105,0.544,0.408,0.226,0.444,0.030,0.050,0.085,0.057,1.465,0.400,0.700,0.400,1.449,0.100,0.200,0.040,1.000,0.500,0.800,0.300,0.400
Tree,5678,0.010,0.005,0.012,0.009,0.005,0.253,0.030,0.050,0.075,0.050,1.200,0.400,0.700,0.400,1.350,0.100,0.200,0.040,1.000,0.500,0.800,0.300,0.400
Tree,5558,11.416,0.021,0.603,0.453,0.251,0.325,0.030,0.050,0.075,0.050,1.198,0.400,0.700,0.400,1.349,0.100,0.200,0.040,1.000,0.500,0.800,0.300,0.400
Tree,5557,8.598,0.039,0.854,0.641,0.356,0.471,0.030,0.050,0.087,0.058,1.532,0.400,0.700,0.400,1.475,0.100,0.200,0.040,1.000,0.500,0.800,0.300,0.400
Tree,5556,24.083,0.018,0.439,0.329,0.183,0.239,0.030,0.050,0.073,0.048,1.137,0.400,0.700,0.400,1.326,0.100,0.200,0.040,1.000,0.500,0.800,0.300,0.400
Tree,5555,23.158,0.168,0.231,0.173,0.097,0.227,0.030,0.050,0.072,0.048,1.114,0.400,0.700,0.400,1.318,0.100,0.200,0.040,1.000,0.500,0.800,0.300,0.400
Tree,5554,26.929,0.108,0.184,0.138,0.077,0.164,0.030,0.050,0.068,0.045,1.002,0.400,0.700,0.400,1.276,0.100,0.200,0.040,1.000,0.500,0.800,0.300,0.400
Tree,5553,27.283,0.147,0.215,0.161,0.090,0.204,0.030,0.050,0.070,0.047,1.074,0.400,0.700,0.400,1.303,0.100,0.200,0.040,1.000,0.500,0.800,0.300,0.400
Tree,5552,12.541,0.162,0.354,0.266,0.147,0.284,0.030,0.050,0.071,0.048,1.103,0.400,0.700,0.400,1.314,0.100,0.200,0.040,1.000,0.500,0.800,0.300,0.400
Tree,5551,12.932,0.139,0.348,0.261,0.145,0.266,0.030,0.050,0.070,0.047,1.061,0.400,0.700,0.400,1.298,0.100,0.200,0.040,1.000,0.500,0.800,0.300,0.400
Tree,5550,11.670,0.176,0.360,0.270,0.150,0.296,0.030,0.050,0.072,0.048,1.129,0.400,0.700,0.400,1.323,0.100,0.200,0.040,1.000,0.500,0.800,0.300,0.400
Tree,5549,25.436,0.128,0.201,0.150,0.084,0.185,0.030,0.050,0.069,0.046,1.040,0.400,0.700,0.400,1.290,0.100,0.200,0.040,1.000,0.500,0.800,0.300,0.400
Tree,5548,13.537,0.112,0.339,0.254,0.141,0.244,0.030,0.050,0.068,0.045,1.010,0.400,0.700,0.400,1.279,0.100,0.200,0.040,1.000,0.500,0.800,0.300,0.400
Tree,5547,7.364,0.382,0.420,0.315,0.175,0.462,0.030,0.050,0.087,0.058,1.513,0.400,0.700,0.400,1.467,0.100,0.200,0.040,1.000,0.500,0.800,0.300,0.400
Tree,5546,13.470,0.011,0.462,0.346,0.192,0.243,0.030,0.050,0.068,0.045,1.008,0.400,0.700,0.400,1.278,0.100,0.200,0.040,1.000,0.500,0.800,0.300,0.400
Tree,5545,11.841,0.020,0.584,0.438,0.243,0.314,0.030,0.050,0.074,0.049,1.172,0.400,0.700,0.400,1.340,0.100,0.200,0.040,1.000,0.500,0.800,0.300,0.400
Tree,5544,9.475,0.034,0.784,0.588,0.327,0.426,0.030,0.050,0.084,0.056,1.428,0.400,0.700,0.400,1.436,0.100,0.200,0.040,1.000,0.500,0.800,0.300,0.400
Tree,5543,11.592,0.038,0.843,0.632,0.351,0.463,0.030,0.050,0.087,0.058,1.516,0.400,0.700,0.400,1.468,0.100,0.200,0.040,1.000,0.500,0.800,0.300,0.400
Tree,5542,12.703,0.022,0.614,0.461,0.256,0.331,0.030,0.050,0.075,0.050,1.211,0.400,0.700,0.400,1.354,0.100,0.200,0.040,1.000,0.500,0.800,0.300,0.400
Tree,5541,11.378,0.024,0.636,0.477,0.265,0.344,0.030,0.050,0.076,0.051,1.239,0.400,0.700,0.400,1.365,0.100,0.200,0.040,1.000,0.500,0.800,0.300,0.400
Tree,5540,9.300,0.031,0.735,0.551,0.306,0.402,0.030,0.050,0.081,0.054,1.373,0.400,0.700,0.400,1.415,0.100,0.200,0.040,1.000,0.500,0.800,0.300,0.400
Tree,5559,0.010,0.005,0.012,0.009,0.005,0.253,0.030,0.050,0.075,0.050,1.200,0.400,0.700,0.400,1.350,0.100,0.200,0.040,1.000,0.500,0.800,0.300,0.400
Tree,5560,15.804,0.005,0.371,0.279,0.155,0.191,0.030,0.050,0.063,0.042,0.888,0.400,0.700,0.400,1.233,0.100,0.200,0.040,1.000,0.500,0.800,0.300,0.400
Tree,5561,14.378,0.025,0.660,0.495,0.275,0.358,0.030,0.050,0.078,0.052,1.273,0.400,0.700,0.400,1.377,0.100,0.200,0.040,1.000,0.500,0.800,0.300,0.400
Tree,5562,13.240,0.016,0.526,0.395,0.219,0.281,0.030,0.050,0.071,0.047,1.095,0.400,0.700,0.400,1.310,0.100,0.200,0.040,1.000,0.500,0.800,0.300,0.400
Tree,5582,13.007,0.014,0.505,0.379,0.210,0.268,0.030,0.050,0.070,0.047,1.066,0.400,0.700,0.400,1.300,0.100,0.200,0.040,1.000,0.500,0.800,0.300,0.400
Tree,5581,10.152,0.036,0.813,0.610,0.339,0.447,0.030,0.050,0.085,0.057,1.477,0.400,0.700,0.400,1.454,0.100,0.200,0.040,1.000,0.500,0.800,0.300,0.400
Tree,5580,9.771,0.317,0.684,0.512,0.285,0.401,0.030,0.050,0.082,0.055,1.383,0.400,0.700,0.400,1.418,0.100,0.200,0.040,1.000,0.500,0.800,0.300,0.400
Tree,5579,12.487,0.020,0.581,0.435,0.242,0.312,0.030,0.050,0.074,0.049,1.166,0.400,0.700,0.400,1.337,0.100,0.200,0.040,1.000,0.500,0.800,0.300,0.400
Tree,5578,10.558,0.025,0.648,0.487,0.270,0.351,0.030,0.050,0.077,0.051,1.257,0.400,0.700,0.400,1.371,0.100,0.200,0.040,1.000,0.500,0.800,0.300,0.400
Tree,5577,10.663,0.035,0.792,0.593,0.329,0.434,0.030,0.050,0.084,0.056,1.448,0.400,0.700,0.400,1.443,0.100,0.200,0.040,1.000,0.500,0.800,0.300,0.400
Tree,5576,14.326,0.031,0.758,0.569,0.316,0.408,0.030,0.050,0.082,0.055,1.386,0.400,0.700,0.400,1.420,0.100,0.200,0.040,1.000,0.500,0.800,0.300,0.400
Tree,5575,16.080,0.027,0.734,0.551,0.306,0.403,0.030,0.050,0.082,0.054,1.378,0.400,0.700,0.400,1.417,0.100,0.200,0.040,1.000,0.500,0.800,0.300,0.400
Tree,5574,13.268,0.028,0.692,0.519,0.288,0.377,0.030,0.050,0.079,0.053,1.316,0.400,0.700,0.400,1.393,0.100,0.200,0.040,1.000,0.500,0.800,0.300,0.400
Tree,5539,12.146,0.023,0.628,0.471,0.262,0.338,0.030,0.050,0.076,0.051,1.227,0.400,0.700,0.400,1.360,0.100,0.200,0.040,1.000,0.500,0.800,0.300,0.400
Tree,5573,13.182,0.028,0.704,0.528,0.293,0.383,0.030,0.050,0.080,0.053,1.330,0.400,0.700,0.400,1.399,0.100,0.200,0.040,1.000,0.500,0.800,0.300,0.400
Tree,5571,11.079,0.033,0.761,0.571,0.317,0.416,0.030,0.050,0.083,0.055,1.407,0.400,0.700,0.400,1.428,0.100,0.200,0.040,1.000,0.500,0.800,0.300,0.400
Tree,5570,11.116,0.029,0.715,0.537,0.298,0.389,0.030,0.050,0.080,0.054,1.345,0.400,0.700,0.400,1.404,0.100,0.200,0.040,1.000,0.500,0.800,0.300,0.400
Tree,5569,11.284,0.031,0.732,0.548,0.304,0.399,0.030,0.050,0.081,0.054,1.368,0.400,0.700,0.400,1.413,0.100,0.200,0.040,1.000,0.500,0.800,0.300,0.400
Tree,5568,13.312,0.018,0.556,0.417,0.232,0.299,0.030,0.050,0.073,0.048,1.137,0.400,0.700,0.400,1.326,0.100,0.200,0.040,1.000,0.500,0.800,0.300,0.400
Tree,5567,11.929,0.018,0.563,0.422,0.234,0.302,0.030,0.050,0.073,0.049,1.143,0.400,0.700,0.400,1.329,0.100,0.200,0.040,1.000,0.500,0.800,0.300,0.400
Tree,5566,14.791,0.021,0.580,0.435,0.242,0.318,0.030,0.050,0.074,0.050,1.184,0.400,0.700,0.400,1.344,0.100,0.200,0.040,1.000,0.500,0.800,0.300,0.400
Tree,5565,0.010,0.005,0.012,0.009,0.005,0.253,0.030,0.050,0.075,0.050,1.200,0.400,0.700,0.400,1.350,0.100,0.200,0.040,1.000,0.500,0.800,0.300,0.400
Tree,5564,12.111,0.021,0.607,0.455,0.252,0.325,0.030,0.050,0.075,0.050,1.195,0.400,0.700,0.400,1.348,0.100,0.200,0.040,1.000,0.500,0.800,0.300,0.400
Tree,5563,13.391,0.015,0.521,0.391,0.217,0.277,0.030,0.050,0.071,0.047,1.088,0.400,0.700,0.400,1.308,0.100,0.200,0.040,1.000,0.500,0.800,0.300,0.400
Tree,5572,15.788,0.033,0.788,0.591,0.328,0.435,0.030,0.050,0.084,0.056,1.452,0.400,0.700,0.400,1.444,0.100,0.200,0.040,1.000,0.500,0.800,0.300,0.400
Tree,5538,15.491,0.025,0.655,0.491,0.273,0.355,0.030,0.050,0.077,0.052,1.266,0.400,0.700,0.400,1.375,0.100,0.200,0.040,1.000,0.500,0.800,0.300,0.400
Tree,5537,8.459,0.036,0.811,0.608,0.338,0.443,0.030,0.050,0.085,0.057,1.468,0.400,0.700,0.400,1.451,0.100,0.200,0.040,1.000,0.500,0.800,0.300,0.400
Tree,5536,7.983,0.039,0.844,0.634,0.352,0.464,0.030,0.050,0.087,0.058,1.518,0.400,0.700,0.400,1.469,0.100,0.200,0.040,1.000,0.500,0.800,0.300,0.400
Tree,5511,7.710,0.006,0.385,0.289,0.160,0.199,0.030,0.050,0.064,0.043,0.907,0.400,0.700,0.400,1.240,0.100,0.200,0.040,1.000,0.500,0.800,0.300,0.400
Tree,5510,7.354,0.003,0.351,0.263,0.146,0.179,0.030,0.050,0.062,0.042,0.861,0.400,0.700,0.400,1.223,0.100,0.200,0.040,1.000,0.500,0.800,0.300,0.400
Tree,5509,6.587,0.017,0.541,0.406,0.225,0.290,0.030,0.050,0.072,0.048,1.115,0.400,0.700,0.400,1.318,0.100,0.200,0.040,1.000,0.500,0.800,0.300,0.400
Tree,5508,5.845,0.029,0.708,0.531,0.295,0.386,0.030,0.050,0.080,0.053,1.337,0.400,0.700,0.400,1.401,0.100,0.200,0.040,1.000,0.500,0.800,0.300,0.400
Tree,5507,7.853,0.007,0.402,0.301,0.167,0.208,0.030,0.050,0.065,0.043,0.928,0.400,0.700,0.400,1.248,0.100,0.200,0.040,1.000,0.500,0.800,0.300,0.400
Tree,5506,6.581,0.021,0.596,0.447,0.248,0.321,0.030,0.050,0.075,0.050,1.187,0.400,0.700,0.400,1.345,0.100,0.200,0.040,1.000,0.500,0.800,0.300,0.400
Tree,5505,6.119,0.023,0.632,0.474,0.263,0.342,0.030,0.050,0.076,0.051,1.235,0.400,0.700,0.400,1.363,0.100,0.200,0.040,1.000,0.500,0.800,0.300,0.400
Tree,5504,10.874,0.001,0.317,0.238,0.132,0.160,0.030,0.050,0.061,0.040,0.816,0.400,0.700,0.400,1.206,0.100,0.200,0.040,1.000,0.500,0.800,0.300,0.400
Tree,5503,10.621,0.004,0.354,0.266,0.148,0.181,0.030,0.050,0.062,0.042,0.866,0.400,0.700,0.400,1.225,0.100,0.200,0.040,1.000,0.500,0.800,0.300,0.400
Tree,5512,12.324,0.021,0.602,0.452,0.251,0.324,0.030,0.050,0.075,0.050,1.194,0.400,0.700,0.400,1.348,0.100,0.200,0.040,1.000,0.500,0.800,0.300,0.400
Tree,5502,0.010,0.005,0.012,0.009,0.005,0.253,0.030,0.050,0.075,0.050,1.200,0.400,0.700,0.400,1.350,0.100,0.200,0.040,1.000,0.500,0.800,0.300,0.400
Tree,5500,7.191,0.013,0.480,0.360,0.200,0.254,0.030,0.050,0.069,0.046,1.033,0.400,0.700,0.400,1.287,0.100,0.200,0.040,1.000,0.500,0.800,0.300,0.400
Tree,5499,7.940,0.004,0.362,0.272,0.151,0.186,0.030,0.050,0.063,0.042,0.876,0.400,0.700,0.400,1.229,0.100,0.200,0.040,1.000,0.500,0.800,0.300,0.400
Tree,5498,5.123,0.002,0.330,0.248,0.138,0.168,0.030,0.050,0.061,0.041,0.834,0.400,0.700,0.400,1.213,0.100,0.200,0.040,1.000,0.500,0.800,0.300,0.400
Tree,5497,7.017,0.011,0.464,0.349,0.193,0.245,0.030,0.050,0.068,0.045,1.012,0.400,0.700,0.400,1.280,0.100,0.200,0.040,1.000,0.500,0.800,0.300,0.400
Tree,5496,16.967,0.001,0.217,0.162,0.090,0.113,0.030,0.050,0.061,0.041,0.821,0.400,0.700,0.400,1.208,0.100,0.200,0.040,1.000,0.500,0.800,0.300,0.400
Tree,5495,8.163,0.004,0.378,0.283,0.157,0.193,0.030,0.050,0.063,0.042,0.886,0.400,0.700,0.400,1.232,0.100,0.200,0.040,1.000,0.500,0.800,0.300,0.400
Tree,5494,9.373,0.271,0.785,0.589,0.327,0.434,0.030,0.050,0.084,0.056,1.439,0.400,0.700,0.400,1.440,0.100,0.200,0.040,1.000,0.500,0.800,0.300,0.400
Tree,5493,8.477,0.001,0.314,0.236,0.131,0.158,0.030,0.050,0.060,0.040,0.812,0.400,0.700,0.400,1.204,0.100,0.200,0.040,1.000,0.500,0.800,0.300,0.400
Tree,5492,6.843,0.015,0.509,0.382,0.212,0.270,0.030,0.050,0.070,0.047,1.071,0.400,0.700,0.400,1.301,0.100,0.200,0.040,1.000,0.500,0.800,0.300,0.400
Tree,5501,7.078,0.013,0.485,0.364,0.202,0.257,0.030,0.050,0.069,0.046,1.040,0.400,0.700,0.400,1.290,0.100,0.200,0.040,1.000,0.500,0.800,0.300,0.400
Tree,5583,14.053,0.013,0.492,0.369,0.204,0.260,0.030,0.050,0.069,0.046,1.047,0.400,0.700,0.400,1.293,0.100,0.200,0.040,1.000,0.500,0.800,0.300,0.400
Tree,5513,12.768,0.016,0.532,0.399,0.221,0.284,0.030,0.050,0.071,0.048,1.102,0.400,0.700,0.400,1.313,0.100,0.200,0.040,1.000,0.500,0.800,0.300,0.400
Tree,5515,13.045,0.033,0.774,0.580,0.322,0.423,0.030,0.050,0.083,0.056,1.423,0.400,0.700,0.400,1.434,0.100,0.200,0.040,1.000,0.500,0.800,0.300,0.400
Tree,5535,8.933,0.030,0.729,0.547,0.304,0.398,0.030,0.050,0.081,0.054,1.364,0.400,0.700,0.400,1.412,0.100,0.200,0.040,1.000,0.500,0.800,0.300,0.400
Tree,5534,11.739,0.025,0.647,0.485,0.269,0.351,0.030,0.050,0.077,0.051,1.256,0.400,0.700,0.400,1.371,0.100,0.200,0.040,1.000,0.500,0.800,0.300,0.400
Tree,5533,10.116,0.033,0.771,0.579,0.322,0.422,0.030,0.050,0.083,0.056,1.421,0.400,0.700,0.400,1.433,0.100,0.200,0.040,1.000,0.500,0.800,0.300,0.400
Tree,5532,8.608,0.035,0.794,0.596,0.331,0.435,0.030,0.050,0.084,0.056,1.451,0.400,0.700,0.400,1.444,0.100,0.200,0.040,1.000,0.500,0.800,0.300,0.400
Tree,5531,12.181,0.024,0.639,0.480,0.266,0.346,0.030,0.050,0.077,0.051,1.246,0.400,0.700,0.400,1.367,0.100,0.200,0.040,1.000,0.500,0.800,0.300,0.400
Tree,5530,13.195,0.017,0.547,0.410,0.228,0.292,0.030,0.050,0.072,0.048,1.120,0.400,0.700,0.400,1.320,0.100,0.200,0.040,1.000,0.500,0.800,0.300,0.400
Tree,5529,9.419,0.028,0.705,0.529,0.294,0.383,0.030,0.050,0.080,0.053,1.330,0.400,0.700,0.400,1.399,0.100,0.200,0.040,1.000,0.500,0.800,0.300,0.400
Tree,5528,12.036,0.020,0.587,0.440,0.244,0.315,0.030,0.050,0.074,0.049,1.174,0.400,0.700,0.400,1.340,0.100,0.200,0.040,1.000,0.500,0.800,0.300,0.400
Tree,5527,11.272,0.031,0.732,0.549,0.305,0.400,0.030,0.050,0.081,0.054,1.369,0.400,0.700,0.400,1.413,0.100,0.200,0.040,1.000,0.500,0.800,0.300,0.400
Tree,5514,7.771,0.036,0.806,0.605,0.336,0.443,0.030,0.050,0.085,0.057,1.468,0.400,0.700,0.400,1.450,0.100,0.200,0.040,1.000,0.500,0.800,0.300,0.400
Tree,5526,11.750,0.027,0.692,0.519,0.288,0.374,0.030,0.050,0.079,0.053,1.309,0.400,0.700,0.400,1.391,0.100,0.200,0.040,1.000,0.500,0.800,0.300,0.400
Tree,5524,7.903,0.031,0.745,0.559,0.310,0.406,0.030,0.050,0.082,0.055,1.384,0.400,0.700,0.400,1.419,0.100,0.200,0.040,1.000,0.500,0.800,0.300,0.400
Tree,5523,16.304,0.003,0.345,0.260,0.144,0.176,0.030,0.050,0.062,0.041,0.852,0.400,0.700,0.400,1.220,0.100,0.200,0.040,1.000,0.500,0.800,0.300,0.400
Tree,5522,10.696,0.026,0.664,0.498,0.277,0.359,0.030,0.050,0.078,0.052,1.275,0.400,0.700,0.400,1.378,0.100,0.200,0.040,1.000,0.500,0.800,0.300,0.400
Tree,5521,13.698,0.016,0.529,0.396,0.221,0.280,0.030,0.050,0.071,0.047,1.091,0.400,0.700,0.400,1.309,0.100,0.200,0.040,1.000,0.500,0.800,0.300,0.400
Tree,5520,10.472,0.026,0.672,0.503,0.280,0.363,0.030,0.050,0.078,0.052,1.284,0.400,0.700,0.400,1.382,0.100,0.200,0.040,1.000,0.500,0.800,0.300,0.400
Tree,5519,4.385,0.042,0.889,0.667,0.370,0.491,0.030,0.050,0.089,0.059,1.579,0.400,0.700,0.400,1.492,0.100,0.200,0.040,1.000,0.500,0.800,0.300,0.400
Tree,5518,10.285,0.034,0.784,0.588,0.327,0.430,0.030,0.050,0.084,0.056,1.438,0.400,0.700,0.400,1.439,0.100,0.200,0.040,1.000,0.500,0.800,0.300,0.400
Tree,5517,15.350,0.013,0.483,0.363,0.201,0.256,0.030,0.050,0.069,0.046,1.038,0.400,0.700,0.400,1.289,0.100,0.200,0.040,1.000,0.500,0.800,0.300,0.400
Tree,5516,11.624,0.028,0.702,0.527,0.293,0.382,0.030,0.050,0.080,0.053,1.328,0.400,0.700,0.400,1.398,0.100,0.200,0.040,1.000,0.500,0.800,0.300,0.400
Tree,5525,9.728,0.032,0.757,0.567,0.315,0.414,0.030,0.050,0.083,0.055,1.401,0.400,0.700,0.400,1.426,0.100,0.200,0.040,1.000,0.500,0.800,0.300,0.400
Tree,5679,7.532,0.091,0.504,0.378,0.210,0.410,0.030,0.050,0.081,0.054,1.371,0.400,0.700,0.400,1.414,0.100,0.200,0.040,1.000,0.500,0.800,0.300,0.400
Tree,5584,13.518,0.015,0.519,0.389,0.216,0.276,0.030,0.050,0.071,0.047,1.084,0.400,0.700,0.400,1.307,0.100,0.200,0.040,1.000,0.500,0.800,0.300,0.400
Tree,5586,16.745,0.025,0.773,0.580,0.322,0.427,0.030,0.050,0.084,0.056,1.434,0.400,0.700,0.400,1.438,0.100,0.200,0.040,1.000,0.500,0.800,0.300,0.400
Tree,5653,0.010,0.005,0.012,0.009,0.005,0.253,0.030,0.050,0.075,0.050,1.200,0.400,0.700,0.400,1.350,0.100,0.200,0.040,1.000,0.500,0.800,0.300,0.400
Tree,5652,0.010,0.005,0.012,0.009,0.005,0.253,0.030,0.050,0.075,0.050,1.200,0.400,0.700,0.400,1.350,0.100,0.200,0.040,1.000,0.500,0.800,0.300,0.400
Tree,5651,0.010,0.005,0.012,0.009,0.005,0.253,0.030,0.050,0.075,0.050,1.200,0.400,0.700,0.400,1.350,0.100,0.200,0.040,1.000,0.500,0.800,0.300,0.400
Tree,5650,3.877,0.042,0.888,0.667,0.370,0.490,0.030,0.050,0.089,0.059,1.578,0.400,0.700,0.400,1.492,0.100,0.200,0.040,1.000,0.500,0.800,0.300,0.400
Tree,5649,0.003,0.014,0.295,0.221,0.123,0.163,0.030,0.050,0.070,0.046,1.054,0.400,0.700,0.400,1.295,0.100,0.200,0.040,1.000,0.500,0.800,0.300,0.400
Tree,5648,0.003,0.017,0.375,0.282,0.156,0.207,0.030,0.050,0.072,0.048,1.125,0.400,0.700,0.400,1.322,0.100,0.200,0.040,1.000,0.500,0.800,0.300,0.400
Tree,5647,0.003,0.025,0.529,0.397,0.221,0.291,0.030,0.050,0.077,0.052,1.261,0.400,0.700,0.400,1.373,0.100,0.200,0.040,1.000,0.500,0.800,0.300,0.400
Tree,5646,0.003,0.028,0.587,0.441,0.245,0.323,0.030,0.050,0.079,0.053,1.313,0.400,0.700,0.400,1.392,0.100,0.200,0.040,1.000,0.500,0.800,0.300,0.400
Tree,5645,0.003,0.022,0.459,0.344,0.191,0.254,0.030,0.050,0.075,0.050,1.202,0.400,0.700,0.400,1.351,0.100,0.200,0.040,1.000,0.500,0.800,0.300,0.400
Tree,5644,0.003,0.033,0.694,0.521,0.289,0.383,0.030,0.050,0.083,0.055,1.410,0.400,0.700,0.400,1.429,0.100,0.200,0.040,1.000,0.500,0.800,0.300,0.400
Tree,5643,0.003,0.000,0.018,0.014,0.008,0.010,0.030,0.050,0.060,0.040,0.806,0.400,0.700,0.400,1.202,0.100,0.200,0.040,1.000,0.500,0.800,0.300,0.400
Tree,5642,0.003,0.017,0.365,0.274,0.152,0.201,0.030,0.050,0.072,0.048,1.116,0.400,0.700,0.400,1.318,0.100,0.200,0.040,1.000,0.500,0.800,0.300,0.400
Tree,5641,0.003,0.033,0.772,0.578,0.322,0.425,0.030,0.050,0.085,0.057,1.478,0.400,0.700,0.400,1.454,0.100,0.200,0.040,1.000,0.500,0.800,0.300,0.400
Tree,5640,0.003,0.023,0.495,0.372,0.207,0.274,0.030,0.050,0.076,0.051,1.233,0.400,0.700,0.400,1.363,0.100,0.200,0.040,1.000,0.500,0.800,0.300,0.400
Tree,5639,0.003,0.018,0.390,0.293,0.163,0.215,0.030,0.050,0.073,0.048,1.139,0.400,0.700,0.400,1.327,0.100,0.200,0.040,1.000,0.500,0.800,0.300,0.400
Tree,5638,0.003,0.005,0.112,0.085,0.047,0.061,0.030,0.050,0.063,0.042,0.890,0.400,0.700,0.400,1.234,0.100,0.200,0.040,1.000,0.500,0.800,0.300,0.400
Tree,5637,0.003,0.020,0.436,0.327,0.182,0.239,0.030,0.050,0.074,0.049,1.178,0.400,0.700,0.400,1.342,0.100,0.200,0.040,1.000,0.500,0.800,0.300,0.400
Tree,5636,0.003,0.015,0.321,0.241,0.134,0.177,0.030,0.050,0.070,0.047,1.078,0.400,0.700,0.400,1.304,0.100,0.200,0.040,1.000,0.500,0.800,0.300,0.400
Tree,5635,0.003,0.014,0.296,0.223,0.124,0.163,0.030,0.050,0.070,0.046,1.055,0.400,0.700,0.400,1.296,0.100,0.200,0.040,1.000,0.500,0.800,0.300,0.400
Tree,5654,4.222,0.043,0.905,0.679,0.377,0.500,0.030,0.050,0.090,0.060,1.600,0.400,0.700,0.400,1.500,0.100,0.200,0.040,1.000,0.500,0.800,0.300,0.400
Tree,5655,3.699,0.043,0.904,0.678,0.377,0.499,0.030,0.050,0.090,0.060,1.599,0.400,0.700,0.400,1.500,0.100,0.200,0.040,1.000,0.500,0.800,0.300,0.400
Tree,5656,0.010,0.005,0.012,0.009,0.005,0.253,0.030,0.050,0.075,0.050,1.200,0.400,0.700,0.400,1.350,0.100,0.200,0.040,1.000,0.500,0.800,0.300,0.400
Tree,5657,0.010,0.005,0.012,0.009,0.005,0.253,0.030,0.050,0.075,0.050,1.200,0.400,0.700,0.400,1.350,0.100,0.200,0.040,1.000,0.500,0.800,0.300,0.400
Tree,5677,6.721,0.109,0.528,0.396,0.220,0.444,0.030,0.050,0.085,0.057,1.468,0.400,0.700,0.400,1.451,0.100,0.200,0.040,1.000,0.500,0.800,0.300,0.400
Tree,5676,9.307,0.045,0.595,0.446,0.248,0.341,0.030,0.050,0.076,0.051,1.230,0.400,0.700,0.400,1.361,0.100,0.200,0.040,1.000,0.500,0.800,0.300,0.400
Tree,5675,9.503,0.234,0.530,0.398,0.221,0.429,0.030,0.050,0.084,0.056,1.449,0.400,0.700,0.400,1.443,0.100,0.200,0.040,1.000,0.500,0.800,0.300,0.400
Tree,5674,9.230,0.249,0.539,0.404,0.225,0.445,0.030,0.050,0.086,0.057,1.486,0.400,0.700,0.400,1.457,0.100,0.200,0.040,1.000,0.500,0.800,0.300,0.400
Tree,5673,0.010,0.005,0.012,0.009,0.005,0.253,0.030,0.050,0.075,0.050,1.200,0.400,0.700,0.400,1.350,0.100,0.200,0.040,1.000,0.500,0.800,0.300,0.400
Tree,5672,13.009,0.042,0.894,0.671,0.372,0.494,0.030,0.050,0.089,0.060,1.585,0.400,0.700,0.400,1.494,0.100,0.200,0.040,1.000,0.500,0.800,0.300,0.400
Tree,5671,7.433,0.042,0.898,0.674,0.374,0.496,0.030,0.050,0.090,0.060,1.591,0.400,0.700,0.400,1.497,0.100,0.200,0.040,1.000,0.500,0.800,0.300,0.400
Tree,5670,8.552,0.031,0.738,0.554,0.308,0.404,0.030,0.050,0.082,0.054,1.378,0.400,0.700,0.400,1.417,0.100,0.200,0.040,1.000,0.500,0.800,0.300,0.400
Tree,5669,8.546,0.034,0.781,0.586,0.325,0.428,0.030,0.050,0.084,0.056,1.435,0.400,0.700,0.400,1.438,0.100,0.200,0.040,1.000,0.500,0.800,0.300,0.400
Tree,5634,0.003,0.028,0.603,0.453,0.252,0.333,0.030,0.050,0.080,0.053,1.329,0.400,0.700,0.400,1.398,0.100,0.200,0.040,1.000,0.500,0.800,0.300,0.400
Tree,5668,8.965,0.043,0.900,0.675,0.375,0.497,0.030,0.050,0.090,0.060,1.593,0.400,0.700,0.400,1.497,0.100,0.200,0.040,1.000,0.500,0.800,0.300,0.400
Tree,5666,0.010,0.005,0.012,0.009,0.005,0.253,0.030,0.050,0.075,0.050,1.200,0.400,0.700,0.400,1.350,0.100,0.200,0.040,1.000,0.500,0.800,0.300,0.400
Tree,5665,0.010,0.005,0.012,0.009,0.005,0.253,0.030,0.050,0.075,0.050,1.200,0.400,0.700,0.400,1.350,0.100,0.200,0.040,1.000,0.500,0.800,0.300,0.400
Tree,5664,0.010,0.005,0.012,0.009,0.005,0.253,0.030,0.050,0.075,0.050,1.200,0.400,0.700,0.400,1.350,0.100,0.200,0.040,1.000,0.500,0.800,0.300,0.400
Tree,5663,0.010,0.005,0.012,0.009,0.005,0.253,0.030,0.050,0.075,0.050,1.200,0.400,0.700,0.400,1.350,0.100,0.200,0.040,1.000,0.500,0.800,0.300,0.400
Tree,5662,0.010,0.005,0.012,0.009,0.005,0.253,0.030,0.050,0.075,0.050,1.200,0.400,0.700,0.400,1.350,0.100,0.200,0.040,1.000,0.500,0.800,0.300,0.400
Tree,5661,0.010,0.005,0.012,0.009,0.005,0.253,0.030,0.050,0.075,0.050,1.200,0.400,0.700,0.400,1.350,0.100,0.200,0.040,1.000,0.500,0.800,0.300,0.400
Tree,5660,0.010,0.005,0.012,0.009,0.005,0.253,0.030,0.050,0.075,0.050,1.200,0.400,0.700,0.400,1.350,0.100,0.200,0.040,1.000,0.500,0.800,0.300,0.400
Tree,5659,10.567,0.021,0.597,0.448,0.249,0.322,0.030,0.050,0.075,0.050,1.189,0.400,0.700,0.400,1.346,0.100,0.200,0.040,1.000,0.500,0.800,0.300,0.400
Tree,5658,0.010,0.005,0.012,0.009,0.005,0.253,0.030,0.050,0.075,0.050,1.200,0.400,0.700,0.400,1.350,0.100,0.200,0.040,1.000,0.500,0.800,0.300,0.400
Tree,5667,7.465,0.043,0.906,0.679,0.377,0.500,0.030,0.050,0.090,0.060,1.600,0.400,0.700,0.400,1.500,0.100,0.200,0.040,1.000,0.500,0.800,0.300,0.400
Tree,5633,0.003,0.018,0.382,0.287,0.159,0.211,0.030,0.050,0.072,0.048,1.132,0.400,0.700,0.400,1.325,0.100,0.200,0.040,1.000,0.500,0.800,0.300,0.400
Tree,5632,0.003,0.022,0.459,0.345,0.191,0.253,0.030,0.050,0.075,0.050,1.201,0.400,0.700,0.400,1.350,0.100,0.200,0.040,1.000,0.500,0.800,0.300,0.400
Tree,5631,0.003,0.026,0.548,0.411,0.228,0.302,0.030,0.050,0.078,0.052,1.280,0.400,0.700,0.400,1.380,0.100,0.200,0.040,1.000,0.500,0.800,0.300,0.400
Tree,5606,12.469,0.019,0.573,0.430,0.239,0.308,0.030,0.050,0.073,0.049,1.157,0.400,0.700,0.400,1.334,0.100,0.200,0.040,1.000,0.500,0.800,0.300,0.400
Tree,5605,0.010,0.005,0.012,0.009,0.005,0.253,0.030,0.050,0.075,0.050,1.200,0.400,0.700,0.400,1.350,0.100,0.200,0.040,1.000,0.500,0.800,0.300,0.400
Tree,5604,11.706,0.025,0.660,0.495,0.275,0.358,0.030,0.050,0.078,0.052,1.273,0.400,0.700,0.400,1.377,0.100,0.200,0.040,1.000,0.500,0.800,0.300,0.400
Tree,5603,11.066,0.025,0.650,0.487,0.271,0.352,0.030,0.050,0.077,0.051,1.258,0.400,0.700,0.400,1.372,0.100,0.200,0.040,1.000,0.500,0.800,0.300,0.400
Tree,5602,11.824,0.032,0.760,0.570,0.317,0.414,0.030,0.050,0.083,0.055,1.402,0.400,0.700,0.400,1.426,0.100,0.200,0.040,1.000,0.500,0.800,0.300,0.400
Tree,5601,0.010,0.005,0.012,0.009,0.005,0.253,0.030,0.050,0.075,0.050,1.200,0.400,0.700,0.400,1.350,0.100,0.200,0.040,1.000,0.500,0.800,0.300,0.400
Tree,5600,10.590,0.025,0.660,0.495,0.275,0.356,0.030,0.050,0.078,0.052,1.269,0.400,0.700,0.400,1.376,0.100,0.200,0.040,1.000,0.500,0.800,0.300,0.400
Tree,5599,12.486,0.028,0.696,0.522,0.290,0.377,0.030,0.050,0.079,0.053,1.316,0.400,0.700,0.400,1.394,0.100,0.200,0.040,1.000,0.500,0.800,0.300,0.400
Tree,5598,16.597,0.029,0.810,0.607,0.337,0.444,0.030,0.050,0.085,0.057,1.472,0.400,0.700,0.400,1.452,0.100,0.200,0.040,1.000,0.500,0.800,0.300,0.400
Tree,5607,14.712,0.038,0.833,0.625,0.347,0.458,0.030,0.050,0.086,0.058,1.503,0.400,0.700,0.400,1.464,0.100,0.200,0.040,1.000,0.500,0.800,0.300,0.400
Tree,5597,13.458,0.040,0.861,0.646,0.359,0.474,0.030,0.050,0.088,0.059,1.541,0.400,0.700,0.400,1.478,0.100,0.200,0.040,1.000,0.500,0.800,0.300,0.400
Tree,5595,14.739,0.019,0.570,0.428,0.238,0.305,0.030,0.050,0.073,0.049,1.151,0.400,0.700,0.400,1.332,0.100,0.200,0.040,1.000,0.500,0.800,0.300,0.400
Tree,5594,14.654,0.018,0.564,0.423,0.235,0.303,0.030,0.050,0.073,0.049,1.145,0.400,0.700,0.400,1.330,0.100,0.200,0.040,1.000,0.500,0.800,0.300,0.400
Tree,5593,16.211,0.029,0.754,0.565,0.314,0.414,0.030,0.050,0.083,0.055,1.402,0.400,0.700,0.400,1.426,0.100,0.200,0.040,1.000,0.500,0.800,0.300,0.400
Tree,5592,11.022,0.037,0.823,0.617,0.343,0.453,0.030,0.050,0.086,0.057,1.491,0.400,0.700,0.400,1.459,0.100,0.200,0.040,1.000,0.500,0.800,0.300,0.400
Tree,5591,11.146,0.032,0.749,0.562,0.312,0.410,0.030,0.050,0.082,0.055,1.393,0.400,0.700,0.400,1.422,0.100,0.200,0.040,1.000,0.500,0.800,0.300,0.400
Tree,5590,11.017,0.034,0.775,0.581,0.323,0.425,0.030,0.050,0.083,0.056,1.426,0.400,0.700,0.400,1.435,0.100,0.200,0.040,1.000,0.500,0.800,0.300,0.400
Tree,5589,12.005,0.029,0.709,0.532,0.295,0.386,0.030,0.050,0.080,0.053,1.338,0.400,0.700,0.400,1.402,0.100,0.200,0.040,1.000,0.500,0.800,0.300,0.400
Tree,5588,14.462,0.032,0.754,0.565,0.314,0.412,0.030,0.050,0.082,0.055,1.398,0.400,0.700,0.400,1.424,0.100,0.200,0.040,1.000,0.500,0.800,0.300,0.400
Tree,5587,15.988,0.027,0.699,0.524,0.291,0.381,0.030,0.050,0.080,0.053,1.325,0.400,0.700,0.400,1.397,0.100,0.200,0.040,1.000,0.500,0.800,0.300,0.400
Tree,5596,13.320,0.015,0.510,0.383,0.212,0.271,0.030,0.050,0.070,0.047,1.072,0.400,0.700,0.400,1.302,0.100,0.200,0.040,1.000,0.500,0.800,0.300,0.400
Tree,5585,12.405,0.021,0.603,0.452,0.251,0.325,0.030,0.050,0.075,0.050,1.198,0.400,0.700,0.400,1.349,0.100,0.200,0.040,1.000,0.500,0.800,0.300,0.400
Tree,5608,16.208,0.038,0.820,0.615,0.342,0.451,0.030,0.050,0.086,0.057,1.487,0.400,0.700,0.400,1.458,0.100,0.200,0.040,1.000,0.500,0.800,0.300,0.400
Tree,5610,14.358,0.040,0.860,0.645,0.358,0.472,0.030,0.050,0.088,0.058,1.537,0.400,0.700,0.400,1.476,0.100,0.200,0.040,1.000,0.500,0.800,0.300,0.400
Tree,5630,0.003,0.037,0.786,0.590,0.327,0.430,0.030,0.050,0.086,0.057,1.486,0.400,0.700,0.400,1.457,0.100,0.200,0.040,1.000,0.500,0.800,0.300,0.400
Tree,5629,0.003,0.026,0.555,0.416,0.231,0.306,0.030,0.050,0.078,0.052,1.286,0.400,0.700,0.400,1.382,0.100,0.200,0.040,1.000,0.500,0.800,0.300,0.400
Tree,5628,0.003,0.026,0.542,0.407,0.226,0.299,0.030,0.050,0.078,0.052,1.275,0.400,0.700,0.400,1.378,0.100,0.200,0.040,1.000,0.500,0.800,0.300,0.400
Tree,5627,0.003,0.008,0.171,0.129,0.072,0.095,0.030,0.050,0.065,0.044,0.944,0.400,0.700,0.400,1.254,0.100,0.200,0.040,1.000,0.500,0.800,0.300,0.400
Tree,5626,0.003,0.013,0.286,0.215,0.119,0.158,0.030,0.050,0.069,0.046,1.046,0.400,0.700,0.400,1.292,0.100,0.200,0.040,1.000,0.500,0.800,0.300,0.400
Tree,5625,0.003,0.036,0.757,0.567,0.315,0.418,0.030,0.050,0.085,0.057,1.467,0.400,0.700,0.400,1.450,0.100,0.200,0.040,1.000,0.500,0.800,0.300,0.400
Tree,5624,0.003,0.027,0.556,0.417,0.231,0.307,0.030,0.050,0.078,0.052,1.287,0.400,0.700,0.400,1.383,0.100,0.200,0.040,1.000,0.500,0.800,0.300,0.400
Tree,5623,0.003,0.014,0.296,0.222,0.123,0.163,0.030,0.050,0.070,0.046,1.055,0.400,0.700,0.400,1.296,0.100,0.200,0.040,1.000,0.500,0.800,0.300,0.400
Tree,5622,0.003,0.025,0.528,0.396,0.220,0.291,0.030,0.050,0.077,0.052,1.261,0.400,0.700,0.400,1.373,0.100,0.200,0.040,1.000,0.500,0.800,0.300,0.400
Tree,5609,14.897,0.039,0.858,0.643,0.358,0.472,0.030,0.050,0.088,0.058,1.535,0.400,0.700,0.400,1.476,0.100,0.200,0.040,1.000,0.500,0.800,0.300,0.400
Tree,5621,0.003,0.011,0.234,0.176,0.098,0.129,0.030,0.050,0.067,0.045,1.000,0.400,0.700,0.400,1.275,0.100,0.200,0.040,1.000,0.500,0.800,0.300,0.400
Tree,5619,0.003,0.007,0.156,0.118,0.065,0.086,0.030,0.050,0.065,0.043,0.930,0.400,0.700,0.400,1.249,0.100,0.200,0.040,1.000,0.500,0.800,0.300,0.400
Tree,5618,0.003,0.038,0.827,0.620,0.344,0.457,0.030,0.050,0.087,0.058,1.530,0.400,0.700,0.400,1.474,0.100,0.200,0.040,1.000,0.500,0.800,0.300,0.400
Tree,5617,0.003,0.012,0.265,0.199,0.111,0.146,0.030,0.050,0.069,0.046,1.027,0.400,0.700,0.400,1.285,0.100,0.200,0.040,1.000,0.500,0.800,0.300,0.400
Tree,5616,0.003,0.011,0.248,0.186,0.104,0.138,0.030,0.050,0.068,0.045,1.013,0.400,0.700,0.400,1.280,0.100,0.200,0.040,1.000,0.500,0.800,0.300,0.400
Tree,5615,0.003,0.038,0.805,0.604,0.335,0.445,0.030,0.050,0.087,0.058,1.510,0.400,0.700,0.400,1.466,0.100,0.200,0.040,1.000,0.500,0.800,0.300,0.400
Tree,5614,0.003,0.022,0.470,0.353,0.196,0.260,0.030,0.050,0.075,0.050,1.211,0.400,0.700,0.400,1.354,0.100,0.200,0.040,1.000,0.500,0.800,0.300,0.400
Tree,5613,0.003,0.024,0.519,0.390,0.217,0.286,0.030,0.050,0.077,0.051,1.254,0.400,0.700,0.400,1.370,0.100,0.200,0.040,1.000,0.500,0.800,0.300,0.400
Tree,5612,0.010,0.005,0.012,0.009,0.005,0.253,0.030,0.050,0.075,0.050,1.200,0.400,0.700,0.400,1.350,0.100,0.200,0.040,1.000,0.500,0.800,0.300,0.400
Tree,5611,11.173,0.025,0.653,0.490,0.272,0.354,0.030,0.050,0.077,0.052,1.264,0.400,0.700,0.400,1.374,0.100,0.200,0.040,1.000,0.500,0.800,0.300,0.400
Tree,5620,0.003,0.014,0.298,0.224,0.125,0.164,0.030,0.050,0.070,0.046,1.056,0.400,0.700,0.400,1.296,0.100,0.200,0.040,1.000,0.500,0.800,0.300,0.400
Tree,5109,0.010,0.005,0.012,0.009,0.005,0.253,0.030,0.050,0.075,0.050,1.200,0.400,0.700,0.400,1.350,0.100,0.200,0.040,1.000,0.500,0.800,0.300,0.400
Tree,3335,11.222,1.138,0.333,0.224,0.271,0.266,0.030,0.050,0.075,0.050,1.600,0.400,0.700,0.400,1.349,0.100,0.200,0.040,1.000,0.507,0.807,0.307,0.407
Tree,5107,7.358,0.026,0.665,0.499,0.277,0.361,0.030,0.050,0.078,0.052,1.279,0.400,0.700,0.400,1.380,0.100,0.200,0.040,1.000,0.500,0.800,0.300,0.400
Tree,3264,26.120,1.198,0.309,0.293,0.202,0.199,0.030,0.050,0.067,0.044,1.600,0.400,0.700,0.400,1.266,0.100,0.200,0.040,1.000,0.500,0.800,0.300,0.400
Tree,3263,10.434,0.769,0.204,0.200,0.123,0.225,0.030,0.050,0.066,0.044,1.600,0.400,0.700,0.400,1.260,0.100,0.200,0.040,1.000,0.514,0.814,0.314,0.414
Tree,3262,11.912,0.883,0.193,0.193,0.124,0.229,0.030,0.050,0.065,0.043,1.600,0.400,0.700,0.400,1.250,0.100,0.200,0.040,1.000,0.514,0.814,0.314,0.414
Tree,3261,7.924,0.000,0.245,0.348,0.110,0.136,0.030,0.050,0.075,0.050,1.600,0.400,0.700,0.400,1.355,0.100,0.200,0.040,1.000,0.500,0.800,0.300,0.400
Tree,3260,15.157,1.217,0.301,0.322,0.189,0.183,0.030,0.050,0.077,0.051,1.600,0.400,0.700,0.400,1.366,0.100,0.200,0.040,1.000,0.500,0.800,0.300,0.400
Tree,3259,0.003,0.047,0.236,0.062,0.126,0.103,0.030,0.050,0.090,0.060,1.600,0.400,0.700,0.400,1.500,0.100,0.200,0.040,1.000,0.500,0.800,0.300,0.400
Tree,3258,1.864,0.008,0.179,0.064,0.104,0.096,0.030,0.050,0.079,0.052,1.600,0.400,0.700,0.400,1.385,0.100,0.200,0.040,1.000,0.500,0.800,0.300,0.400
Tree,3257,8.368,0.008,0.200,0.199,0.120,0.146,0.030,0.050,0.060,0.040,1.600,0.400,0.700,0.400,1.205,0.100,0.200,0.040,1.000,0.500,0.800,0.300,0.400
Tree,3256,3.354,0.549,0.265,0.130,0.171,0.144,0.030,0.050,0.084,0.056,1.600,0.400,0.700,0.400,1.440,0.100,0.200,0.040,1.000,0.500,0.800,0.300,0.400
Tree,3255,0.100,6.387,0.338,0.230,0.244,0.253,0.030,0.050,0.090,0.060,1.600,0.400,0.700,0.400,1.499,0.100,0.200,0.040,1.000,0.500,0.800,0.300,0.400
Tree,3254,27.462,0.000,0.067,0.206,0.058,0.064,0.030,0.050,0.060,0.040,1.600,0.400,0.700,0.400,1.200,0.100,0.200,0.040,1.000,0.508,0.808,0.308,0.408
Tree,3253,11.185,0.279,0.234,0.174,0.108,0.125,0.030,0.050,0.070,0.047,1.600,0.399,0.699,0.399,1.303,0.100,0.200,0.040,1.000,0.500,0.800,0.300,0.400
Tree,3252,1.044,6.279,0.343,0.247,0.256,0.223,0.030,0.050,0.090,0.060,1.600,0.400,0.700,0.400,1.495,0.100,0.200,0.040,1.000,0.500,0.800,0.300,0.400
Tree,3251,0.551,3.096,0.299,0.266,0.164,0.187,0.030,0.050,0.090,0.060,1.600,0.400,0.700,0.400,1.500,0.100,0.200,0.040,1.000,0.500,0.800,0.300,0.400
Tree,3250,0.003,6.510,0.328,0.150,0.251,0.194,0.030,0.050,0.089,0.059,1.600,0.400,0.700,0.400,1.486,0.100,0.200,0.040,1.000,0.500,0.800,0.300,0.400
Tree,3249,8.009,1.056,0.300,0.193,0.241,0.237,0.030,0.050,0.075,0.050,1.600,0.400,0.700,0.400,1.345,0.100,0.200,0.040,1.000,0.512,0.812,0.312,0.412
Tree,3248,24.596,0.553,0.341,0.286,0.255,0.228,0.030,0.050,0.068,0.046,1.600,0.400,0.700,0.400,1.283,0.100,0.200,0.040,1.000,0.500,0.800,0.300,0.400
Tree,3247,8.943,0.000,0.260,0.286,0.088,0.113,0.030,0.050,0.066,0.044,1.600,0.400,0.700,0.400,1.257,0.100,0.200,0.040,1.000,0.539,0.839,0.339,0.439
Tree,3245,7.658,0.140,0.180,0.209,0.093,0.120,0.030,0.050,0.072,0.048,1.600,0.400,0.700,0.400,1.322,0.100,0.200,0.040,1.000,0.526,0.826,0.326,0.426
Tree,3265,27.423,0.473,0.287,0.298,0.182,0.185,0.030,0.050,0.065,0.043,1.600,0.400,0.700,0.400,1.247,0.100,0.200,0.040,1.000,0.500,0.800,0.300,0.400
Tree,3266,0.003,0.001,0.175,0.298,0.058,0.098,0.030,0.050,0.087,0.058,1.600,0.400,0.700,0.400,1.473,0.100,0.200,0.040,1.000,0.504,0.804,0.304,0.404
Tree,3267,1.189,0.000,0.203,0.397,0.036,0.084,0.030,0.050,0.089,0.059,1.600,0.400,0.700,0.400,1.490,0.100,0.200,0.040,1.000,0.500,0.800,0.300,0.400
Tree,3268,27.258,0.000,0.109,0.231,0.078,0.108,0.030,0.050,0.069,0.046,1.600,0.400,0.700,0.400,1.290,0.100,0.200,0.040,1.000,0.500,0.800,0.300,0.400
Tree,3288,5.561,0.001,0.179,0.232,0.076,0.147,0.030,0.050,0.077,0.051,1.600,0.400,0.700,0.400,1.372,0.100,0.200,0.040,1.000,0.529,0.829,0.329,0.429
Tree,3287,25.927,0.000,0.215,0.260,0.138,0.171,0.030,0.050,0.060,0.040,1.600,0.400,0.700,0.400,1.200,0.100,0.200,0.040,1.000,0.500,0.800,0.300,0.400
Tree,3286,15.612,0.000,0.190,0.187,0.114,0.152,0.030,0.050,0.060,0.040,1.600,0.400,0.700,0.400,1.200,0.100,0.200,0.040,1.000,0.510,0.810,0.310,0.410
Tree,3285,9.041,0.375,0.211,0.228,0.119,0.141,0.030,0.050,0.072,0.048,1.600,0.400,0.700,0.400,1.323,0.100,0.200,0.040,1.000,0.518,0.818,0.318,0.418
Tree,3284,11.208,0.370,0.182,0.219,0.103,0.123,0.030,0.050,0.069,0.046,1.600,0.400,0.700,0.400,1.292,0.100,0.200,0.040,1.000,0.520,0.820,0.320,0.420
Tree,3283,11.497,0.059,0.180,0.243,0.092,0.143,0.030,0.050,0.061,0.041,1.600,0.400,0.700,0.400,1.213,0.100,0.200,0.040,1.000,0.518,0.818,0.318,0.418
Tree,3282,3.073,0.003,0.109,0.131,0.056,0.221,0.030,0.050,0.064,0.043,1.600,0.400,0.700,0.400,1.239,0.100,0.200,0.040,1.000,0.516,0.816,0.316,0.416
Tree,3281,11.756,0.225,0.162,0.211,0.096,0.112,0.030,0.050,0.070,0.047,1.600,0.400,0.700,0.400,1.298,0.100,0.200,0.040,1.000,0.517,0.817,0.317,0.417
Tree,3280,9.591,0.331,0.248,0.254,0.120,0.153,0.030,0.050,0.069,0.046,1.600,0.400,0.700,0.400,1.287,0.100,0.200,0.040,1.000,0.520,0.820,0.320,0.420
Tree,3244,12.216,0.107,0.165,0.230,0.092,0.116,0.030,0.050,0.071,0.047,1.600,0.400,0.700,0.400,1.309,0.100,0.200,0.040,1.000,0.513,0.813,0.313,0.413
Tree,3279,10.733,0.445,0.170,0.214,0.098,0.124,0.030,0.050,0.073,0.049,1.600,0.400,0.700,0.400,1.331,0.100,0.200,0.040,1.000,0.515,0.815,0.315,0.415
Tree,3277,7.656,0.012,0.189,0.239,0.095,0.145,0.030,0.050,0.077,0.051,1.600,0.400,0.700,0.400,1.370,0.100,0.200,0.040,1.000,0.515,0.815,0.315,0.415
Tree,3276,17.276,0.002,0.144,0.230,0.071,0.111,0.030,0.050,0.071,0.047,1.600,0.400,0.700,0.400,1.308,0.100,0.200,0.040,1.000,0.505,0.805,0.305,0.405
Tree,3275,11.879,0.040,0.234,0.233,0.144,0.185,0.030,0.050,0.065,0.044,1.600,0.400,0.700,0.400,1.255,0.100,0.200,0.040,1.000,0.521,0.821,0.321,0.421
Tree,3274,11.390,0.008,0.220,0.224,0.101,0.150,0.030,0.050,0.063,0.042,1.600,0.400,0.700,0.400,1.229,0.100,0.200,0.040,1.000,0.509,0.809,0.309,0.409
Tree,3273,11.748,0.000,0.136,0.221,0.085,0.164,0.030,0.050,0.060,0.040,1.600,0.400,0.700,0.400,1.200,0.100,0.200,0.040,1.000,0.515,0.815,0.315,0.415
Tree,3272,10.620,0.002,0.166,0.222,0.080,0.114,0.030,0.050,0.072,0.048,1.600,0.400,0.700,0.400,1.318,0.100,0.200,0.040,1.000,0.516,0.816,0.316,0.416
Tree,3271,5.963,0.014,0.121,0.137,0.062,0.189,0.030,0.050,0.065,0.044,1.600,0.400,0.700,0.400,1.255,0.100,0.200,0.040,1.000,0.507,0.807,0.307,0.407
Tree,3270,34.009,0.000,0.085,0.208,0.078,0.097,0.030,0.050,0.060,0.040,1.600,0.400,0.700,0.400,1.200,0.100,0.200,0.040,1.000,0.500,0.800,0.300,0.400
Tree,3269,19.994,1.319,0.178,0.226,0.132,0.121,0.030,0.050,0.065,0.043,1.600,0.400,0.700,0.400,1.251,0.100,0.200,0.040,1.000,0.515,0.815,0.315,0.415
Tree,3278,12.814,0.173,0.192,0.220,0.119,0.139,0.030,0.050,0.072,0.048,1.600,0.400,0.700,0.400,1.319,0.100,0.200,0.040,1.000,0.512,0.812,0.312,0.412
Tree,3243,15.730,3.114,0.313,0.252,0.237,0.207,0.030,0.050,0.074,0.049,1.600,0.400,0.700,0.400,1.341,0.100,0.200,0.040,1.000,0.506,0.806,0.306,0.406
Tree,3242,18.186,1.073,0.221,0.240,0.157,0.151,0.030,0.050,0.067,0.045,1.600,0.400,0.700,0.400,1.272,0.100,0.200,0.040,1.000,0.510,0.810,0.310,0.410
Tree,3241,2.323,0.011,0.207,0.224,0.072,0.104,0.030,0.050,0.071,0.047,1.600,0.400,0.700,0.400,1.312,0.100,0.200,0.040,1.000,0.537,0.837,0.337,0.437
Tree,3216,2.230,0.187,0.232,0.075,0.120,0.103,0.030,0.050,0.087,0.058,1.600,0.400,0.700,0.400,1.472,0.100,0.200,0.040,1.000,0.500,0.800,0.300,0.400
Tree,3215,4.750,0.247,0.267,0.120,0.166,0.139,0.030,0.050,0.085,0.056,1.600,0.400,0.700,0.400,1.446,0.100,0.200,0.040,1.000,0.500,0.800,0.300,0.400
Tree,3214,0.003,0.082,0.266,0.124,0.160,0.132,0.030,0.050,0.090,0.060,1.600,0.400,0.700,0.400,1.500,0.100,0.200,0.040,1.000,0.500,0.800,0.300,0.400
Tree,3213,26.746,0.007,0.284,0.266,0.181,0.182,0.030,0.050,0.060,0.040,1.600,0.387,0.678,0.381,1.215,0.100,0.200,0.040,1.000,0.500,0.800,0.300,0.400
Tree,3212,37.000,0.000,0.080,0.183,0.063,0.063,0.030,0.050,0.060,0.040,1.600,0.400,0.700,0.400,1.200,0.100,0.200,0.040,1.000,0.500,0.800,0.300,0.400
Tree,3211,6.340,0.463,0.280,0.292,0.100,0.193,0.030,0.050,0.067,0.045,1.600,0.400,0.700,0.400,1.273,0.100,0.200,0.040,1.000,0.500,0.800,0.300,0.400
Tree,3210,0.003,0.135,0.235,0.060,0.124,0.102,0.030,0.050,0.090,0.060,1.600,0.400,0.700,0.400,1.500,0.100,0.200,0.040,1.000,0.500,0.800,0.300,0.400
Tree,3209,6.849,0.087,0.235,0.171,0.119,0.146,0.030,0.050,0.063,0.042,1.600,0.400,0.700,0.400,1.232,0.100,0.200,0.040,1.000,0.500,0.800,0.300,0.400
Tree,3208,12.990,0.797,0.193,0.221,0.106,0.151,0.030,0.050,0.077,0.052,1.600,0.400,0.700,0.400,1.374,0.100,0.200,0.040,1.000,0.501,0.801,0.301,0.401
Tree,3217,19.595,0.575,0.216,0.245,0.135,0.137,0.030,0.050,0.073,0.049,1.600,0.400,0.700,0.400,1.328,0.100,0.200,0.040,1.000,0.501,0.801,0.301,0.401
Tree,3207,7.267,0.005,0.273,0.227,0.103,0.146,0.030,0.050,0.062,0.041,1.600,0.400,0.700,0.400,1.221,0.100,0.200,0.040,1.000,0.500,0.800,0.300,0.400
Tree,3205,0.003,0.000,0.557,0.460,0.090,0.186,0.030,0.050,0.090,0.060,1.600,0.400,0.700,0.400,1.500,0.100,0.200,0.040,1.000,0.500,0.800,0.300,0.400
Tree,3204,0.003,0.008,0.202,0.032,0.083,0.072,0.030,0.050,0.090,0.060,1.600,0.400,0.700,0.400,1.500,0.100,0.200,0.040,1.000,0.500,0.800,0.300,0.400
Tree,3203,0.093,8.863,0.400,0.214,0.318,0.263,0.030,0.050,0.090,0.060,1.600,0.400,0.700,0.400,1.499,0.100,0.200,0.040,1.000,0.500,0.800,0.300,0.400
Tree,3202,0.003,0.269,0.205,0.035,0.087,0.075,0.030,0.050,0.090,0.060,1.600,0.400,0.700,0.400,1.500,0.100,0.200,0.040,1.000,0.500,0.800,0.300,0.400
Tree,3201,12.668,3.264,0.331,0.282,0.215,0.202,0.030,0.050,0.079,0.053,1.600,0.400,0.700,0.400,1.388,0.100,0.200,0.040,1.000,0.500,0.800,0.300,0.400
Tree,3200,3.915,3.173,0.275,0.313,0.150,0.159,0.030,0.050,0.084,0.056,1.600,0.400,0.700,0.400,1.438,0.100,0.200,0.040,1.000,0.500,0.800,0.300,0.400
Tree,3199,4.120,0.008,0.150,0.157,0.080,0.169,0.030,0.050,0.062,0.041,1.600,0.400,0.700,0.400,1.220,0.100,0.200,0.040,1.000,0.505,0.805,0.305,0.405
Tree,3196,6.929,0.003,0.206,0.183,0.098,0.210,0.030,0.050,0.062,0.041,1.600,0.400,0.700,0.400,1.220,0.100,0.200,0.040,1.000,0.504,0.804,0.304,0.404
Tree,3195,10.554,1.353,0.343,0.231,0.279,0.274,0.030,0.050,0.075,0.050,1.600,0.400,0.700,0.400,1.355,0.100,0.200,0.040,1.000,0.504,0.804,0.304,0.404
Tree,3206,0.029,0.000,0.209,0.370,0.038,0.088,0.030,0.050,0.087,0.058,1.600,0.400,0.700,0.400,1.474,0.100,0.200,0.040,1.000,0.502,0.802,0.302,0.402
Tree,3289,2.216,0.004,0.132,0.178,0.056,0.154,0.030,0.050,0.068,0.045,1.600,0.400,0.700,0.400,1.278,0.100,0.200,0.040,1.000,0.543,0.843,0.343,0.443
Tree,3218,6.200,0.100,0.400,0.375,0.150,0.265,0.030,0.050,0.075,0.050,1.600,0.400,0.700,0.400,1.350,0.100,0.200,0.040,1.000,0.500,0.800,0.300,0.400
Tree,3220,8.620,1.946,0.231,0.241,0.143,0.160,0.030,0.050,0.082,0.055,1.600,0.400,0.700,0.400,1.422,0.100,0.200,0.040,1.000,0.501,0.801,0.301,0.401
Tree,3240,2.631,0.005,0.188,0.212,0.057,0.089,0.030,0.050,0.067,0.045,1.600,0.400,0.700,0.400,1.274,0.100,0.200,0.040,1.000,0.547,0.847,0.347,0.447
Tree,3239,11.162,0.526,0.232,0.225,0.153,0.150,0.030,0.050,0.071,0.047,1.600,0.400,0.700,0.400,1.312,0.100,0.200,0.040,1.000,0.523,0.823,0.323,0.423
Tree,3238,15.112,1.019,0.224,0.235,0.161,0.152,0.030,0.050,0.070,0.047,1.600,0.400,0.700,0.400,1.302,0.100,0.200,0.040,1.000,0.510,0.810,0.310,0.410
Tree,3237,0.003,0.001,0.186,0.208,0.074,0.164,0.030,0.050,0.090,0.060,1.600,0.400,0.700,0.400,1.500,0.100,0.200,0.040,1.000,0.500,0.800,0.300,0.400
Tree,3236,19.708,0.034,0.128,0.157,0.057,0.101,0.030,0.050,0.062,0.041,1.600,0.400,0.700,0.400,1.220,0.100,0.200,0.040,1.000,0.519,0.819,0.319,0.419
Tree,3235,1.933,2.927,0.264,0.324,0.137,0.155,0.030,0.050,0.089,0.059,1.600,0.400,0.700,0.400,1.487,0.100,0.200,0.040,1.000,0.500,0.800,0.300,0.400
Tree,3234,0.520,1.907,0.241,0.275,0.122,0.152,0.030,0.050,0.090,0.060,1.600,0.400,0.700,0.400,1.497,0.100,0.200,0.040,1.000,0.500,0.800,0.300,0.400
Tree,3233,0.897,3.649,0.282,0.284,0.159,0.193,0.030,0.050,0.090,0.060,1.600,0.400,0.700,0.400,1.499,0.100,0.200,0.040,1.000,0.500,0.800,0.300,0.400
Tree,3232,0.304,2.151,0.250,0.252,0.111,0.191,0.030,0.050,0.090,0.060,1.600,0.400,0.700,0.400,1.500,0.100,0.200,0.040,1.000,0.500,0.800,0.300,0.400
Tree,3219,6.200,0.100,0.400,0.375,0.150,0.265,0.030,0.050,0.075,0.050,1.600,0.400,0.700,0.400,1.350,0.100,0.200,0.040,1.000,0.500,0.800,0.300,0.400
Tree,3231,0.003,1.781,0.254,0.195,0.111,0.215,0.030,0.050,0.090,0.060,1.600,0.400,0.700,0.400,1.500,0.100,0.200,0.040,1.000,0.500,0.800,0.300,0.400
Tree,3229,12.991,0.135,0.304,0.296,0.204,0.202,0.030,0.050,0.061,0.041,1.600,0.400,0.700,0.400,1.215,0.100,0.200,0.040,1.000,0.500,0.800,0.300,0.400
Tree,3228,0.307,2.492,0.271,0.271,0.132,0.161,0.030,0.050,0.090,0.060,1.600,0.400,0.700,0.400,1.498,0.100,0.200,0.040,1.000,0.500,0.800,0.300,0.400
Tree,3227,0.430,2.504,0.266,0.314,0.124,0.155,0.030,0.050,0.090,0.060,1.600,0.400,0.700,0.400,1.498,0.100,0.200,0.040,1.000,0.500,0.800,0.300,0.400
Tree,3226,6.200,0.100,0.400,0.375,0.150,0.265,0.030,0.050,0.075,0.050,1.600,0.400,0.700,0.400,1.350,0.100,0.200,0.040,1.000,0.500,0.800,0.300,0.400
Tree,3225,6.200,0.100,0.400,0.375,0.150,0.265,0.030,0.050,0.075,0.050,1.600,0.400,0.700,0.400,1.350,0.100,0.200,0.040,1.000,0.500,0.800,0.300,0.400
Tree,3224,6.200,0.100,0.400,0.375,0.150,0.265,0.030,0.050,0.075,0.050,1.600,0.400,0.700,0.400,1.350,0.100,0.200,0.040,1.000,0.500,0.800,0.300,0.400
Tree,3223,6.200,0.100,0.400,0.375,0.150,0.265,0.030,0.050,0.075,0.050,1.600,0.400,0.700,0.400,1.350,0.100,0.200,0.040,1.000,0.500,0.800,0.300,0.400
Tree,3222,6.200,0.100,0.400,0.375,0.150,0.265,0.030,0.050,0.075,0.050,1.600,0.400,0.700,0.400,1.350,0.100,0.200,0.040,1.000,0.500,0.800,0.300,0.400
Tree,3221,6.200,0.100,0.400,0.375,0.150,0.265,0.030,0.050,0.075,0.050,1.600,0.400,0.700,0.400,1.350,0.100,0.200,0.040,1.000,0.500,0.800,0.300,0.400
Tree,3230,4.560,2.221,0.254,0.301,0.136,0.143,0.030,0.050,0.082,0.054,1.600,0.400,0.700,0.400,1.416,0.100,0.200,0.040,1.000,0.501,0.801,0.301,0.401
Tree,3194,12.691,0.854,0.334,0.212,0.248,0.286,0.030,0.050,0.073,0.048,1.600,0.400,0.700,0.400,1.326,0.100,0.200,0.040,1.000,0.503,0.803,0.303,0.403
Tree,3290,26.643,0.437,0.286,0.255,0.209,0.193,0.030,0.050,0.065,0.043,1.600,0.400,0.700,0.400,1.247,0.100,0.200,0.040,1.000,0.500,0.800,0.300,0.400
Tree,3292,9.540,0.513,0.243,0.240,0.154,0.187,0.030,0.050,0.072,0.048,1.600,0.400,0.700,0.400,1.316,0.100,0.200,0.040,1.000,0.513,0.813,0.313,0.413
Tree,3363,10.088,0.078,0.263,0.187,0.183,0.237,0.030,0.050,0.068,0.046,1.600,0.400,0.700,0.400,1.285,0.100,0.200,0.040,1.000,0.505,0.805,0.305,0.405
Tree,3362,9.248,0.948,0.262,0.234,0.187,0.174,0.030,0.050,0.073,0.049,1.600,0.400,0.700,0.400,1.335,0.100,0.200,0.040,1.000,0.514,0.814,0.314,0.414
Tree,3361,17.691,0.739,0.265,0.194,0.193,0.204,0.030,0.050,0.067,0.045,1.600,0.400,0.700,0.400,1.274,0.100,0.200,0.040,1.000,0.511,0.811,0.311,0.411
Tree,3359,15.565,0.625,0.262,0.222,0.215,0.255,0.030,0.050,0.068,0.045,1.600,0.400,0.700,0.400,1.282,0.100,0.200,0.040,1.000,0.508,0.808,0.308,0.408
Tree,3358,12.380,0.490,0.317,0.185,0.223,0.312,0.030,0.050,0.068,0.045,1.600,0.400,0.700,0.400,1.282,0.100,0.200,0.040,1.000,0.500,0.800,0.300,0.400
Tree,3357,13.451,0.892,0.322,0.215,0.244,0.276,0.030,0.050,0.072,0.048,1.600,0.400,0.700,0.400,1.320,0.100,0.200,0.040,1.000,0.504,0.804,0.304,0.404
Tree,3356,8.581,2.815,0.386,0.264,0.341,0.287,0.030,0.050,0.080,0.053,1.600,0.400,0.700,0.400,1.400,0.100,0.200,0.040,1.000,0.502,0.802,0.302,0.402
Tree,3355,8.613,1.000,0.362,0.241,0.259,0.217,0.030,0.050,0.081,0.054,1.600,0.400,0.700,0.400,1.407,0.100,0.200,0.040,1.000,0.504,0.804,0.304,0.404
Tree,3354,4.549,0.060,0.284,0.248,0.134,0.145,0.030,0.050,0.072,0.048,1.600,0.400,0.700,0.400,1.324,0.100,0.200,0.040,1.000,0.540,0.840,0.340,0.440
Tree,3353,11.429,0.471,0.295,0.211,0.214,0.243,0.030,0.050,0.069,0.046,1.600,0.400,0.700,0.400,1.294,0.100,0.200,0.040,1.000,0.505,0.805,0.305,0.405
Tree,3352,13.231,0.150,0.241,0.210,0.162,0.182,0.030,0.050,0.066,0.044,1.600,0.400,0.700,0.400,1.259,0.100,0.200,0.040,1.000,0.510,0.810,0.310,0.410
Tree,3351,11.363,1.090,0.329,0.205,0.245,0.273,0.030,0.050,0.073,0.049,1.600,0.400,0.700,0.400,1.331,0.100,0.200,0.040,1.000,0.504,0.804,0.304,0.404
Tree,3350,6.031,0.000,0.242,0.279,0.096,0.172,0.030,0.050,0.071,0.047,1.600,0.400,0.700,0.400,1.306,0.100,0.200,0.040,1.000,0.517,0.817,0.317,0.417
Tree,3349,9.866,1.817,0.344,0.221,0.286,0.275,0.030,0.050,0.076,0.051,1.600,0.400,0.700,0.400,1.363,0.100,0.200,0.040,1.000,0.503,0.803,0.303,0.403
Tree,3348,8.810,1.875,0.380,0.224,0.303,0.295,0.030,0.050,0.079,0.052,1.600,0.400,0.700,0.400,1.387,0.100,0.200,0.040,1.000,0.502,0.802,0.302,0.402
Tree,3347,10.376,1.462,0.336,0.238,0.290,0.267,0.030,0.050,0.076,0.051,1.600,0.400,0.700,0.400,1.361,0.100,0.200,0.040,1.000,0.506,0.806,0.306,0.406
Tree,3346,11.120,2.628,0.347,0.228,0.278,0.257,0.030,0.050,0.076,0.051,1.600,0.400,0.700,0.400,1.358,0.100,0.200,0.040,1.000,0.504,0.804,0.304,0.404
Tree,3344,5.492,3.486,0.272,0.219,0.205,0.194,0.030,0.050,0.080,0.053,1.600,0.400,0.700,0.400,1.397,0.100,0.200,0.040,1.000,0.512,0.812,0.312,0.412
Tree,3343,12.873,0.768,0.292,0.202,0.217,0.250,0.030,0.050,0.070,0.047,1.600,0.400,0.700,0.400,1.304,0.100,0.200,0.040,1.000,0.509,0.809,0.309,0.409
Tree,3364,19.391,0.183,0.297,0.223,0.206,0.244,0.030,0.050,0.067,0.044,1.600,0.400,0.700,0.400,1.266,0.100,0.200,0.040,1.000,0.500,0.800,0.300,0.400
Tree,3365,8.085,0.265,0.181,0.217,0.102,0.129,0.030,0.050,0.074,0.050,1.600,0.400,0.700,0.400,1.345,0.100,0.200,0.040,1.000,0.515,0.815,0.315,0.415
Tree,3366,4.171,0.048,0.269,0.260,0.120,0.141,0.030,0.050,0.072,0.048,1.600,0.400,0.700,0.400,1.317,0.100,0.200,0.040,1.000,0.527,0.827,0.327,0.427
Tree,3367,11.062,0.398,0.362,0.234,0.288,0.280,0.030,0.050,0.076,0.050,1.600,0.400,0.700,0.400,1.357,0.100,0.200,0.040,1.000,0.501,0.801,0.301,0.401
Tree,3387,5.382,0.547,0.378,0.586,0.627,0.511,0.030,0.050,0.083,0.055,1.600,0.400,0.700,0.400,1.429,0.100,0.200,0.040,1.000,0.503,0.803,0.303,0.403
Tree,3386,0.711,0.000,0.184,0.254,0.054,0.154,0.030,0.050,0.082,0.054,1.600,0.400,0.700,0.400,1.417,0.100,0.200,0.040,1.000,0.500,0.800,0.300,0.400
Tree,3385,6.697,0.024,0.153,0.168,0.103,0.193,0.030,0.050,0.061,0.041,1.600,0.400,0.700,0.400,1.214,0.100,0.200,0.040,1.000,0.500,0.800,0.300,0.400
Tree,3384,4.592,0.000,0.128,0.157,0.067,0.113,0.030,0.050,0.060,0.040,1.600,0.400,0.700,0.400,1.200,0.100,0.200,0.040,1.000,0.500,0.800,0.300,0.400
Tree,3383,30.768,0.000,0.284,0.288,0.190,0.198,0.030,0.050,0.058,0.039,1.600,0.392,0.686,0.388,1.192,0.100,0.200,0.040,1.000,0.500,0.800,0.300,0.400
Tree,3382,14.667,0.824,0.327,0.215,0.253,0.245,0.030,0.050,0.072,0.048,1.600,0.400,0.700,0.400,1.324,0.100,0.200,0.040,1.000,0.501,0.801,0.301,0.401
Tree,3381,28.082,0.000,0.288,0.275,0.197,0.262,0.030,0.050,0.061,0.041,1.600,0.400,0.700,0.400,1.211,0.100,0.200,0.040,1.000,0.500,0.800,0.300,0.400
Tree,3380,13.887,0.819,0.256,0.161,0.220,0.209,0.030,0.050,0.072,0.048,1.600,0.400,0.700,0.400,1.315,0.100,0.200,0.040,1.000,0.502,0.802,0.302,0.402
Tree,3379,13.019,0.848,0.343,0.216,0.247,0.268,0.030,0.050,0.073,0.049,1.600,0.400,0.700,0.400,1.328,0.100,0.200,0.040,1.000,0.508,0.808,0.308,0.408
Tree,3342,4.723,0.894,0.342,0.206,0.274,0.260,0.030,0.050,0.078,0.052,1.600,0.400,0.700,0.400,1.381,0.100,0.200,0.040,1.000,0.513,0.813,0.313,0.413
Tree,3378,13.689,0.518,0.340,0.227,0.254,0.295,0.030,0.050,0.072,0.048,1.600,0.400,0.700,0.400,1.323,0.100,0.200,0.040,1.000,0.501,0.801,0.301,0.401
Tree,3376,11.035,0.633,0.312,0.212,0.232,0.260,0.030,0.050,0.071,0.047,1.600,0.400,0.700,0.400,1.307,0.100,0.200,0.040,1.000,0.503,0.803,0.303,0.403
Tree,3375,13.725,0.277,0.241,0.207,0.180,0.184,0.030,0.050,0.067,0.045,1.600,0.400,0.700,0.400,1.268,0.100,0.200,0.040,1.000,0.508,0.808,0.308,0.408
Tree,3374,2.048,0.003,0.171,0.254,0.059,0.111,0.030,0.050,0.072,0.048,1.600,0.400,0.700,0.400,1.324,0.100,0.200,0.040,1.000,0.523,0.823,0.323,0.423
Tree,3373,3.517,0.024,0.196,0.232,0.092,0.146,0.030,0.050,0.079,0.053,1.600,0.400,0.700,0.400,1.391,0.100,0.200,0.040,1.000,0.516,0.816,0.316,0.416
Tree,3372,11.170,0.691,0.339,0.207,0.251,0.281,0.030,0.050,0.074,0.049,1.600,0.400,0.700,0.400,1.342,0.100,0.200,0.040,1.000,0.502,0.802,0.302,0.402
Tree,3371,9.585,1.079,0.368,0.223,0.289,0.297,0.030,0.050,0.077,0.052,1.600,0.400,0.700,0.400,1.373,0.100,0.200,0.040,1.000,0.502,0.802,0.302,0.402
Tree,3370,7.489,0.044,0.256,0.249,0.120,0.145,0.030,0.050,0.067,0.045,1.600,0.400,0.700,0.400,1.271,0.100,0.200,0.040,1.000,0.525,0.825,0.325,0.425
Tree,3369,7.958,0.095,0.272,0.238,0.164,0.172,0.030,0.050,0.069,0.046,1.600,0.400,0.700,0.400,1.293,0.100,0.200,0.040,1.000,0.523,0.823,0.323,0.423
Tree,3368,10.440,0.678,0.312,0.209,0.230,0.254,0.030,0.050,0.072,0.048,1.600,0.400,0.700,0.400,1.320,0.100,0.200,0.040,1.000,0.506,0.806,0.306,0.406
Tree,3377,6.450,0.049,0.253,0.237,0.126,0.151,0.030,0.050,0.070,0.046,1.600,0.400,0.700,0.400,1.296,0.100,0.200,0.040,1.000,0.522,0.822,0.322,0.422
Tree,3340,19.529,0.172,0.278,0.249,0.175,0.186,0.030,0.050,0.065,0.043,1.600,0.400,0.700,0.400,1.248,0.100,0.200,0.040,1.000,0.507,0.807,0.307,0.407
Tree,3339,4.835,0.000,0.173,0.229,0.089,0.151,0.030,0.050,0.060,0.040,1.600,0.400,0.700,0.400,1.200,0.100,0.200,0.040,1.000,0.500,0.800,0.300,0.400
Tree,3338,8.218,0.000,0.197,0.230,0.106,0.151,0.030,0.050,0.034,0.024,1.600,0.294,0.515,0.241,1.094,0.100,0.200,0.040,1.000,0.500,0.800,0.300,0.400
Tree,3312,11.427,0.048,0.234,0.179,0.167,0.202,0.030,0.050,0.066,0.044,1.600,0.400,0.700,0.400,1.258,0.100,0.200,0.040,1.000,0.509,0.809,0.309,0.409
Tree,3311,17.743,0.480,0.249,0.237,0.165,0.201,0.030,0.050,0.063,0.042,1.600,0.400,0.700,0.400,1.233,0.100,0.200,0.040,1.000,0.510,0.810,0.310,0.410
Tree,3310,15.909,0.049,0.232,0.218,0.149,0.220,0.030,0.050,0.061,0.041,1.600,0.400,0.700,0.400,1.209,0.100,0.200,0.040,1.000,0.506,0.806,0.306,0.406
Tree,3309,10.401,0.016,0.187,0.191,0.107,0.157,0.030,0.050,0.061,0.041,1.600,0.400,0.700,0.400,1.208,0.100,0.200,0.040,1.000,0.517,0.817,0.317,0.417
Tree,3308,19.985,0.007,0.248,0.234,0.170,0.235,0.030,0.050,0.061,0.041,1.600,0.400,0.700,0.400,1.210,0.100,0.200,0.040,1.000,0.502,0.802,0.302,0.402
Tree,3307,15.618,0.579,0.308,0.210,0.220,0.264,0.030,0.050,0.069,0.046,1.600,0.400,0.700,0.400,1.286,0.100,0.200,0.040,1.000,0.503,0.803,0.303,0.403
Tree,3306,14.585,0.074,0.247,0.191,0.154,0.282,0.030,0.050,0.061,0.041,1.600,0.400,0.700,0.400,1.212,0.100,0.200,0.040,1.000,0.506,0.806,0.306,0.406
Tree,3305,14.064,0.090,0.224,0.188,0.146,0.210,0.030,0.050,0.063,0.042,1.600,0.400,0.700,0.400,1.228,0.100,0.200,0.040,1.000,0.510,0.810,0.310,0.410
Tree,3304,21.250,0.065,0.292,0.236,0.204,0.246,0.030,0.050,0.064,0.043,1.600,0.400,0.700,0.400,1.240,0.100,0.200,0.040,1.000,0.502,0.802,0.302,0.402
Tree,3313,7.319,0.015,0.179,0.180,0.094,0.168,0.030,0.050,0.061,0.040,1.600,0.400,0.700,0.400,1.206,0.100,0.200,0.040,1.000,0.523,0.823,0.323,0.423
Tree,3303,14.089,0.100,0.233,0.225,0.137,0.166,0.030,0.050,0.063,0.042,1.600,0.400,0.700,0.400,1.229,0.100,0.200,0.040,1.000,0.517,0.817,0.317,0.417
Tree,3301,14.204,0.257,0.161,0.227,0.095,0.111,0.030,0.050,0.068,0.045,1.600,0.400,0.700,0.400,1.279,0.100,0.200,0.040,1.000,0.511,0.811,0.311,0.411
Tree,3300,16.274,0.647,0.339,0.210,0.215,0.289,0.030,0.050,0.070,0.047,1.600,0.400,0.700,0.400,1.302,0.100,0.200,0.040,1.000,0.510,0.810,0.310,0.410
Tree,3299,9.928,0.855,0.275,0.226,0.184,0.210,0.030,0.050,0.072,0.048,1.600,0.400,0.700,0.400,1.318,0.100,0.200,0.040,1.000,0.510,0.810,0.310,0.410
Tree,3298,7.379,0.918,0.293,0.212,0.212,0.226,0.030,0.050,0.074,0.049,1.600,0.400,0.700,0.400,1.336,0.100,0.200,0.040,1.000,0.511,0.811,0.311,0.411
Tree,3297,10.341,0.671,0.291,0.235,0.186,0.219,0.030,0.050,0.071,0.048,1.600,0.400,0.700,0.400,1.313,0.100,0.200,0.040,1.000,0.511,0.811,0.311,0.411
Tree,3296,10.731,0.689,0.267,0.219,0.179,0.215,0.030,0.050,0.070,0.047,1.600,0.400,0.700,0.400,1.300,0.100,0.200,0.040,1.000,0.510,0.810,0.310,0.410
Tree,3295,13.020,0.212,0.248,0.224,0.152,0.188,0.030,0.050,0.066,0.044,1.600,0.400,0.700,0.400,1.257,0.100,0.200,0.040,1.000,0.513,0.813,0.313,0.413
Tree,3294,5.316,1.873,0.317,0.240,0.196,0.215,0.030,0.050,0.081,0.054,1.600,0.400,0.700,0.400,1.407,0.100,0.200,0.040,1.000,0.505,0.805,0.305,0.405
Tree,3293,0.003,0.002,0.345,0.338,0.099,0.153,0.030,0.050,0.090,0.060,1.600,0.400,0.700,0.400,1.499,0.100,0.200,0.040,1.000,0.500,0.800,0.300,0.400
Tree,3302,6.695,0.073,0.178,0.215,0.079,0.105,0.030,0.050,0.067,0.045,1.600,0.400,0.700,0.400,1.270,0.100,0.200,0.040,1.000,0.533,0.833,0.333,0.433
Tree,3291,10.965,0.066,0.179,0.167,0.113,0.157,0.030,0.050,0.064,0.043,1.600,0.400,0.700,0.400,1.239,0.100,0.200,0.040,1.000,0.508,0.808,0.308,0.408
Tree,3314,15.434,0.171,0.210,0.220,0.129,0.176,0.030,0.050,0.062,0.041,1.600,0.400,0.700,0.400,1.217,0.100,0.200,0.040,1.000,0.514,0.814,0.314,0.414
Tree,3316,10.580,0.573,0.288,0.204,0.212,0.236,0.030,0.050,0.070,0.047,1.600,0.400,0.700,0.400,1.303,0.100,0.200,0.040,1.000,0.508,0.808,0.308,0.408
Tree,3337,8.873,0.035,0.228,0.290,0.183,0.209,0.030,0.050,0.063,0.042,1.600,0.400,0.700,0.400,1.232,0.100,0.200,0.040,1.000,0.500,0.800,0.300,0.400
Tree,3336,7.842,0.009,0.186,0.211,0.118,0.181,0.030,0.050,0.061,0.041,1.600,0.400,0.700,0.400,1.212,0.100,0.200,0.040,1.000,0.500,0.800,0.300,0.400
Tree,3334,15.478,0.202,0.272,0.211,0.191,0.246,0.030,0.050,0.066,0.044,1.600,0.400,0.700,0.400,1.257,0.100,0.200,0.040,1.000,0.505,0.805,0.305,0.405
Tree,3333,34.000,0.000,0.300,0.300,0.200,0.200,0.030,0.050,0.060,0.040,1.600,0.400,0.700,0.400,1.200,0.100,0.200,0.040,1.000,0.500,0.800,0.300,0.400
Tree,3332,14.718,0.540,0.260,0.239,0.227,0.254,0.030,0.050,0.068,0.046,1.600,0.400,0.700,0.400,1.284,0.100,0.200,0.040,1.000,0.505,0.805,0.305,0.405
Tree,3331,31.257,0.000,0.061,0.200,0.061,0.061,0.030,0.050,0.060,0.040,1.600,0.400,0.700,0.400,1.200,0.100,0.200,0.040,1.000,0.500,0.800,0.300,0.400
Tree,3330,12.984,0.997,0.333,0.248,0.286,0.286,0.030,0.050,0.074,0.049,1.600,0.400,0.700,0.400,1.336,0.100,0.200,0.040,1.000,0.503,0.803,0.303,0.403
Tree,3329,17.816,0.240,0.280,0.174,0.159,0.323,0.030,0.050,0.064,0.043,1.600,0.400,0.700,0.400,1.238,0.100,0.200,0.040,1.000,0.502,0.802,0.302,0.402
Tree,3328,4.341,0.000,0.141,0.157,0.079,0.164,0.030,0.050,0.060,0.040,1.600,0.400,0.700,0.400,1.203,0.100,0.200,0.040,1.000,0.500,0.800,0.300,0.400
Tree,3315,12.644,0.228,0.251,0.212,0.175,0.192,0.030,0.050,0.066,0.044,1.600,0.400,0.700,0.400,1.263,0.100,0.200,0.040,1.000,0.510,0.810,0.310,0.410
Tree,3327,15.514,0.035,0.214,0.176,0.128,0.261,0.030,0.050,0.061,0.041,1.600,0.400,0.700,0.400,1.210,0.100,0.200,0.040,1.000,0.502,0.802,0.302,0.402
Tree,3325,15.428,0.487,0.329,0.215,0.230,0.277,0.030,0.050,0.070,0.047,1.600,0.400,0.700,0.400,1.303,0.100,0.200,0.040,1.000,0.503,0.803,0.303,0.403
Tree,3324,13.260,0.429,0.267,0.197,0.176,0.209,0.030,0.050,0.068,0.045,1.600,0.400,0.700,0.400,1.277,0.100,0.200,0.040,1.000,0.515,0.815,0.315,0.415
Tree,3323,13.039,0.700,0.338,0.216,0.251,0.298,0.030,0.050,0.073,0.048,1.600,0.400,0.700,0.400,1.326,0.100,0.200,0.040,1.000,0.502,0.802,0.302,0.402
Tree,3322,19.477,0.000,0.255,0.204,0.157,0.252,0.030,0.050,0.060,0.040,1.600,0.400,0.700,0.400,1.200,0.100,0.200,0.040,1.000,0.505,0.805,0.305,0.405
Tree,3321,11.890,0.073,0.205,0.185,0.130,0.188,0.030,0.050,0.062,0.041,1.600,0.400,0.700,0.400,1.218,0.100,0.200,0.040,1.000,0.513,0.813,0.313,0.413
Tree,3320,14.244,0.060,0.229,0.225,0.134,0.160,0.030,0.050,0.063,0.042,1.600,0.400,0.700,0.400,1.226,0.100,0.200,0.040,1.000,0.516,0.816,0.316,0.416
Tree,3319,3.079,0.678,0.345,0.239,0.258,0.238,0.030,0.050,0.079,0.053,1.600,0.400,0.700,0.400,1.393,0.100,0.200,0.040,1.000,0.508,0.808,0.308,0.408
Tree,3318,12.377,0.080,0.219,0.211,0.132,0.162,0.030,0.050,0.063,0.042,1.600,0.400,0.700,0.400,1.229,0.100,0.200,0.040,1.000,0.515,0.815,0.315,0.415
Tree,3317,13.706,0.225,0.241,0.202,0.164,0.204,0.030,0.050,0.064,0.043,1.600,0.400,0.700,0.400,1.240,0.100,0.200,0.040,1.000,0.511,0.811,0.311,0.411
Tree,3326,3.463,0.011,0.103,0.108,0.073,0.264,0.030,0.050,0.061,0.041,1.600,0.400,0.700,0.400,1.209,0.100,0.200,0.040,1.000,0.504,0.804,0.304,0.404
Tree,3389,2.227,0.004,0.132,0.178,0.056,0.153,0.030,0.050,0.068,0.045,1.600,0.400,0.700,0.400,1.277,0.100,0.200,0.040,1.000,0.543,0.843,0.343,0.443
Tree,3193,3.802,0.007,0.128,0.156,0.064,0.158,0.030,0.050,0.062,0.041,1.600,0.400,0.700,0.400,1.217,0.100,0.200,0.040,1.000,0.535,0.835,0.335,0.435
Tree,3191,9.693,0.781,0.268,0.220,0.192,0.201,0.030,0.050,0.071,0.047,1.600,0.400,0.700,0.400,1.310,0.100,0.200,0.040,1.000,0.516,0.816,0.316,0.416
Tree,3062,3.396,2.645,0.278,0.218,0.183,0.186,0.030,0.050,0.085,0.056,1.600,0.400,0.700,0.400,1.447,0.100,0.200,0.040,1.000,0.502,0.802,0.302,0.402
Tree,3061,8.592,2.600,0.247,0.261,0.143,0.173,0.030,0.050,0.084,0.056,1.600,0.400,0.700,0.400,1.435,0.100,0.200,0.040,1.000,0.500,0.800,0.300,0.400
Tree,3060,8.762,2.524,0.306,0.265,0.172,0.181,0.030,0.050,0.081,0.054,1.600,0.400,0.700,0.400,1.412,0.100,0.200,0.040,1.000,0.500,0.800,0.300,0.400
Tree,3059,1.089,1.054,0.312,0.136,0.223,0.174,0.030,0.050,0.089,0.059,1.600,0.400,0.700,0.400,1.490,0.100,0.200,0.040,1.000,0.500,0.800,0.300,0.400
Tree,3058,0.067,7.711,0.449,0.294,0.300,0.267,0.030,0.050,0.090,0.060,1.600,0.400,0.700,0.400,1.499,0.100,0.200,0.040,1.000,0.500,0.800,0.300,0.400
Tree,3057,8.346,8.153,0.349,0.245,0.304,0.240,0.030,0.050,0.084,0.056,1.600,0.400,0.700,0.400,1.436,0.100,0.200,0.040,1.000,0.500,0.800,0.300,0.400
Tree,3056,1.398,2.733,0.285,0.257,0.149,0.211,0.030,0.050,0.090,0.060,1.600,0.400,0.700,0.400,1.499,0.100,0.200,0.040,1.000,0.500,0.800,0.300,0.400
Tree,3055,5.079,2.660,0.256,0.260,0.149,0.198,0.030,0.050,0.088,0.058,1.600,0.400,0.700,0.400,1.476,0.100,0.200,0.040,1.000,0.500,0.800,0.300,0.400
Tree,3054,5.882,5.121,0.341,0.234,0.263,0.217,0.030,0.050,0.085,0.056,1.600,0.400,0.700,0.400,1.447,0.100,0.200,0.040,1.000,0.500,0.800,0.300,0.400
Tree,3053,0.216,9.190,0.395,0.248,0.321,0.261,0.030,0.050,0.090,0.060,1.600,0.400,0.700,0.400,1.498,0.100,0.200,0.040,1.000,0.500,0.800,0.300,0.400
Tree,3052,8.899,1.416,0.212,0.259,0.115,0.146,0.030,0.050,0.082,0.055,1.600,0.400,0.700,0.400,1.419,0.100,0.200,0.040,1.000,0.502,0.802,0.302,0.402
Tree,3051,5.600,3.813,0.292,0.280,0.190,0.183,0.030,0.050,0.085,0.057,1.600,0.400,0.700,0.400,1.452,0.100,0.200,0.040,1.000,0.500,0.800,0.300,0.400
Tree,3050,2.366,6.184,0.334,0.255,0.242,0.233,0.030,0.050,0.089,0.059,1.600,0.400,0.700,0.400,1.486,0.100,0.200,0.040,1.000,0.500,0.800,0.300,0.400
Tree,3049,4.257,1.402,0.220,0.132,0.120,0.106,0.030,0.050,0.086,0.057,1.600,0.400,0.700,0.400,1.457,0.100,0.200,0.040,1.000,0.501,0.801,0.301,0.401
Tree,3048,0.003,12.000,0.450,0.250,0.400,0.300,0.030,0.050,0.090,0.060,1.600,0.400,0.700,0.400,1.500,0.100,0.200,0.040,1.000,0.500,0.800,0.300,0.400
Tree,3047,0.921,1.414,0.258,0.264,0.111,0.170,0.030,0.050,0.090,0.060,1.600,0.400,0.700,0.400,1.496,0.100,0.200,0.040,1.000,0.500,0.800,0.300,0.400
Tree,3046,1.096,1.775,0.289,0.252,0.149,0.216,0.030,0.050,0.090,0.060,1.600,0.400,0.700,0.400,1.500,0.100,0.200,0.040,1.000,0.500,0.800,0.300,0.400
Tree,3045,0.485,3.575,0.283,0.278,0.154,0.189,0.030,0.050,0.090,0.060,1.600,0.400,0.700,0.400,1.498,0.100,0.200,0.040,1.000,0.500,0.800,0.300,0.400
Tree,3044,0.024,3.766,0.409,0.308,0.198,0.236,0.030,0.050,0.090,0.060,1.600,0.400,0.700,0.400,1.500,0.100,0.200,0.040,1.000,0.500,0.800,0.300,0.400
Tree,3063,0.603,0.036,0.209,0.301,0.050,0.095,0.030,0.050,0.081,0.054,1.600,0.400,0.700,0.400,1.411,0.100,0.200,0.040,1.000,0.506,0.806,0.306,0.406
Tree,3064,5.584,0.448,0.229,0.140,0.139,0.120,0.030,0.050,0.085,0.056,1.600,0.400,0.700,0.400,1.446,0.100,0.200,0.040,1.000,0.500,0.800,0.300,0.400
Tree,3065,1.022,9.500,0.401,0.271,0.329,0.259,0.030,0.050,0.089,0.059,1.600,0.400,0.700,0.400,1.491,0.100,0.200,0.040,1.000,0.500,0.800,0.300,0.400
Tree,3066,0.003,0.011,0.205,0.035,0.087,0.075,0.030,0.050,0.090,0.060,1.600,0.400,0.700,0.400,1.500,0.100,0.200,0.040,1.000,0.500,0.800,0.300,0.400
Tree,3088,6.519,0.106,0.292,0.241,0.151,0.196,0.030,0.050,0.071,0.048,1.600,0.399,0.698,0.398,1.317,0.100,0.200,0.040,1.000,0.500,0.800,0.300,0.400
Tree,3087,0.003,0.003,0.122,0.087,0.138,0.135,0.030,0.050,0.066,0.044,1.600,0.400,0.700,0.400,1.261,0.100,0.200,0.040,1.000,0.500,0.800,0.300,0.400
Tree,3086,11.465,1.636,0.215,0.224,0.133,0.144,0.030,0.050,0.080,0.053,1.600,0.400,0.700,0.400,1.397,0.100,0.200,0.040,1.000,0.500,0.800,0.300,0.400
Tree,3085,2.593,8.396,0.369,0.265,0.299,0.235,0.030,0.050,0.088,0.058,1.600,0.400,0.700,0.400,1.475,0.100,0.200,0.040,1.000,0.500,0.800,0.300,0.400
Tree,3084,0.178,1.138,0.307,0.316,0.101,0.156,0.030,0.050,0.090,0.060,1.600,0.400,0.700,0.400,1.497,0.100,0.200,0.040,1.000,0.500,0.800,0.300,0.400
Tree,3083,0.175,0.064,0.332,0.292,0.097,0.188,0.030,0.050,0.090,0.060,1.600,0.400,0.700,0.400,1.500,0.100,0.200,0.040,1.000,0.500,0.800,0.300,0.400
Tree,3082,11.207,2.188,0.327,0.210,0.236,0.205,0.030,0.050,0.080,0.053,1.600,0.400,0.700,0.400,1.397,0.100,0.200,0.040,1.000,0.500,0.800,0.300,0.400
Tree,3081,0.247,0.038,0.227,0.056,0.116,0.096,0.030,0.050,0.090,0.060,1.600,0.400,0.700,0.400,1.498,0.100,0.200,0.040,1.000,0.500,0.800,0.300,0.400
Tree,3080,0.721,2.691,0.288,0.123,0.192,0.155,0.030,0.050,0.089,0.060,1.600,0.400,0.700,0.400,1.493,0.100,0.200,0.040,1.000,0.500,0.800,0.300,0.400
Tree,3043,1.854,0.253,0.236,0.316,0.100,0.128,0.030,0.050,0.079,0.053,1.600,0.400,0.700,0.400,1.388,0.100,0.200,0.040,1.000,0.501,0.801,0.301,0.401
Tree,3079,0.768,0.099,0.274,0.104,0.181,0.143,0.030,0.050,0.089,0.059,1.600,0.400,0.700,0.400,1.487,0.100,0.200,0.040,1.000,0.500,0.800,0.300,0.400
Tree,3077,10.138,0.097,0.234,0.200,0.131,0.147,0.030,0.050,0.050,0.034,1.600,0.346,0.605,0.319,1.183,0.100,0.200,0.040,1.000,0.500,0.800,0.300,0.400
Tree,3076,0.003,0.225,0.387,0.194,0.319,0.242,0.030,0.050,0.090,0.060,1.600,0.400,0.700,0.400,1.500,0.100,0.200,0.040,1.000,0.500,0.800,0.300,0.400
Tree,3075,0.004,0.042,0.221,0.067,0.129,0.109,0.030,0.050,0.086,0.057,1.600,0.400,0.700,0.400,1.462,0.100,0.200,0.040,1.000,0.500,0.800,0.300,0.400
Tree,3074,3.719,0.064,0.254,0.132,0.177,0.153,0.030,0.050,0.079,0.052,1.600,0.400,0.700,0.400,1.386,0.100,0.200,0.040,1.000,0.500,0.800,0.300,0.400
Tree,3072,17.637,0.097,0.200,0.166,0.087,0.088,0.030,0.050,0.071,0.047,1.600,0.400,0.700,0.400,1.305,0.100,0.200,0.040,1.000,0.500,0.800,0.300,0.400
Tree,3071,0.003,6.593,0.450,0.250,0.400,0.300,0.030,0.050,0.090,0.060,1.600,0.400,0.700,0.400,1.500,0.100,0.200,0.040,1.000,0.500,0.800,0.300,0.400
Tree,3070,2.449,0.058,0.248,0.240,0.133,0.219,0.030,0.050,0.090,0.060,1.600,0.400,0.700,0.400,1.500,0.100,0.200,0.040,1.000,0.500,0.800,0.300,0.400
Tree,3068,0.097,3.166,0.355,0.282,0.167,0.219,0.030,0.050,0.090,0.060,1.600,0.400,0.700,0.400,1.498,0.100,0.200,0.040,1.000,0.500,0.800,0.300,0.400
Tree,3067,18.716,0.260,0.298,0.293,0.198,0.200,0.030,0.050,0.062,0.041,1.600,0.400,0.700,0.400,1.215,0.100,0.200,0.040,1.000,0.500,0.800,0.300,0.400
Tree,3078,2.978,0.130,0.302,0.157,0.210,0.176,0.030,0.050,0.085,0.057,1.600,0.400,0.700,0.400,1.454,0.100,0.200,0.040,1.000,0.500,0.800,0.300,0.400
Tree,3042,0.082,0.074,0.346,0.345,0.072,0.170,0.030,0.050,0.090,0.060,1.600,0.400,0.700,0.400,1.496,0.100,0.200,0.040,1.000,0.500,0.800,0.300,0.400
Tree,3041,0.059,0.703,0.429,0.367,0.100,0.199,0.030,0.050,0.090,0.060,1.600,0.400,0.700,0.400,1.499,0.100,0.200,0.040,1.000,0.500,0.800,0.300,0.400
Tree,3039,0.163,0.002,0.260,0.368,0.049,0.104,0.030,0.050,0.087,0.058,1.600,0.400,0.700,0.400,1.465,0.100,0.200,0.040,1.000,0.502,0.802,0.302,0.402
Tree,3014,21.469,1.325,0.281,0.273,0.191,0.185,0.030,0.050,0.068,0.045,1.600,0.400,0.700,0.400,1.280,0.100,0.200,0.040,1.000,0.501,0.801,0.301,0.401
Tree,3013,12.376,1.742,0.236,0.196,0.152,0.149,0.030,0.050,0.071,0.047,1.600,0.400,0.700,0.400,1.312,0.100,0.200,0.040,1.000,0.500,0.800,0.300,0.400
Tree,3012,13.896,0.503,0.184,0.241,0.100,0.139,0.030,0.050,0.066,0.044,1.600,0.400,0.700,0.400,1.260,0.100,0.200,0.040,1.000,0.538,0.838,0.338,0.438
Tree,3011,8.272,2.815,0.240,0.262,0.141,0.168,0.030,0.050,0.083,0.055,1.600,0.400,0.700,0.400,1.432,0.100,0.200,0.040,1.000,0.501,0.801,0.301,0.401
Tree,3009,17.557,0.049,0.144,0.120,0.060,0.109,0.030,0.050,0.067,0.045,1.600,0.400,0.700,0.400,1.270,0.100,0.200,0.040,1.000,0.502,0.802,0.302,0.402
Tree,3008,7.976,2.534,0.282,0.275,0.169,0.172,0.030,0.050,0.080,0.053,1.600,0.400,0.700,0.400,1.401,0.100,0.200,0.040,1.000,0.500,0.800,0.300,0.400
Tree,3007,24.321,0.002,0.115,0.142,0.073,0.070,0.030,0.050,0.070,0.047,1.600,0.400,0.700,0.400,1.303,0.100,0.200,0.040,1.000,0.500,0.800,0.300,0.400
Tree,3006,2.355,4.919,0.308,0.259,0.214,0.219,0.030,0.050,0.089,0.059,1.600,0.400,0.700,0.400,1.489,0.100,0.200,0.040,1.000,0.500,0.800,0.300,0.400
Tree,3004,3.393,2.780,0.308,0.155,0.216,0.179,0.030,0.050,0.087,0.058,1.600,0.400,0.700,0.400,1.469,0.100,0.200,0.040,1.000,0.500,0.800,0.300,0.400
Tree,3015,2.872,0.115,0.173,0.190,0.097,0.106,0.030,0.050,0.079,0.053,1.600,0.400,0.700,0.400,1.395,0.100,0.200,0.040,1.000,0.501,0.801,0.301,0.401
Tree,3003,0.469,2.263,0.340,0.298,0.153,0.196,0.030,0.050,0.088,0.059,1.600,0.400,0.700,0.400,1.484,0.100,0.200,0.040,1.000,0.500,0.800,0.300,0.400
Tree,3001,2.506,1.382,0.281,0.169,0.185,0.162,0.030,0.050,0.088,0.059,1.600,0.400,0.700,0.400,1.480,0.100,0.200,0.040,1.000,0.500,0.800,0.300,0.400
Tree,2405,11.665,0.440,0.268,0.228,0.200,0.243,0.030,0.050,0.067,0.044,1.600,0.400,0.700,0.400,1.267,0.100,0.200,0.040,1.000,0.500,0.800,0.300,0.400
Tree,2404,8.757,0.012,0.221,0.178,0.158,0.273,0.030,0.050,0.062,0.041,1.600,0.400,0.700,0.400,1.220,0.100,0.200,0.040,1.000,0.500,0.800,0.300,0.400
Tree,2403,13.563,0.014,0.226,0.187,0.157,0.247,0.030,0.050,0.063,0.042,1.600,0.400,0.700,0.400,1.232,0.100,0.200,0.040,1.000,0.500,0.800,0.300,0.400
Tree,2402,11.103,0.001,0.191,0.151,0.125,0.172,0.030,0.050,0.067,0.044,1.600,0.400,0.700,0.400,1.267,0.100,0.200,0.040,1.000,0.500,0.800,0.300,0.400
Tree,2401,14.338,0.233,0.228,0.200,0.165,0.211,0.030,0.050,0.064,0.042,1.600,0.400,0.700,0.400,1.235,0.100,0.200,0.040,1.000,0.501,0.801,0.301,0.401
Tree,2400,11.962,0.008,0.200,0.155,0.123,0.162,0.030,0.050,0.070,0.047,1.600,0.400,0.700,0.400,1.303,0.100,0.200,0.040,1.000,0.501,0.801,0.301,0.401
Tree,-999,6.200,0.100,0.400,0.375,0.150,0.265,0.030,0.050,0.075,0.050,1.600,0.400,0.700,0.400,1.350,0.100,0.200,0.040,1.000,0.500,0.800,0.300,0.400
Tree,5868,0.000,0.000,0.000,0.000,0.000,0.000,0.000,0.000,0.000,0.000,0.000,0.000,0.000,0.000,0.000,0.000,0.000,0.000,0.000,0.000,0.000,0.000,0.000
Tree,3002,0.947,6.295,0.391,0.242,0.311,0.271,0.030,0.050,0.089,0.059,1.600,0.400,0.700,0.400,1.492,0.100,0.200,0.040,1.000,0.500,0.800,0.300,0.400
Tree,3090,3.272,0.000,0.477,0.388,0.111,0.156,0.030,0.050,0.060,0.040,1.600,0.400,0.700,0.400,1.200,0.100,0.200,0.040,1.000,0.500,0.800,0.300,0.400
Tree,3016,1.047,0.549,0.281,0.123,0.185,0.150,0.030,0.050,0.089,0.059,1.600,0.400,0.700,0.400,1.486,0.100,0.200,0.040,1.000,0.500,0.800,0.300,0.400
Tree,3018,0.351,1.647,0.260,0.308,0.100,0.160,0.030,0.050,0.090,0.060,1.600,0.400,0.700,0.400,1.497,0.100,0.200,0.040,1.000,0.500,0.800,0.300,0.400
Tree,3038,0.355,0.565,0.325,0.302,0.083,0.197,0.030,0.050,0.090,0.060,1.600,0.400,0.700,0.400,1.500,0.100,0.200,0.040,1.000,0.500,0.800,0.300,0.400
Tree,3037,0.162,0.051,0.271,0.370,0.058,0.116,0.030,0.050,0.088,0.059,1.600,0.400,0.700,0.400,1.483,0.100,0.200,0.040,1.000,0.501,0.801,0.301,0.401
Tree,3036,1.296,0.026,0.323,0.360,0.072,0.139,0.030,0.050,0.085,0.057,1.600,0.400,0.700,0.400,1.451,0.100,0.200,0.040,1.000,0.501,0.801,0.301,0.401
Tree,3035,2.174,1.703,0.269,0.324,0.116,0.141,0.030,0.050,0.086,0.057,1.600,0.400,0.700,0.400,1.456,0.100,0.200,0.040,1.000,0.500,0.800,0.300,0.400
Tree,3034,8.951,5.184,0.350,0.247,0.256,0.243,0.030,0.050,0.082,0.055,1.600,0.400,0.700,0.400,1.421,0.100,0.200,0.040,1.000,0.500,0.800,0.300,0.400
Tree,3033,0.173,7.194,0.449,0.262,0.370,0.290,0.030,0.050,0.090,0.060,1.600,0.400,0.700,0.400,1.499,0.100,0.200,0.040,1.000,0.500,0.800,0.300,0.400
Tree,3032,0.083,1.981,0.280,0.228,0.131,0.221,0.030,0.050,0.090,0.060,1.600,0.400,0.700,0.400,1.499,0.100,0.200,0.040,1.000,0.500,0.800,0.300,0.400
Tree,3031,0.785,6.585,0.363,0.220,0.262,0.254,0.030,0.050,0.089,0.060,1.600,0.400,0.700,0.400,1.493,0.100,0.200,0.040,1.000,0.500,0.800,0.300,0.400
Tree,3030,7.509,3.476,0.339,0.241,0.211,0.203,0.030,0.050,0.082,0.055,1.600,0.400,0.700,0.400,1.420,0.100,0.200,0.040,1.000,0.500,0.800,0.300,0.400
Tree,3017,0.003,6.229,0.329,0.177,0.241,0.201,0.030,0.050,0.090,0.060,1.600,0.400,0.700,0.400,1.499,0.100,0.200,0.040,1.000,0.500,0.800,0.300,0.400
Tree,3029,12.318,3.557,0.341,0.249,0.228,0.218,0.030,0.050,0.078,0.052,1.600,0.400,0.700,0.400,1.385,0.100,0.200,0.040,1.000,0.500,0.800,0.300,0.400
Tree,3027,5.902,2.483,0.309,0.269,0.175,0.185,0.030,0.050,0.084,0.056,1.600,0.400,0.700,0.400,1.435,0.100,0.200,0.040,1.000,0.500,0.800,0.300,0.400
Tree,3026,0.107,0.138,0.305,0.130,0.215,0.170,0.030,0.050,0.088,0.059,1.600,0.396,0.693,0.394,1.485,0.100,0.200,0.040,1.000,0.500,0.800,0.300,0.400
Tree,3025,7.230,0.797,0.269,0.141,0.167,0.145,0.030,0.050,0.082,0.055,1.600,0.400,0.700,0.400,1.418,0.100,0.200,0.040,1.000,0.500,0.800,0.300,0.400
Tree,3024,7.928,3.788,0.327,0.220,0.241,0.208,0.030,0.050,0.081,0.054,1.600,0.400,0.700,0.400,1.413,0.100,0.200,0.040,1.000,0.501,0.801,0.301,0.401
Tree,3023,9.956,1.897,0.302,0.191,0.208,0.179,0.030,0.050,0.078,0.052,1.600,0.400,0.700,0.400,1.382,0.100,0.200,0.040,1.000,0.500,0.800,0.300,0.400
Tree,3022,0.473,2.517,0.333,0.256,0.196,0.185,0.030,0.050,0.088,0.059,1.600,0.400,0.700,0.400,1.484,0.100,0.200,0.040,1.000,0.500,0.800,0.300,0.400
Tree,3021,3.051,1.243,0.287,0.304,0.167,0.163,0.030,0.050,0.085,0.057,1.600,0.400,0.700,0.400,1.449,0.100,0.200,0.040,1.000,0.500,0.800,0.300,0.400
Tree,3020,0.003,0.491,0.450,0.250,0.400,0.300,0.030,0.050,0.090,0.060,1.600,0.400,0.700,0.400,1.500,0.100,0.200,0.040,1.000,0.500,0.800,0.300,0.400
Tree,3019,0.566,0.844,0.295,0.127,0.202,0.165,0.030,0.050,0.089,0.059,1.600,0.400,0.700,0.400,1.490,0.100,0.200,0.040,1.000,0.500,0.800,0.300,0.400
Tree,3028,1.153,2.263,0.290,0.228,0.152,0.208,0.030,0.050,0.089,0.059,1.600,0.400,0.700,0.400,1.488,0.100,0.200,0.040,1.000,0.500,0.800,0.300,0.400
Tree,3192,5.743,0.009,0.173,0.199,0.059,0.096,0.030,0.050,0.067,0.045,1.600,0.400,0.700,0.400,1.271,0.100,0.200,0.040,1.000,0.543,0.843,0.343,0.443
Tree,3091,0.003,0.002,0.140,0.072,0.122,0.118,0.030,0.050,0.072,0.048,1.600,0.400,0.700,0.400,1.321,0.100,0.200,0.040,1.000,0.500,0.800,0.300,0.400
Tree,3093,0.035,0.028,0.219,0.047,0.105,0.088,0.030,0.050,0.090,0.060,1.600,0.400,0.700,0.400,1.500,0.100,0.200,0.040,1.000,0.500,0.800,0.300,0.400
Tree,3161,2.238,2.897,0.266,0.264,0.144,0.200,0.030,0.050,0.089,0.059,1.600,0.400,0.700,0.400,1.492,0.100,0.200,0.040,1.000,0.501,0.801,0.301,0.401
Tree,3160,2.943,3.380,0.270,0.258,0.162,0.204,0.030,0.050,0.089,0.059,1.600,0.400,0.700,0.400,1.488,0.100,0.200,0.040,1.000,0.502,0.802,0.302,0.402
Tree,3159,2.083,3.526,0.285,0.258,0.171,0.190,0.030,0.050,0.089,0.059,1.600,0.400,0.700,0.400,1.486,0.100,0.200,0.040,1.000,0.500,0.800,0.300,0.400
Tree,3158,0.526,1.194,0.292,0.319,0.097,0.146,0.030,0.050,0.085,0.057,1.600,0.400,0.700,0.400,1.452,0.100,0.200,0.040,1.000,0.501,0.801,0.301,0.401
Tree,3157,0.686,0.185,0.316,0.358,0.075,0.145,0.030,0.050,0.088,0.059,1.600,0.400,0.700,0.400,1.483,0.100,0.200,0.040,1.000,0.502,0.802,0.302,0.402
Tree,3156,1.058,0.274,0.263,0.313,0.070,0.123,0.030,0.050,0.083,0.056,1.600,0.400,0.700,0.400,1.434,0.100,0.200,0.040,1.000,0.503,0.803,0.303,0.403
Tree,3155,4.735,1.591,0.272,0.126,0.170,0.143,0.030,0.050,0.085,0.056,1.600,0.400,0.700,0.400,1.446,0.100,0.200,0.040,1.000,0.500,0.800,0.300,0.400
Tree,3154,1.545,8.238,0.379,0.230,0.304,0.256,0.030,0.050,0.089,0.059,1.600,0.400,0.700,0.400,1.487,0.100,0.200,0.040,1.000,0.500,0.800,0.300,0.400
Tree,3153,0.297,1.921,0.277,0.110,0.181,0.149,0.030,0.050,0.089,0.059,1.600,0.400,0.700,0.400,1.491,0.100,0.200,0.040,1.000,0.500,0.800,0.300,0.400
Tree,3152,2.076,3.794,0.311,0.251,0.183,0.218,0.030,0.050,0.088,0.059,1.600,0.400,0.700,0.400,1.478,0.100,0.200,0.040,1.000,0.501,0.801,0.301,0.401
Tree,3151,30.827,1.120,0.314,0.295,0.219,0.209,0.030,0.050,0.063,0.042,1.600,0.400,0.700,0.400,1.228,0.100,0.200,0.040,1.000,0.500,0.800,0.300,0.400
Tree,3150,10.807,0.000,0.186,0.234,0.111,0.209,0.030,0.050,0.062,0.041,1.600,0.400,0.700,0.400,1.217,0.100,0.200,0.040,1.000,0.531,0.831,0.331,0.431
Tree,3149,2.943,1.422,0.253,0.109,0.159,0.131,0.030,0.050,0.087,0.058,1.600,0.400,0.700,0.400,1.465,0.100,0.200,0.040,1.000,0.503,0.803,0.303,0.403
Tree,3148,3.411,4.863,0.288,0.166,0.213,0.182,0.030,0.050,0.083,0.055,1.600,0.400,0.700,0.400,1.427,0.100,0.200,0.040,1.000,0.503,0.803,0.303,0.403
Tree,3147,0.098,0.074,0.259,0.082,0.155,0.124,0.030,0.050,0.090,0.060,1.600,0.400,0.700,0.400,1.499,0.100,0.200,0.040,1.000,0.500,0.800,0.300,0.400
Tree,3146,10.858,1.401,0.215,0.227,0.130,0.153,0.030,0.050,0.081,0.054,1.600,0.400,0.700,0.400,1.410,0.100,0.200,0.040,1.000,0.500,0.800,0.300,0.400
Tree,3145,3.138,3.837,0.288,0.266,0.176,0.195,0.030,0.050,0.088,0.058,1.600,0.400,0.700,0.400,1.476,0.100,0.200,0.040,1.000,0.501,0.801,0.301,0.401
Tree,3144,8.001,0.000,0.200,0.300,0.100,0.200,0.030,0.050,0.090,0.060,1.600,0.400,0.700,0.400,1.500,0.100,0.200,0.040,1.000,0.500,0.800,0.300,0.400
Tree,3143,24.014,0.672,0.137,0.172,0.082,0.089,0.030,0.050,0.069,0.046,1.600,0.400,0.700,0.400,1.291,0.100,0.200,0.040,1.000,0.501,0.801,0.301,0.401
Tree,3162,10.089,3.450,0.233,0.207,0.177,0.175,0.030,0.050,0.073,0.049,1.600,0.400,0.700,0.400,1.332,0.100,0.200,0.040,1.000,0.506,0.806,0.306,0.406
Tree,3163,17.017,0.080,0.262,0.257,0.171,0.171,0.030,0.050,0.066,0.044,1.600,0.400,0.700,0.400,1.255,0.100,0.200,0.040,1.000,0.501,0.801,0.301,0.401
Tree,3164,3.790,2.881,0.257,0.265,0.146,0.178,0.030,0.050,0.088,0.059,1.600,0.400,0.700,0.400,1.478,0.100,0.200,0.040,1.000,0.500,0.800,0.300,0.400
Tree,3165,0.003,8.273,0.372,0.266,0.289,0.235,0.030,0.050,0.090,0.060,1.600,0.400,0.700,0.400,1.500,0.100,0.200,0.040,1.000,0.500,0.800,0.300,0.400
Tree,3187,12.661,0.785,0.340,0.231,0.253,0.267,0.030,0.050,0.073,0.048,1.600,0.400,0.700,0.400,1.327,0.100,0.200,0.040,1.000,0.505,0.805,0.305,0.405
Tree,3186,9.225,0.213,0.193,0.185,0.126,0.165,0.030,0.050,0.066,0.044,1.600,0.400,0.700,0.400,1.255,0.100,0.200,0.040,1.000,0.516,0.816,0.316,0.416
Tree,3185,21.005,0.740,0.364,0.256,0.262,0.267,0.030,0.050,0.071,0.047,1.600,0.400,0.700,0.400,1.311,0.100,0.200,0.040,1.000,0.500,0.800,0.300,0.400
Tree,3184,19.115,1.528,0.276,0.277,0.180,0.180,0.030,0.050,0.069,0.046,1.600,0.400,0.700,0.400,1.290,0.100,0.200,0.040,1.000,0.500,0.800,0.300,0.400
Tree,3183,2.424,0.016,0.202,0.050,0.092,0.079,0.030,0.050,0.088,0.059,1.600,0.400,0.700,0.400,1.480,0.100,0.200,0.040,1.000,0.500,0.800,0.300,0.400
Tree,3182,1.854,2.103,0.291,0.312,0.135,0.168,0.030,0.050,0.087,0.058,1.600,0.400,0.700,0.400,1.471,0.100,0.200,0.040,1.000,0.501,0.801,0.301,0.401
Tree,3181,0.938,5.262,0.333,0.166,0.243,0.194,0.030,0.050,0.089,0.059,1.600,0.400,0.700,0.400,1.490,0.100,0.200,0.040,1.000,0.500,0.800,0.300,0.400
Tree,3180,9.872,0.029,0.193,0.100,0.110,0.094,0.030,0.050,0.082,0.054,1.600,0.400,0.700,0.400,1.416,0.100,0.200,0.040,1.000,0.500,0.800,0.300,0.400
Tree,3179,3.620,9.081,0.398,0.234,0.337,0.260,0.030,0.050,0.085,0.057,1.600,0.400,0.700,0.400,1.455,0.100,0.200,0.040,1.000,0.500,0.800,0.300,0.400
Tree,3142,0.004,8.826,0.384,0.290,0.302,0.242,0.030,0.050,0.090,0.060,1.600,0.400,0.700,0.400,1.500,0.100,0.200,0.040,1.000,0.500,0.800,0.300,0.400
Tree,3178,0.130,0.041,0.361,0.372,0.076,0.151,0.030,0.050,0.088,0.059,1.600,0.400,0.700,0.400,1.481,0.100,0.200,0.040,1.000,0.501,0.801,0.301,0.401
Tree,3174,0.135,0.237,0.313,0.342,0.068,0.162,0.030,0.050,0.090,0.060,1.600,0.400,0.700,0.400,1.499,0.100,0.200,0.040,1.000,0.500,0.800,0.300,0.400
Tree,3173,1.531,8.830,0.396,0.252,0.318,0.266,0.030,0.050,0.089,0.059,1.600,0.400,0.700,0.400,1.487,0.100,0.200,0.040,1.000,0.500,0.800,0.300,0.400
Tree,3172,0.175,4.015,0.300,0.227,0.174,0.234,0.030,0.050,0.090,0.060,1.600,0.400,0.700,0.400,1.499,0.100,0.200,0.040,1.000,0.500,0.800,0.300,0.400
Tree,3171,2.098,3.146,0.289,0.267,0.176,0.220,0.030,0.050,0.090,0.060,1.600,0.400,0.700,0.400,1.500,0.100,0.200,0.040,1.000,0.500,0.800,0.300,0.400
Tree,3170,5.388,0.000,0.200,0.267,0.084,0.200,0.030,0.050,0.090,0.060,1.600,0.400,0.700,0.400,1.500,0.100,0.200,0.040,1.000,0.500,0.800,0.300,0.400
Tree,3169,0.788,1.733,0.337,0.300,0.139,0.211,0.030,0.050,0.090,0.060,1.600,0.400,0.700,0.400,1.500,0.100,0.200,0.040,1.000,0.500,0.800,0.300,0.400
Tree,3168,18.940,0.112,0.120,0.148,0.056,0.089,0.030,0.050,0.063,0.042,1.600,0.400,0.700,0.400,1.232,0.100,0.200,0.040,1.000,0.516,0.816,0.316,0.416
Tree,3167,0.039,11.308,0.439,0.250,0.383,0.295,0.030,0.050,0.090,0.060,1.600,0.400,0.700,0.400,1.500,0.100,0.200,0.040,1.000,0.500,0.800,0.300,0.400
Tree,3166,2.342,3.771,0.276,0.304,0.162,0.173,0.030,0.050,0.088,0.059,1.600,0.400,0.700,0.400,1.483,0.100,0.200,0.040,1.000,0.500,0.800,0.300,0.400
Tree,3177,18.475,0.324,0.264,0.265,0.170,0.185,0.030,0.050,0.065,0.043,1.600,0.400,0.700,0.400,1.247,0.100,0.200,0.040,1.000,0.500,0.800,0.300,0.400
Tree,3141,3.884,6.965,0.330,0.215,0.267,0.216,0.030,0.050,0.083,0.055,1.600,0.400,0.700,0.400,1.428,0.100,0.200,0.040,1.000,0.503,0.803,0.303,0.403
Tree,3140,1.348,2.978,0.285,0.275,0.163,0.200,0.030,0.050,0.090,0.060,1.600,0.400,0.700,0.400,1.496,0.100,0.200,0.040,1.000,0.500,0.800,0.300,0.400
Tree,3139,0.760,4.018,0.288,0.291,0.167,0.187,0.030,0.050,0.090,0.060,1.600,0.400,0.700,0.400,1.496,0.100,0.200,0.040,1.000,0.500,0.800,0.300,0.400
Tree,3114,21.402,2.601,0.323,0.290,0.228,0.210,0.030,0.050,0.070,0.047,1.600,0.400,0.700,0.400,1.305,0.100,0.200,0.040,1.000,0.501,0.801,0.301,0.401
Tree,3113,19.980,0.000,0.375,0.299,0.227,0.286,0.030,0.050,0.060,0.040,1.600,0.400,0.700,0.400,1.200,0.100,0.200,0.040,1.000,0.504,0.804,0.304,0.404
Tree,3112,21.439,0.247,0.269,0.262,0.175,0.180,0.030,0.050,0.061,0.041,1.600,0.400,0.700,0.400,1.213,0.100,0.200,0.040,1.000,0.500,0.800,0.300,0.400
Tree,3111,27.987,0.000,0.278,0.277,0.182,0.189,0.030,0.050,0.059,0.040,1.600,0.398,0.696,0.397,1.198,0.100,0.200,0.040,1.000,0.500,0.800,0.300,0.400
Tree,3110,17.356,5.418,0.349,0.261,0.279,0.233,0.030,0.050,0.074,0.049,1.600,0.400,0.700,0.400,1.338,0.100,0.200,0.040,1.000,0.500,0.800,0.300,0.400
Tree,3109,1.994,0.005,0.118,0.092,0.136,0.134,0.030,0.050,0.062,0.042,1.600,0.400,0.700,0.400,1.225,0.100,0.200,0.040,1.000,0.500,0.800,0.300,0.400
Tree,3108,5.750,4.364,0.314,0.239,0.212,0.230,0.030,0.050,0.085,0.057,1.600,0.400,0.700,0.400,1.449,0.100,0.200,0.040,1.000,0.500,0.800,0.300,0.400
Tree,3107,12.819,1.235,0.228,0.213,0.148,0.158,0.030,0.050,0.075,0.050,1.600,0.400,0.700,0.400,1.347,0.100,0.200,0.040,1.000,0.511,0.811,0.311,0.411
Tree,3106,1.104,3.253,0.276,0.304,0.153,0.170,0.030,0.050,0.089,0.059,1.600,0.400,0.700,0.400,1.489,0.100,0.200,0.040,1.000,0.502,0.802,0.302,0.402
Tree,3115,0.003,0.009,0.204,0.033,0.085,0.073,0.030,0.050,0.090,0.060,1.600,0.400,0.700,0.400,1.500,0.100,0.200,0.040,1.000,0.500,0.800,0.300,0.400
Tree,3105,24.077,1.743,0.302,0.286,0.202,0.194,0.030,0.050,0.068,0.046,1.600,0.400,0.700,0.400,1.284,0.100,0.200,0.040,1.000,0.500,0.800,0.300,0.400
Tree,3103,0.498,7.192,0.358,0.198,0.281,0.220,0.030,0.050,0.089,0.059,1.600,0.400,0.700,0.400,1.490,0.100,0.200,0.040,1.000,0.500,0.800,0.300,0.400
Tree,3101,0.956,0.133,0.292,0.282,0.110,0.229,0.030,0.050,0.066,0.044,1.600,0.396,0.693,0.394,1.264,0.100,0.200,0.040,1.000,0.500,0.800,0.300,0.400
Tree,3100,1.006,0.024,0.174,0.073,0.127,0.115,0.030,0.050,0.078,0.052,1.600,0.400,0.700,0.400,1.375,0.100,0.200,0.040,1.000,0.500,0.800,0.300,0.400
Tree,3099,14.956,6.722,0.384,0.272,0.312,0.256,0.030,0.050,0.077,0.051,1.600,0.400,0.700,0.400,1.368,0.100,0.200,0.040,1.000,0.500,0.800,0.300,0.400
Tree,3098,2.185,4.703,0.335,0.222,0.226,0.239,0.030,0.050,0.088,0.058,1.600,0.400,0.700,0.400,1.477,0.100,0.200,0.040,1.000,0.500,0.800,0.300,0.400
Tree,3097,19.623,1.242,0.266,0.261,0.177,0.174,0.030,0.050,0.070,0.046,1.600,0.400,0.700,0.400,1.297,0.100,0.200,0.040,1.000,0.501,0.801,0.301,0.401
Tree,3096,18.098,1.767,0.312,0.261,0.215,0.188,0.030,0.050,0.067,0.045,1.600,0.400,0.700,0.400,1.272,0.100,0.200,0.040,1.000,0.500,0.800,0.300,0.400
Tree,3095,0.565,0.170,0.221,0.099,0.163,0.140,0.030,0.050,0.080,0.053,1.600,0.400,0.700,0.400,1.399,0.100,0.200,0.040,1.000,0.500,0.800,0.300,0.400
Tree,3094,20.293,1.298,0.275,0.243,0.173,0.175,0.030,0.050,0.064,0.043,1.600,0.394,0.689,0.391,1.250,0.100,0.200,0.040,1.000,0.500,0.800,0.300,0.400
Tree,3104,6.964,0.558,0.275,0.174,0.185,0.162,0.030,0.050,0.079,0.053,1.600,0.400,0.700,0.400,1.389,0.100,0.200,0.040,1.000,0.500,0.800,0.300,0.400
Tree,3092,29.242,1.523,0.318,0.293,0.223,0.212,0.030,0.050,0.064,0.043,1.600,0.400,0.700,0.400,1.238,0.100,0.200,0.040,1.000,0.500,0.800,0.300,0.400
Tree,3116,8.408,0.477,0.273,0.156,0.171,0.150,0.030,0.050,0.080,0.053,1.600,0.400,0.700,0.400,1.399,0.100,0.200,0.040,1.000,0.500,0.800,0.300,0.400
Tree,3118,21.365,2.261,0.298,0.270,0.210,0.198,0.030,0.050,0.070,0.046,1.600,0.400,0.700,0.400,1.297,0.100,0.200,0.040,1.000,0.503,0.803,0.303,0.403
Tree,3138,1.402,2.194,0.289,0.280,0.137,0.187,0.030,0.050,0.087,0.058,1.600,0.400,0.700,0.400,1.475,0.100,0.200,0.040,1.000,0.500,0.800,0.300,0.400
Tree,3137,0.003,3.826,0.450,0.250,0.400,0.300,0.030,0.050,0.090,0.060,1.600,0.400,0.700,0.400,1.500,0.100,0.200,0.040,1.000,0.500,0.800,0.300,0.400
Tree,3136,16.689,0.214,0.300,0.294,0.201,0.200,0.030,0.050,0.062,0.041,1.600,0.400,0.700,0.400,1.215,0.100,0.200,0.040,1.000,0.500,0.800,0.300,0.400
Tree,3135,1.086,2.487,0.283,0.123,0.188,0.152,0.030,0.050,0.088,0.059,1.600,0.400,0.700,0.400,1.482,0.100,0.200,0.040,1.000,0.500,0.800,0.300,0.400
Tree,3134,4.901,0.600,0.183,0.163,0.093,0.110,0.030,0.050,0.064,0.042,1.600,0.400,0.700,0.400,1.236,0.100,0.200,0.040,1.000,0.514,0.814,0.314,0.414
Tree,3133,0.003,0.259,0.233,0.059,0.122,0.100,0.030,0.050,0.090,0.060,1.600,0.400,0.700,0.400,1.500,0.100,0.200,0.040,1.000,0.500,0.800,0.300,0.400
Tree,3132,9.381,0.000,0.098,0.146,0.069,0.142,0.030,0.050,0.062,0.042,1.600,0.400,0.700,0.400,1.223,0.100,0.200,0.040,1.000,0.504,0.804,0.304,0.404
Tree,3131,4.176,0.496,0.263,0.318,0.122,0.140,0.030,0.050,0.082,0.054,1.600,0.400,0.700,0.400,1.416,0.100,0.200,0.040,1.000,0.501,0.801,0.301,0.401
Tree,3130,23.095,0.213,0.299,0.282,0.190,0.183,0.030,0.050,0.063,0.042,1.600,0.400,0.700,0.400,1.229,0.100,0.200,0.040,1.000,0.500,0.800,0.300,0.400
Tree,3117,8.143,2.943,0.307,0.192,0.217,0.186,0.030,0.050,0.080,0.053,1.600,0.400,0.700,0.400,1.402,0.100,0.200,0.040,1.000,0.500,0.800,0.300,0.400
Tree,3129,21.219,1.058,0.275,0.269,0.183,0.186,0.030,0.050,0.067,0.045,1.600,0.400,0.700,0.400,1.272,0.100,0.200,0.040,1.000,0.505,0.805,0.305,0.405
Tree,3127,0.942,0.304,0.248,0.085,0.145,0.119,0.030,0.050,0.089,0.059,1.600,0.400,0.700,0.400,1.486,0.100,0.200,0.040,1.000,0.500,0.800,0.300,0.400
Tree,3126,2.333,3.203,0.271,0.292,0.157,0.172,0.030,0.050,0.088,0.059,1.600,0.400,0.700,0.400,1.479,0.100,0.200,0.040,1.000,0.500,0.800,0.300,0.400
Tree,3125,1.564,5.509,0.316,0.224,0.220,0.192,0.030,0.050,0.089,0.059,1.600,0.400,0.700,0.400,1.488,0.100,0.200,0.040,1.000,0.500,0.800,0.300,0.400
Tree,3124,0.651,4.634,0.300,0.259,0.193,0.177,0.030,0.050,0.089,0.060,1.600,0.400,0.700,0.400,1.494,0.100,0.200,0.040,1.000,0.500,0.800,0.300,0.400
Tree,3123,0.519,5.935,0.328,0.264,0.227,0.204,0.030,0.050,0.090,0.060,1.600,0.400,0.700,0.400,1.495,0.100,0.200,0.040,1.000,0.500,0.800,0.300,0.400
Tree,3122,3.794,0.071,0.243,0.158,0.152,0.150,0.030,0.050,0.063,0.042,1.600,0.357,0.625,0.336,1.289,0.100,0.200,0.040,1.000,0.500,0.800,0.300,0.400
Tree,3121,0.275,0.035,0.226,0.055,0.114,0.095,0.030,0.050,0.090,0.060,1.600,0.400,0.700,0.400,1.497,0.100,0.200,0.040,1.000,0.500,0.800,0.300,0.400
Tree,3120,0.003,0.000,0.200,0.400,0.030,0.080,0.030,0.050,0.090,0.060,1.600,0.400,0.700,0.400,1.500,0.100,0.200,0.040,1.000,0.500,0.800,0.300,0.400
Tree,3119,0.003,0.060,0.247,0.071,0.140,0.113,0.030,0.050,0.090,0.060,1.600,0.400,0.700,0.400,1.500,0.100,0.200,0.040,1.000,0.500,0.800,0.300,0.400
Tree,3128,13.816,0.536,0.243,0.242,0.157,0.201,0.030,0.050,0.065,0.043,1.600,0.400,0.700,0.400,1.245,0.100,0.200,0.040,1.000,0.502,0.802,0.302,0.402
Tree,5108,7.076,0.027,0.587,0.440,0.244,0.328,0.030,0.050,0.076,0.051,1.231,0.400,0.700,0.400,1.362,0.100,0.200,0.040,1.000,0.500,0.800,0.300,0.400
Tree,3390,6.619,0.000,0.179,0.211,0.106,0.140,0.030,0.050,0.028,0.021,1.600,0.272,0.476,0.208,1.072,0.100,0.200,0.040,1.000,0.500,0.800,0.300,0.400
Tree,3392,2.935,0.000,0.163,0.201,0.092,0.128,0.030,0.050,0.019,0.015,1.600,0.234,0.410,0.151,1.034,0.100,0.200,0.040,1.000,0.500,0.800,0.300,0.400
Tree,3986,14.101,0.000,0.183,0.183,0.171,0.171,0.030,0.050,0.060,0.040,1.600,0.400,0.700,0.400,1.200,0.100,0.200,0.040,1.000,0.500,0.800,0.300,0.400
Tree,3985,18.219,0.039,0.280,0.257,0.140,0.153,0.030,0.050,0.060,0.040,1.600,0.392,0.686,0.388,1.214,0.100,0.200,0.040,1.000,0.500,0.800,0.300,0.400
Tree,3984,37.000,0.000,0.070,0.200,0.070,0.070,0.030,0.050,0.060,0.040,1.600,0.400,0.700,0.400,1.200,0.100,0.200,0.040,1.000,0.500,0.800,0.300,0.400
Tree,3983,17.618,0.010,0.318,0.286,0.149,0.163,0.030,0.050,0.060,0.040,1.600,0.394,0.690,0.391,1.204,0.100,0.200,0.040,1.000,0.500,0.800,0.300,0.400
Tree,3982,19.314,0.069,0.240,0.241,0.151,0.167,0.030,0.050,0.062,0.041,1.600,0.400,0.700,0.400,1.218,0.100,0.200,0.040,1.000,0.502,0.802,0.302,0.402
Tree,3981,30.524,0.034,0.208,0.221,0.128,0.123,0.030,0.050,0.061,0.041,1.600,0.400,0.700,0.400,1.210,0.100,0.200,0.040,1.000,0.500,0.800,0.300,0.400
Tree,3980,27.331,0.043,0.245,0.245,0.155,0.151,0.030,0.050,0.061,0.040,1.600,0.399,0.699,0.399,1.207,0.100,0.200,0.040,1.000,0.500,0.800,0.300,0.400
Tree,3979,6.475,0.001,0.157,0.205,0.086,0.162,0.030,0.050,0.060,0.040,1.600,0.398,0.697,0.397,1.199,0.100,0.200,0.040,1.000,0.501,0.801,0.301,0.401
Tree,3978,9.655,0.118,0.193,0.211,0.135,0.186,0.030,0.050,0.064,0.043,1.600,0.400,0.700,0.400,1.238,0.100,0.200,0.040,1.000,0.514,0.814,0.314,0.414
Tree,3977,11.935,0.211,0.240,0.205,0.155,0.203,0.030,0.050,0.065,0.044,1.600,0.400,0.700,0.400,1.254,0.100,0.200,0.040,1.000,0.511,0.811,0.311,0.411
Tree,3976,11.181,0.606,0.275,0.210,0.201,0.225,0.030,0.050,0.070,0.047,1.600,0.400,0.700,0.400,1.301,0.100,0.200,0.040,1.000,0.513,0.813,0.313,0.413
Tree,3975,11.175,0.191,0.213,0.202,0.129,0.167,0.030,0.050,0.066,0.044,1.600,0.400,0.700,0.400,1.257,0.100,0.200,0.040,1.000,0.517,0.817,0.317,0.417
Tree,3974,11.050,0.303,0.235,0.206,0.150,0.203,0.030,0.050,0.065,0.044,1.600,0.400,0.700,0.400,1.253,0.100,0.200,0.040,1.000,0.514,0.814,0.314,0.414
Tree,3973,14.432,0.440,0.265,0.201,0.176,0.210,0.030,0.050,0.067,0.045,1.600,0.400,0.700,0.400,1.274,0.100,0.200,0.040,1.000,0.516,0.816,0.316,0.416
Tree,3972,9.693,0.037,0.210,0.259,0.122,0.146,0.030,0.050,0.073,0.048,1.600,0.400,0.700,0.400,1.326,0.100,0.200,0.040,1.000,0.512,0.812,0.312,0.412
Tree,3971,7.224,0.000,0.073,0.137,0.044,0.072,0.030,0.050,0.060,0.040,1.600,0.400,0.700,0.400,1.200,0.100,0.200,0.040,1.000,0.514,0.814,0.314,0.414
Tree,3970,9.178,0.392,0.232,0.225,0.138,0.152,0.030,0.050,0.067,0.045,1.600,0.400,0.700,0.400,1.272,0.100,0.200,0.040,1.000,0.522,0.822,0.322,0.422
Tree,3969,1.738,0.042,0.378,0.258,0.159,0.158,0.030,0.050,0.068,0.045,1.600,0.399,0.699,0.399,1.282,0.100,0.200,0.040,1.000,0.507,0.807,0.307,0.407
Tree,3968,7.093,2.787,0.230,0.270,0.146,0.154,0.030,0.050,0.080,0.053,1.600,0.400,0.700,0.400,1.396,0.100,0.200,0.040,1.000,0.503,0.803,0.303,0.403
Tree,3987,17.235,0.137,0.217,0.258,0.118,0.134,0.030,0.050,0.067,0.044,1.600,0.400,0.700,0.400,1.265,0.100,0.200,0.040,1.000,0.502,0.802,0.302,0.402
Tree,3988,0.003,0.000,0.100,0.100,0.150,0.150,0.030,0.050,0.060,0.040,1.600,0.400,0.700,0.400,1.200,0.100,0.200,0.040,1.000,0.500,0.800,0.300,0.400
Tree,3989,3.427,0.042,0.385,0.263,0.169,0.157,0.030,0.050,0.066,0.044,1.600,0.394,0.690,0.392,1.270,0.100,0.200,0.040,1.000,0.500,0.800,0.300,0.400
Tree,3990,10.837,0.768,0.307,0.371,0.366,0.343,0.030,0.050,0.072,0.048,1.600,0.400,0.700,0.400,1.322,0.100,0.200,0.040,1.000,0.509,0.809,0.309,0.409
Tree,5011,0.010,0.005,0.012,0.009,0.005,0.253,0.030,0.050,0.075,0.050,1.200,0.400,0.700,0.400,1.350,0.100,0.200,0.040,1.000,0.500,0.800,0.300,0.400
Tree,5010,16.511,0.002,0.333,0.250,0.139,0.169,0.030,0.050,0.061,0.041,0.837,0.400,0.700,0.400,1.214,0.100,0.200,0.040,1.000,0.500,0.800,0.300,0.400
Tree,5009,13.277,0.013,0.481,0.361,0.200,0.255,0.030,0.050,0.069,0.046,1.035,0.400,0.700,0.400,1.288,0.100,0.200,0.040,1.000,0.500,0.800,0.300,0.400
Tree,5008,16.314,0.002,0.339,0.255,0.141,0.173,0.030,0.050,0.062,0.041,0.846,0.400,0.700,0.400,1.217,0.100,0.200,0.040,1.000,0.500,0.800,0.300,0.400
Tree,5007,12.246,0.015,0.510,0.383,0.213,0.272,0.030,0.050,0.070,0.047,1.074,0.400,0.700,0.400,1.303,0.100,0.200,0.040,1.000,0.500,0.800,0.300,0.400
Tree,5006,14.966,0.007,0.400,0.300,0.167,0.208,0.030,0.050,0.065,0.043,0.927,0.400,0.700,0.400,1.248,0.100,0.200,0.040,1.000,0.500,0.800,0.300,0.400
Tree,5005,16.410,0.002,0.337,0.253,0.140,0.172,0.030,0.050,0.062,0.041,0.843,0.400,0.700,0.400,1.216,0.100,0.200,0.040,1.000,0.500,0.800,0.300,0.400
Tree,5004,15.579,0.005,0.377,0.283,0.157,0.195,0.030,0.050,0.064,0.042,0.896,0.400,0.700,0.400,1.236,0.100,0.200,0.040,1.000,0.500,0.800,0.300,0.400
Tree,5003,13.251,0.004,0.363,0.273,0.151,0.187,0.030,0.050,0.063,0.042,0.878,0.400,0.700,0.400,1.229,0.100,0.200,0.040,1.000,0.500,0.800,0.300,0.400
Tree,3967,6.017,1.064,0.195,0.253,0.096,0.118,0.030,0.050,0.079,0.052,1.600,0.400,0.700,0.400,1.386,0.100,0.200,0.040,1.000,0.506,0.806,0.306,0.406
Tree,5002,4.794,0.317,0.239,0.179,0.100,0.435,0.030,0.050,0.086,0.057,1.490,0.400,0.700,0.400,1.459,0.100,0.200,0.040,1.000,0.500,0.800,0.300,0.400
Tree,3999,4.769,0.000,0.164,0.210,0.088,0.148,0.030,0.050,0.060,0.040,1.600,0.400,0.700,0.400,1.200,0.100,0.200,0.040,1.000,0.500,0.800,0.300,0.400
Tree,3998,12.181,0.383,0.224,0.175,0.173,0.219,0.030,0.050,0.066,0.044,1.600,0.400,0.700,0.400,1.257,0.100,0.200,0.040,1.000,0.501,0.801,0.301,0.401
Tree,3997,13.018,0.866,0.326,0.231,0.258,0.290,0.030,0.050,0.072,0.048,1.600,0.400,0.700,0.400,1.322,0.100,0.200,0.040,1.000,0.503,0.803,0.303,0.403
Tree,3996,12.315,1.185,0.315,0.255,0.283,0.285,0.030,0.050,0.073,0.049,1.600,0.400,0.700,0.400,1.329,0.100,0.200,0.040,1.000,0.504,0.804,0.304,0.404
Tree,3995,14.246,0.579,0.288,0.189,0.195,0.266,0.030,0.050,0.068,0.045,1.600,0.400,0.700,0.400,1.282,0.100,0.200,0.040,1.000,0.509,0.809,0.309,0.409
Tree,3994,14.737,0.689,0.281,0.224,0.230,0.257,0.030,0.050,0.069,0.046,1.600,0.400,0.700,0.400,1.294,0.100,0.200,0.040,1.000,0.506,0.806,0.306,0.406
Tree,3993,15.093,0.764,0.245,0.208,0.187,0.205,0.030,0.050,0.068,0.045,1.600,0.400,0.700,0.400,1.281,0.100,0.200,0.040,1.000,0.508,0.808,0.308,0.408
Tree,3992,3.088,0.005,0.163,0.219,0.089,0.180,0.030,0.050,0.060,0.040,1.600,0.400,0.700,0.400,1.201,0.100,0.200,0.040,1.000,0.503,0.803,0.303,0.403
Tree,3991,5.665,0.041,0.161,0.191,0.097,0.188,0.030,0.050,0.061,0.040,1.600,0.400,0.700,0.400,1.206,0.100,0.200,0.040,1.000,0.503,0.803,0.303,0.403
Tree,5001,0.650,0.137,0.035,0.026,0.015,0.460,0.030,0.050,0.088,0.058,1.534,0.400,0.700,0.400,1.475,0.100,0.200,0.040,1.000,0.500,0.800,0.300,0.400
Tree,3966,6.437,1.060,0.224,0.257,0.111,0.121,0.030,0.050,0.082,0.055,1.600,0.400,0.700,0.400,1.424,0.100,0.200,0.040,1.000,0.500,0.800,0.300,0.400
Tree,3965,5.797,3.599,0.277,0.222,0.188,0.168,0.030,0.050,0.082,0.055,1.600,0.400,0.700,0.400,1.423,0.100,0.200,0.040,1.000,0.505,0.805,0.305,0.405
Tree,3964,5.115,0.637,0.183,0.267,0.075,0.121,0.030,0.050,0.076,0.051,1.600,0.400,0.700,0.400,1.364,0.100,0.200,0.040,1.000,0.506,0.806,0.306,0.406
Tree,3939,11.282,1.095,0.332,0.283,0.320,0.315,0.030,0.050,0.075,0.050,1.600,0.400,0.700,0.400,1.346,0.100,0.200,0.040,1.000,0.503,0.803,0.303,0.403
Tree,3938,12.816,1.099,0.312,0.212,0.240,0.275,0.030,0.050,0.072,0.048,1.600,0.400,0.700,0.400,1.317,0.100,0.200,0.040,1.000,0.505,0.805,0.305,0.405
Tree,3937,11.671,0.502,0.310,0.186,0.172,0.243,0.030,0.050,0.071,0.047,1.600,0.400,0.700,0.400,1.306,0.100,0.200,0.040,1.000,0.502,0.802,0.302,0.402
Tree,3936,12.318,1.092,0.340,0.217,0.257,0.273,0.030,0.050,0.074,0.049,1.600,0.400,0.700,0.400,1.338,0.100,0.200,0.040,1.000,0.504,0.804,0.304,0.404
Tree,3935,10.805,0.730,0.318,0.202,0.236,0.290,0.030,0.050,0.073,0.048,1.600,0.400,0.700,0.400,1.326,0.100,0.200,0.040,1.000,0.503,0.803,0.303,0.403
Tree,3934,11.904,0.447,0.260,0.209,0.174,0.210,0.030,0.050,0.067,0.045,1.600,0.400,0.700,0.400,1.275,0.100,0.200,0.040,1.000,0.511,0.811,0.311,0.411
Tree,3933,11.036,0.455,0.267,0.217,0.179,0.212,0.030,0.050,0.069,0.046,1.600,0.400,0.700,0.400,1.287,0.100,0.200,0.040,1.000,0.514,0.814,0.314,0.414
Tree,3932,7.742,0.118,0.268,0.243,0.143,0.169,0.030,0.050,0.074,0.049,1.600,0.400,0.700,0.400,1.338,0.100,0.200,0.040,1.000,0.513,0.813,0.313,0.413
Tree,3931,9.152,0.855,0.333,0.221,0.247,0.257,0.030,0.050,0.075,0.050,1.600,0.400,0.700,0.400,1.349,0.100,0.200,0.040,1.000,0.508,0.808,0.308,0.408
Tree,3940,16.296,0.134,0.209,0.177,0.104,0.114,0.030,0.050,0.069,0.046,1.600,0.400,0.700,0.400,1.290,0.100,0.200,0.040,1.000,0.501,0.801,0.301,0.401
Tree,3930,11.332,0.131,0.229,0.213,0.133,0.181,0.030,0.050,0.065,0.043,1.600,0.400,0.700,0.400,1.245,0.100,0.200,0.040,1.000,0.517,0.817,0.317,0.417
Tree,3928,32.872,0.000,0.117,0.183,0.088,0.088,0.030,0.050,0.060,0.040,1.600,0.400,0.700,0.400,1.200,0.100,0.200,0.040,1.000,0.500,0.800,0.300,0.400
Tree,3927,27.653,0.118,0.295,0.279,0.192,0.188,0.030,0.050,0.062,0.041,1.600,0.400,0.699,0.399,1.223,0.100,0.200,0.040,1.000,0.500,0.800,0.300,0.400
Tree,3926,19.320,0.063,0.270,0.229,0.158,0.164,0.030,0.050,0.065,0.043,1.600,0.391,0.685,0.387,1.259,0.100,0.200,0.040,1.000,0.500,0.800,0.300,0.400
Tree,3925,19.219,0.162,0.256,0.260,0.158,0.179,0.030,0.050,0.054,0.036,1.600,0.372,0.651,0.358,1.182,0.100,0.200,0.040,1.000,0.500,0.800,0.300,0.400
Tree,3924,4.564,2.069,0.210,0.246,0.116,0.132,0.030,0.050,0.078,0.052,1.600,0.400,0.700,0.400,1.379,0.100,0.200,0.040,1.000,0.509,0.809,0.309,0.409
Tree,3923,6.288,1.738,0.192,0.231,0.111,0.116,0.030,0.050,0.076,0.050,1.600,0.400,0.700,0.400,1.357,0.100,0.200,0.040,1.000,0.504,0.804,0.304,0.404
Tree,3922,6.124,0.000,0.194,0.286,0.060,0.125,0.030,0.050,0.073,0.049,1.600,0.400,0.700,0.400,1.331,0.100,0.200,0.040,1.000,0.533,0.833,0.333,0.433
Tree,3921,4.777,1.759,0.248,0.292,0.123,0.134,0.030,0.050,0.082,0.055,1.600,0.400,0.700,0.400,1.424,0.100,0.200,0.040,1.000,0.500,0.800,0.300,0.400
Tree,3920,31.544,0.000,0.286,0.292,0.189,0.196,0.030,0.050,0.060,0.040,1.600,0.400,0.700,0.400,1.200,0.100,0.200,0.040,1.000,0.506,0.806,0.306,0.406
Tree,3929,18.210,1.080,0.255,0.257,0.164,0.162,0.030,0.050,0.072,0.048,1.600,0.400,0.700,0.400,1.316,0.100,0.200,0.040,1.000,0.500,0.800,0.300,0.400
Tree,5012,14.684,0.008,0.413,0.310,0.172,0.215,0.030,0.050,0.065,0.044,0.943,0.400,0.700,0.400,1.254,0.100,0.200,0.040,1.000,0.500,0.800,0.300,0.400
Tree,3941,14.054,0.267,0.201,0.161,0.094,0.108,0.030,0.050,0.069,0.046,1.600,0.400,0.700,0.400,1.292,0.100,0.200,0.040,1.000,0.506,0.806,0.306,0.406
Tree,3943,14.527,0.408,0.252,0.205,0.126,0.149,0.030,0.050,0.068,0.045,1.600,0.400,0.700,0.400,1.276,0.100,0.200,0.040,1.000,0.502,0.802,0.302,0.402
Tree,3963,4.431,0.001,0.136,0.124,0.072,0.118,0.030,0.050,0.068,0.046,1.600,0.400,0.700,0.400,1.284,0.100,0.200,0.040,1.000,0.500,0.800,0.300,0.400
Tree,3962,0.003,0.000,0.209,0.394,0.036,0.085,0.030,0.050,0.090,0.060,1.600,0.400,0.700,0.400,1.500,0.100,0.200,0.040,1.000,0.500,0.800,0.300,0.400
Tree,3961,22.297,0.335,0.165,0.184,0.102,0.145,0.030,0.050,0.061,0.041,1.600,0.400,0.700,0.400,1.212,0.100,0.200,0.040,1.000,0.501,0.801,0.301,0.401
Tree,3960,7.445,1.971,0.210,0.327,0.098,0.112,0.030,0.050,0.083,0.055,1.600,0.400,0.700,0.400,1.431,0.100,0.200,0.040,1.000,0.500,0.800,0.300,0.400
Tree,3959,0.003,0.000,0.037,0.157,0.028,0.061,0.030,0.050,0.060,0.040,1.600,0.400,0.700,0.400,1.200,0.100,0.200,0.040,1.000,0.500,0.800,0.300,0.400
Tree,3958,8.454,0.986,0.392,0.319,0.375,0.323,0.030,0.050,0.080,0.053,1.600,0.400,0.700,0.400,1.402,0.100,0.200,0.040,1.000,0.501,0.801,0.301,0.401
Tree,3957,4.819,0.001,0.126,0.154,0.071,0.126,0.030,0.050,0.060,0.040,1.600,0.400,0.700,0.400,1.201,0.100,0.200,0.040,1.000,0.500,0.800,0.300,0.400
Tree,3956,4.210,0.582,0.242,0.208,0.167,0.189,0.030,0.050,0.069,0.046,1.600,0.400,0.700,0.400,1.287,0.100,0.200,0.040,1.000,0.505,0.805,0.305,0.405
Tree,3955,5.279,0.004,0.130,0.152,0.077,0.171,0.030,0.050,0.060,0.040,1.600,0.400,0.700,0.400,1.203,0.100,0.200,0.040,1.000,0.500,0.800,0.300,0.400
Tree,3942,13.393,0.246,0.219,0.202,0.117,0.147,0.030,0.050,0.067,0.045,1.600,0.400,0.700,0.400,1.271,0.100,0.200,0.040,1.000,0.514,0.814,0.314,0.414
Tree,3954,14.461,0.120,0.213,0.210,0.129,0.189,0.030,0.050,0.065,0.043,1.600,0.400,0.700,0.400,1.250,0.100,0.200,0.040,1.000,0.511,0.811,0.311,0.411
Tree,3952,16.427,0.000,0.164,0.219,0.068,0.124,0.030,0.050,0.076,0.050,1.600,0.400,0.700,0.400,1.356,0.100,0.200,0.040,1.000,0.506,0.806,0.306,0.406
Tree,3951,9.726,0.874,0.323,0.216,0.231,0.256,0.030,0.050,0.074,0.049,1.600,0.400,0.700,0.400,1.336,0.100,0.200,0.040,1.000,0.503,0.803,0.303,0.403
Tree,3950,11.765,0.099,0.226,0.226,0.113,0.176,0.030,0.050,0.063,0.042,1.600,0.400,0.700,0.400,1.232,0.100,0.200,0.040,1.000,0.514,0.814,0.314,0.414
Tree,3949,18.637,0.017,0.230,0.230,0.142,0.158,0.030,0.050,0.057,0.038,1.600,0.381,0.667,0.372,1.196,0.100,0.200,0.040,1.000,0.500,0.800,0.300,0.400
Tree,3948,20.807,0.005,0.248,0.256,0.157,0.171,0.030,0.050,0.050,0.034,1.600,0.359,0.628,0.338,1.162,0.100,0.200,0.040,1.000,0.500,0.800,0.300,0.400
Tree,3947,22.533,0.197,0.285,0.274,0.188,0.191,0.030,0.050,0.064,0.043,1.600,0.400,0.700,0.400,1.243,0.100,0.200,0.040,1.000,0.500,0.800,0.300,0.400
Tree,3946,20.732,0.250,0.285,0.273,0.178,0.187,0.030,0.050,0.063,0.042,1.600,0.399,0.698,0.399,1.233,0.100,0.200,0.040,1.000,0.501,0.801,0.301,0.401
Tree,3945,21.550,0.251,0.296,0.273,0.186,0.184,0.030,0.050,0.062,0.041,1.600,0.398,0.696,0.397,1.219,0.100,0.200,0.040,1.000,0.500,0.800,0.300,0.400
Tree,3944,30.160,0.797,0.111,0.227,0.087,0.086,0.030,0.050,0.066,0.044,1.600,0.400,0.700,0.400,1.255,0.100,0.200,0.040,1.000,0.500,0.800,0.300,0.400
Tree,3953,10.094,0.167,0.184,0.175,0.101,0.157,0.030,0.050,0.063,0.042,1.600,0.400,0.700,0.400,1.227,0.100,0.200,0.040,1.000,0.528,0.828,0.328,0.428
Tree,3919,14.052,0.957,0.320,0.230,0.256,0.269,0.030,0.050,0.072,0.048,1.600,0.400,0.700,0.400,1.319,0.100,0.200,0.040,1.000,0.505,0.805,0.305,0.405
Tree,5013,14.696,0.007,0.408,0.306,0.170,0.213,0.030,0.050,0.065,0.043,0.938,0.400,0.700,0.400,1.252,0.100,0.200,0.040,1.000,0.500,0.800,0.300,0.400
Tree,5015,13.385,0.013,0.483,0.363,0.201,0.256,0.030,0.050,0.069,0.046,1.037,0.400,0.700,0.400,1.289,0.100,0.200,0.040,1.000,0.500,0.800,0.300,0.400
Tree,5082,33.258,0.026,0.924,0.693,0.385,0.497,0.030,0.050,0.089,0.059,1.565,0.400,0.700,0.400,1.487,0.100,0.200,0.040,1.000,0.500,0.800,0.300,0.400
Tree,5081,32.298,0.035,0.900,0.675,0.375,0.494,0.030,0.050,0.088,0.059,1.546,0.400,0.700,0.400,1.480,0.100,0.200,0.040,1.000,0.500,0.800,0.300,0.400
Tree,5080,32.136,0.034,0.887,0.665,0.370,0.485,0.030,0.050,0.085,0.056,1.459,0.400,0.700,0.400,1.447,0.100,0.200,0.040,1.000,0.500,0.800,0.300,0.400
Tree,5079,33.693,0.018,0.897,0.673,0.374,0.486,0.030,0.050,0.085,0.057,1.467,0.400,0.700,0.400,1.450,0.100,0.200,0.040,1.000,0.500,0.800,0.300,0.400
Tree,5078,32.961,0.033,0.906,0.679,0.378,0.499,0.030,0.050,0.090,0.060,1.592,0.400,0.700,0.400,1.497,0.100,0.200,0.040,1.000,0.500,0.800,0.300,0.400
Tree,5077,33.445,0.025,0.905,0.680,0.378,0.499,0.030,0.050,0.090,0.060,1.595,0.400,0.700,0.400,1.498,0.100,0.200,0.040,1.000,0.500,0.800,0.300,0.400
Tree,5076,31.859,0.042,0.902,0.677,0.376,0.498,0.030,0.050,0.089,0.060,1.584,0.400,0.700,0.400,1.494,0.100,0.200,0.040,1.000,0.500,0.800,0.300,0.400
Tree,5075,34.922,0.019,0.943,0.707,0.393,0.498,0.030,0.050,0.089,0.059,1.574,0.400,0.700,0.400,1.490,0.100,0.200,0.040,1.000,0.500,0.800,0.300,0.400
Tree,5074,28.737,0.014,0.866,0.650,0.361,0.456,0.030,0.050,0.072,0.048,1.108,0.400,0.700,0.400,1.316,0.100,0.200,0.040,1.000,0.500,0.800,0.300,0.400
Tree,5073,29.285,0.031,0.967,0.726,0.403,0.490,0.030,0.050,0.084,0.056,1.430,0.400,0.700,0.400,1.436,0.100,0.200,0.040,1.000,0.500,0.800,0.300,0.400
Tree,5072,25.581,0.015,0.798,0.598,0.333,0.427,0.030,0.050,0.072,0.048,1.108,0.400,0.700,0.400,1.315,0.100,0.200,0.040,1.000,0.500,0.800,0.300,0.400
Tree,5071,30.286,0.026,0.871,0.653,0.363,0.483,0.030,0.050,0.083,0.056,1.421,0.400,0.700,0.400,1.433,0.100,0.200,0.040,1.000,0.500,0.800,0.300,0.400
Tree,5070,28.104,0.017,0.870,0.653,0.363,0.454,0.030,0.050,0.073,0.049,1.143,0.400,0.700,0.400,1.329,0.100,0.200,0.040,1.000,0.500,0.800,0.300,0.400
Tree,5069,23.943,0.029,0.871,0.653,0.363,0.471,0.030,0.050,0.081,0.054,1.358,0.400,0.700,0.400,1.409,0.100,0.200,0.040,1.000,0.500,0.800,0.300,0.400
Tree,5068,31.320,0.004,0.810,0.607,0.337,0.415,0.030,0.050,0.063,0.042,0.881,0.400,0.700,0.400,1.230,0.100,0.200,0.040,1.000,0.500,0.800,0.300,0.400
Tree,5067,31.475,0.026,0.982,0.737,0.409,0.493,0.030,0.050,0.082,0.054,1.374,0.400,0.700,0.400,1.415,0.100,0.200,0.040,1.000,0.500,0.800,0.300,0.400
Tree,5066,29.436,0.021,0.903,0.678,0.376,0.478,0.030,0.050,0.077,0.052,1.264,0.400,0.700,0.400,1.374,0.100,0.200,0.040,1.000,0.500,0.800,0.300,0.400
Tree,5065,26.587,0.024,0.793,0.594,0.330,0.469,0.030,0.050,0.080,0.053,1.335,0.400,0.700,0.400,1.400,0.100,0.200,0.040,1.000,0.500,0.800,0.300,0.400
Tree,5064,0.010,0.005,0.012,0.009,0.005,0.253,0.030,0.050,0.075,0.050,1.200,0.400,0.700,0.400,1.350,0.100,0.200,0.040,1.000,0.500,0.800,0.300,0.400
Tree,5083,31.596,0.018,0.958,0.718,0.399,0.490,0.030,0.050,0.083,0.055,1.416,0.400,0.700,0.400,1.431,0.100,0.200,0.040,1.000,0.500,0.800,0.300,0.400
Tree,5084,31.138,0.020,0.963,0.723,0.401,0.492,0.030,0.050,0.084,0.056,1.451,0.400,0.700,0.400,1.444,0.100,0.200,0.040,1.000,0.500,0.800,0.300,0.400
Tree,5085,0.003,0.007,0.160,0.121,0.067,0.088,0.030,0.050,0.065,0.043,0.933,0.400,0.700,0.400,1.250,0.100,0.200,0.040,1.000,0.500,0.800,0.300,0.400
Tree,5086,0.010,0.005,0.012,0.009,0.005,0.253,0.030,0.050,0.075,0.050,1.200,0.400,0.700,0.400,1.350,0.100,0.200,0.040,1.000,0.500,0.800,0.300,0.400
Tree,5106,7.514,0.010,0.451,0.338,0.188,0.237,0.030,0.050,0.067,0.045,0.994,0.400,0.700,0.400,1.273,0.100,0.200,0.040,1.000,0.500,0.800,0.300,0.400
Tree,5105,7.503,0.187,0.508,0.382,0.212,0.298,0.030,0.050,0.075,0.050,1.189,0.400,0.700,0.400,1.346,0.100,0.200,0.040,1.000,0.500,0.800,0.300,0.400
Tree,5104,17.966,0.085,0.315,0.236,0.131,0.189,0.030,0.050,0.065,0.043,0.934,0.400,0.700,0.400,1.250,0.100,0.200,0.040,1.000,0.500,0.800,0.300,0.400
Tree,5103,6.375,0.029,0.711,0.534,0.297,0.387,0.030,0.050,0.080,0.054,1.340,0.400,0.700,0.400,1.403,0.100,0.200,0.040,1.000,0.500,0.800,0.300,0.400
Tree,5102,0.010,0.005,0.012,0.009,0.005,0.253,0.030,0.050,0.075,0.050,1.200,0.400,0.700,0.400,1.350,0.100,0.200,0.040,1.000,0.500,0.800,0.300,0.400
Tree,5101,7.049,0.027,0.689,0.517,0.287,0.373,0.030,0.050,0.079,0.053,1.306,0.400,0.700,0.400,1.390,0.100,0.200,0.040,1.000,0.500,0.800,0.300,0.400
Tree,5100,6.173,0.030,0.730,0.547,0.304,0.399,0.030,0.050,0.081,0.054,1.366,0.400,0.700,0.400,1.412,0.100,0.200,0.040,1.000,0.500,0.800,0.300,0.400
Tree,5099,11.720,0.002,0.145,0.109,0.060,0.074,0.030,0.050,0.062,0.041,0.843,0.400,0.700,0.400,1.216,0.100,0.200,0.040,1.000,0.500,0.800,0.300,0.400
Tree,5098,4.811,0.019,0.309,0.231,0.129,0.202,0.030,0.050,0.070,0.047,1.067,0.400,0.700,0.400,1.300,0.100,0.200,0.040,1.000,0.500,0.800,0.300,0.400
Tree,5063,12.340,0.036,0.891,0.668,0.371,0.484,0.030,0.050,0.085,0.057,1.462,0.400,0.700,0.400,1.448,0.100,0.200,0.040,1.000,0.500,0.800,0.300,0.400
Tree,5097,4.930,0.017,0.404,0.303,0.168,0.226,0.030,0.050,0.072,0.048,1.116,0.400,0.700,0.400,1.318,0.100,0.200,0.040,1.000,0.500,0.800,0.300,0.400
Tree,5095,6.466,0.037,0.825,0.619,0.343,0.453,0.030,0.050,0.086,0.057,1.493,0.400,0.700,0.400,1.460,0.100,0.200,0.040,1.000,0.500,0.800,0.300,0.400
Tree,5094,5.759,0.027,0.682,0.512,0.284,0.371,0.030,0.050,0.079,0.053,1.302,0.400,0.700,0.400,1.388,0.100,0.200,0.040,1.000,0.500,0.800,0.300,0.400
Tree,5093,7.718,0.001,0.247,0.185,0.103,0.125,0.030,0.050,0.061,0.040,0.819,0.400,0.700,0.400,1.207,0.100,0.200,0.040,1.000,0.500,0.800,0.300,0.400
Tree,5092,6.976,0.018,0.558,0.418,0.232,0.298,0.030,0.050,0.073,0.048,1.135,0.400,0.700,0.400,1.326,0.100,0.200,0.040,1.000,0.500,0.800,0.300,0.400
Tree,5091,7.665,0.004,0.317,0.238,0.132,0.162,0.030,0.050,0.063,0.042,0.875,0.400,0.700,0.400,1.228,0.100,0.200,0.040,1.000,0.500,0.800,0.300,0.400
Tree,5090,5.014,0.009,0.241,0.181,0.100,0.137,0.030,0.050,0.067,0.045,0.981,0.400,0.700,0.400,1.268,0.100,0.200,0.040,1.000,0.500,0.800,0.300,0.400
Tree,5089,0.010,0.005,0.012,0.009,0.005,0.253,0.030,0.050,0.075,0.050,1.200,0.400,0.700,0.400,1.350,0.100,0.200,0.040,1.000,0.500,0.800,0.300,0.400
Tree,5088,0.010,0.005,0.012,0.009,0.005,0.253,0.030,0.050,0.075,0.050,1.200,0.400,0.700,0.400,1.350,0.100,0.200,0.040,1.000,0.500,0.800,0.300,0.400
Tree,5087,0.010,0.005,0.012,0.009,0.005,0.253,0.030,0.050,0.075,0.050,1.200,0.400,0.700,0.400,1.350,0.100,0.200,0.040,1.000,0.500,0.800,0.300,0.400
Tree,5096,6.454,0.017,0.538,0.404,0.224,0.288,0.030,0.050,0.072,0.048,1.111,0.400,0.700,0.400,1.317,0.100,0.200,0.040,1.000,0.500,0.800,0.300,0.400
Tree,5062,18.544,0.023,0.864,0.649,0.360,0.458,0.030,0.050,0.076,0.051,1.231,0.400,0.700,0.400,1.362,0.100,0.200,0.040,1.000,0.500,0.800,0.300,0.400
Tree,5061,33.529,0.001,0.809,0.607,0.337,0.407,0.030,0.050,0.061,0.040,0.814,0.400,0.700,0.400,1.205,0.100,0.200,0.040,1.000,0.500,0.800,0.300,0.400
Tree,5060,27.218,0.027,0.851,0.638,0.354,0.478,0.030,0.050,0.082,0.055,1.388,0.400,0.700,0.400,1.421,0.100,0.200,0.040,1.000,0.500,0.800,0.300,0.400
Tree,5035,0.010,0.005,0.012,0.009,0.005,0.253,0.030,0.050,0.075,0.050,1.200,0.400,0.700,0.400,1.350,0.100,0.200,0.040,1.000,0.500,0.800,0.300,0.400
Tree,5034,12.351,0.014,0.564,0.423,0.235,0.316,0.030,0.050,0.071,0.047,1.088,0.400,0.700,0.400,1.308,0.100,0.200,0.040,1.000,0.500,0.800,0.300,0.400
Tree,5033,11.661,0.023,0.621,0.465,0.259,0.335,0.030,0.050,0.076,0.050,1.219,0.400,0.700,0.400,1.357,0.100,0.200,0.040,1.000,0.500,0.800,0.300,0.400
Tree,5032,10.013,0.035,0.797,0.598,0.332,0.438,0.030,0.050,0.085,0.056,1.456,0.400,0.700,0.400,1.446,0.100,0.200,0.040,1.000,0.500,0.800,0.300,0.400
Tree,5031,13.909,0.012,0.471,0.353,0.196,0.249,0.030,0.050,0.068,0.046,1.020,0.400,0.700,0.400,1.283,0.100,0.200,0.040,1.000,0.500,0.800,0.300,0.400
Tree,5030,16.674,0.001,0.325,0.244,0.135,0.164,0.030,0.050,0.061,0.041,0.826,0.400,0.700,0.400,1.210,0.100,0.200,0.040,1.000,0.500,0.800,0.300,0.400
Tree,5029,14.701,0.007,0.404,0.303,0.168,0.210,0.030,0.050,0.065,0.043,0.932,0.400,0.700,0.400,1.249,0.100,0.200,0.040,1.000,0.500,0.800,0.300,0.400
Tree,5028,14.037,0.011,0.461,0.346,0.192,0.243,0.030,0.050,0.068,0.045,1.008,0.400,0.700,0.400,1.278,0.100,0.200,0.040,1.000,0.500,0.800,0.300,0.400
Tree,5027,15.632,0.005,0.373,0.280,0.155,0.193,0.030,0.050,0.063,0.042,0.891,0.400,0.700,0.400,1.234,0.100,0.200,0.040,1.000,0.500,0.800,0.300,0.400
Tree,5036,28.192,0.008,0.768,0.576,0.320,0.406,0.030,0.050,0.066,0.044,0.969,0.400,0.700,0.400,1.263,0.100,0.200,0.040,1.000,0.500,0.800,0.300,0.400
Tree,5026,14.326,0.009,0.424,0.318,0.177,0.222,0.030,0.050,0.066,0.044,0.959,0.400,0.700,0.400,1.260,0.100,0.200,0.040,1.000,0.500,0.800,0.300,0.400
Tree,5024,15.701,0.004,0.366,0.275,0.152,0.188,0.030,0.050,0.063,0.042,0.881,0.400,0.700,0.400,1.230,0.100,0.200,0.040,1.000,0.500,0.800,0.300,0.400
Tree,5023,14.759,0.007,0.411,0.309,0.171,0.214,0.030,0.050,0.065,0.044,0.941,0.400,0.700,0.400,1.253,0.100,0.200,0.040,1.000,0.500,0.800,0.300,0.400
Tree,5022,14.506,0.008,0.418,0.314,0.174,0.218,0.030,0.050,0.066,0.044,0.950,0.400,0.700,0.400,1.256,0.100,0.200,0.040,1.000,0.500,0.800,0.300,0.400
Tree,5021,14.761,0.007,0.411,0.308,0.171,0.214,0.030,0.050,0.065,0.044,0.941,0.400,0.700,0.400,1.253,0.100,0.200,0.040,1.000,0.500,0.800,0.300,0.400
Tree,5020,15.969,0.003,0.355,0.266,0.148,0.182,0.030,0.050,0.062,0.042,0.866,0.400,0.700,0.400,1.225,0.100,0.200,0.040,1.000,0.500,0.800,0.300,0.400
Tree,5019,18.895,0.006,0.506,0.380,0.211,0.267,0.030,0.050,0.065,0.043,0.933,0.400,0.700,0.400,1.250,0.100,0.200,0.040,1.000,0.500,0.800,0.300,0.400
Tree,5018,14.996,0.006,0.395,0.297,0.165,0.205,0.030,0.050,0.065,0.043,0.920,0.400,0.700,0.400,1.245,0.100,0.200,0.040,1.000,0.500,0.800,0.300,0.400
Tree,5017,16.261,0.003,0.343,0.258,0.143,0.175,0.030,0.050,0.062,0.041,0.851,0.400,0.700,0.400,1.219,0.100,0.200,0.040,1.000,0.500,0.800,0.300,0.400
Tree,5016,0.010,0.005,0.012,0.009,0.005,0.253,0.030,0.050,0.075,0.050,1.200,0.400,0.700,0.400,1.350,0.100,0.200,0.040,1.000,0.500,0.800,0.300,0.400
Tree,5025,14.498,0.009,0.429,0.322,0.179,0.225,0.030,0.050,0.066,0.044,0.965,0.400,0.700,0.400,1.262,0.100,0.200,0.040,1.000,0.500,0.800,0.300,0.400
Tree,5014,10.283,0.021,0.595,0.446,0.248,0.321,0.030,0.050,0.074,0.050,1.186,0.400,0.700,0.400,1.345,0.100,0.200,0.040,1.000,0.500,0.800,0.300,0.400
Tree,5037,6.404,0.031,0.744,0.559,0.310,0.407,0.030,0.050,0.082,0.055,1.386,0.400,0.700,0.400,1.420,0.100,0.200,0.040,1.000,0.500,0.800,0.300,0.400
Tree,5039,11.614,0.021,0.605,0.454,0.252,0.326,0.030,0.050,0.075,0.050,1.198,0.400,0.700,0.400,1.349,0.100,0.200,0.040,1.000,0.500,0.800,0.300,0.400
Tree,5059,27.842,0.031,0.898,0.673,0.374,0.489,0.030,0.050,0.084,0.056,1.451,0.400,0.700,0.400,1.444,0.100,0.200,0.040,1.000,0.500,0.800,0.300,0.400
Tree,5058,22.475,0.025,0.872,0.654,0.363,0.462,0.030,0.050,0.077,0.052,1.264,0.400,0.700,0.400,1.374,0.100,0.200,0.040,1.000,0.500,0.800,0.300,0.400
Tree,5057,26.294,0.033,0.841,0.631,0.351,0.483,0.030,0.050,0.084,0.056,1.452,0.400,0.700,0.400,1.445,0.100,0.200,0.040,1.000,0.500,0.800,0.300,0.400
Tree,5056,20.112,0.021,0.860,0.645,0.358,0.453,0.030,0.050,0.075,0.050,1.192,0.400,0.700,0.400,1.347,0.100,0.200,0.040,1.000,0.500,0.800,0.300,0.400
Tree,5055,29.809,0.037,0.909,0.681,0.379,0.492,0.030,0.050,0.087,0.058,1.517,0.400,0.700,0.400,1.469,0.100,0.200,0.040,1.000,0.500,0.800,0.300,0.400
Tree,5054,27.150,0.033,0.832,0.624,0.347,0.481,0.030,0.050,0.084,0.056,1.451,0.400,0.700,0.400,1.444,0.100,0.200,0.040,1.000,0.500,0.800,0.300,0.400
Tree,5053,25.351,0.023,0.781,0.585,0.326,0.465,0.030,0.050,0.079,0.053,1.312,0.400,0.700,0.400,1.392,0.100,0.200,0.040,1.000,0.500,0.800,0.300,0.400
Tree,5052,26.512,0.029,0.838,0.628,0.349,0.473,0.030,0.050,0.083,0.055,1.416,0.400,0.700,0.400,1.431,0.100,0.200,0.040,1.000,0.500,0.800,0.300,0.400
Tree,5051,21.857,0.022,0.720,0.541,0.300,0.446,0.030,0.050,0.079,0.053,1.309,0.400,0.700,0.400,1.391,0.100,0.200,0.040,1.000,0.500,0.800,0.300,0.400
Tree,5038,4.005,0.039,0.847,0.636,0.353,0.466,0.030,0.050,0.087,0.058,1.523,0.400,0.700,0.400,1.471,0.100,0.200,0.040,1.000,0.500,0.800,0.300,0.400
Tree,5050,24.381,0.021,0.804,0.603,0.335,0.458,0.030,0.050,0.077,0.051,1.253,0.400,0.700,0.400,1.370,0.100,0.200,0.040,1.000,0.500,0.800,0.300,0.400
Tree,5048,5.493,0.035,0.800,0.600,0.333,0.439,0.030,0.050,0.085,0.057,1.460,0.400,0.700,0.400,1.448,0.100,0.200,0.040,1.000,0.500,0.800,0.300,0.400
Tree,5047,29.145,0.001,0.716,0.537,0.299,0.361,0.030,0.050,0.061,0.041,0.829,0.400,0.700,0.400,1.211,0.100,0.200,0.040,1.000,0.500,0.800,0.300,0.400
Tree,5046,28.607,0.006,0.790,0.592,0.329,0.411,0.030,0.050,0.065,0.043,0.922,0.400,0.700,0.400,1.246,0.100,0.200,0.040,1.000,0.500,0.800,0.300,0.400
Tree,5045,29.892,0.004,0.777,0.583,0.324,0.399,0.030,0.050,0.063,0.042,0.885,0.400,0.700,0.400,1.232,0.100,0.200,0.040,1.000,0.500,0.800,0.300,0.400
Tree,5044,13.587,0.017,0.538,0.404,0.224,0.288,0.030,0.050,0.072,0.048,1.111,0.400,0.700,0.400,1.316,0.100,0.200,0.040,1.000,0.500,0.800,0.300,0.400
Tree,5043,29.277,0.007,0.818,0.614,0.341,0.424,0.030,0.050,0.066,0.044,0.948,0.400,0.700,0.400,1.255,0.100,0.200,0.040,1.000,0.500,0.800,0.300,0.400
Tree,5042,5.520,0.039,0.847,0.635,0.353,0.466,0.030,0.050,0.087,0.058,1.521,0.400,0.700,0.400,1.470,0.100,0.200,0.040,1.000,0.500,0.800,0.300,0.400
Tree,5041,3.454,0.040,0.858,0.643,0.357,0.473,0.030,0.050,0.088,0.058,1.537,0.400,0.700,0.400,1.476,0.100,0.200,0.040,1.000,0.500,0.800,0.300,0.400
Tree,5040,14.399,0.012,0.481,0.361,0.200,0.254,0.030,0.050,0.069,0.046,1.033,0.400,0.700,0.400,1.287,0.100,0.200,0.040,1.000,0.500,0.800,0.300,0.400
Tree,5049,24.868,0.023,0.751,0.564,0.313,0.457,0.030,0.050,0.080,0.053,1.324,0.400,0.700,0.400,1.396,0.100,0.200,0.040,1.000,0.500,0.800,0.300,0.400
Tree,3391,6.266,0.000,0.175,0.210,0.105,0.138,0.030,0.050,0.025,0.019,1.600,0.260,0.456,0.190,1.060,0.100,0.200,0.040,1.000,0.500,0.800,0.300,0.400
Tree,3918,11.484,1.537,0.334,0.244,0.284,0.284,0.030,0.050,0.074,0.050,1.600,0.400,0.700,0.400,1.343,0.100,0.200,0.040,1.000,0.504,0.804,0.304,0.404
Tree,3916,8.591,1.502,0.327,0.227,0.287,0.280,0.030,0.050,0.076,0.051,1.600,0.400,0.700,0.400,1.362,0.100,0.200,0.040,1.000,0.505,0.805,0.305,0.405
Tree,3467,2.730,0.000,0.159,0.191,0.087,0.127,0.030,0.050,0.025,0.019,1.600,0.260,0.454,0.190,1.060,0.100,0.200,0.040,1.000,0.500,0.800,0.300,0.400
Tree,3466,1.356,0.694,0.194,0.207,0.130,0.129,0.030,0.050,0.072,0.048,1.600,0.400,0.700,0.400,1.322,0.100,0.200,0.040,1.000,0.527,0.827,0.327,0.427
Tree,3464,0.957,0.016,0.159,0.217,0.074,0.120,0.030,0.050,0.070,0.047,1.600,0.400,0.700,0.400,1.303,0.100,0.200,0.040,1.000,0.539,0.839,0.339,0.439
Tree,3463,12.497,0.065,0.254,0.242,0.144,0.162,0.030,0.050,0.065,0.044,1.600,0.400,0.700,0.400,1.253,0.100,0.200,0.040,1.000,0.521,0.821,0.321,0.421
Tree,3462,19.490,0.000,0.222,0.235,0.142,0.183,0.030,0.050,0.060,0.040,1.600,0.400,0.700,0.400,1.201,0.100,0.200,0.040,1.000,0.500,0.800,0.300,0.400
Tree,3461,9.651,1.279,0.317,0.259,0.302,0.290,0.030,0.050,0.075,0.050,1.600,0.400,0.700,0.400,1.346,0.100,0.200,0.040,1.000,0.504,0.804,0.304,0.404
Tree,3460,7.532,0.542,0.344,0.508,0.520,0.451,0.030,0.050,0.078,0.052,1.600,0.400,0.700,0.400,1.382,0.100,0.200,0.040,1.000,0.504,0.804,0.304,0.404
Tree,3459,6.969,0.985,0.314,0.210,0.248,0.222,0.030,0.050,0.075,0.050,1.600,0.400,0.700,0.400,1.352,0.100,0.200,0.040,1.000,0.528,0.828,0.328,0.428
Tree,3458,13.810,0.823,0.349,0.229,0.257,0.285,0.030,0.050,0.073,0.049,1.600,0.400,0.700,0.400,1.329,0.100,0.200,0.040,1.000,0.501,0.801,0.301,0.401
Tree,3457,4.360,0.002,0.119,0.146,0.070,0.184,0.030,0.050,0.060,0.040,1.600,0.400,0.700,0.400,1.203,0.100,0.200,0.040,1.000,0.502,0.802,0.302,0.402
Tree,3456,5.111,1.000,0.318,0.207,0.237,0.194,0.030,0.050,0.078,0.052,1.600,0.400,0.700,0.400,1.383,0.100,0.200,0.040,1.000,0.523,0.823,0.323,0.423
Tree,3455,12.359,0.429,0.269,0.192,0.201,0.255,0.030,0.050,0.068,0.045,1.600,0.400,0.700,0.400,1.282,0.100,0.200,0.040,1.000,0.507,0.807,0.307,0.407
Tree,3454,6.862,1.606,0.354,0.307,0.378,0.331,0.030,0.050,0.080,0.053,1.600,0.400,0.700,0.400,1.399,0.100,0.200,0.040,1.000,0.501,0.801,0.301,0.401
Tree,3453,8.734,1.088,0.343,0.371,0.395,0.351,0.030,0.050,0.077,0.051,1.600,0.400,0.700,0.400,1.365,0.100,0.200,0.040,1.000,0.505,0.805,0.305,0.405
Tree,3452,5.581,1.329,0.295,0.187,0.240,0.221,0.030,0.050,0.075,0.050,1.600,0.400,0.700,0.400,1.347,0.100,0.200,0.040,1.000,0.513,0.813,0.313,0.413
Tree,3451,10.524,1.564,0.367,0.225,0.291,0.290,0.030,0.050,0.077,0.051,1.600,0.400,0.700,0.400,1.371,0.100,0.200,0.040,1.000,0.502,0.802,0.302,0.402
Tree,3450,12.167,1.051,0.321,0.237,0.277,0.266,0.030,0.050,0.074,0.049,1.600,0.400,0.700,0.400,1.342,0.100,0.200,0.040,1.000,0.505,0.805,0.305,0.405
Tree,3449,8.855,1.324,0.331,0.219,0.270,0.261,0.030,0.050,0.076,0.051,1.600,0.400,0.700,0.400,1.361,0.100,0.200,0.040,1.000,0.510,0.810,0.310,0.410
Tree,3448,11.615,0.560,0.309,0.215,0.226,0.244,0.030,0.050,0.071,0.047,1.600,0.400,0.700,0.400,1.306,0.100,0.200,0.040,1.000,0.507,0.807,0.307,0.407
Tree,3468,12.593,1.544,0.316,0.205,0.239,0.261,0.030,0.050,0.072,0.048,1.600,0.400,0.700,0.400,1.324,0.100,0.200,0.040,1.000,0.506,0.806,0.306,0.406
Tree,3469,9.360,0.000,0.161,0.206,0.098,0.202,0.030,0.050,0.060,0.040,1.600,0.400,0.700,0.400,1.202,0.100,0.200,0.040,1.000,0.521,0.821,0.321,0.421
Tree,3470,0.003,2.000,0.450,0.250,0.400,0.300,0.030,0.050,0.090,0.060,1.600,0.400,0.700,0.400,1.500,0.100,0.200,0.040,1.000,0.500,0.800,0.300,0.400
Tree,3471,9.817,0.069,0.195,0.210,0.116,0.188,0.030,0.050,0.062,0.042,1.600,0.400,0.700,0.400,1.223,0.100,0.200,0.040,1.000,0.524,0.824,0.324,0.424
Tree,3493,16.479,0.153,0.191,0.235,0.113,0.147,0.030,0.050,0.062,0.041,1.600,0.400,0.700,0.400,1.216,0.100,0.200,0.040,1.000,0.519,0.819,0.319,0.419
Tree,3492,4.962,0.002,0.122,0.187,0.078,0.089,0.030,0.050,0.073,0.049,1.600,0.400,0.700,0.400,1.328,0.100,0.200,0.040,1.000,0.511,0.811,0.311,0.411
Tree,3491,3.369,0.009,0.201,0.225,0.072,0.144,0.030,0.050,0.078,0.052,1.600,0.400,0.700,0.400,1.380,0.100,0.200,0.040,1.000,0.536,0.836,0.336,0.436
Tree,3490,8.059,1.207,0.296,0.352,0.365,0.320,0.030,0.050,0.075,0.050,1.600,0.400,0.700,0.400,1.353,0.100,0.200,0.040,1.000,0.511,0.811,0.311,0.411
Tree,3489,13.989,0.937,0.286,0.300,0.272,0.250,0.030,0.050,0.070,0.047,1.600,0.400,0.700,0.400,1.299,0.100,0.200,0.040,1.000,0.518,0.818,0.318,0.418
Tree,3488,29.979,0.000,0.079,0.198,0.066,0.091,0.030,0.050,0.060,0.040,1.600,0.400,0.700,0.400,1.204,0.100,0.200,0.040,1.000,0.506,0.806,0.306,0.406
Tree,3486,6.107,0.000,0.206,0.255,0.099,0.181,0.030,0.050,0.053,0.036,1.600,0.372,0.651,0.358,1.172,0.100,0.200,0.040,1.000,0.500,0.800,0.300,0.400
Tree,3485,12.703,1.436,0.295,0.241,0.294,0.254,0.030,0.050,0.075,0.050,1.600,0.400,0.700,0.400,1.353,0.100,0.200,0.040,1.000,0.503,0.803,0.303,0.403
Tree,3483,9.483,0.272,0.370,0.608,0.589,0.482,0.030,0.050,0.078,0.052,1.600,0.400,0.700,0.400,1.384,0.100,0.200,0.040,1.000,0.510,0.810,0.310,0.410
Tree,3447,1.034,0.169,0.328,0.641,0.612,0.496,0.030,0.050,0.079,0.053,1.600,0.400,0.700,0.400,1.395,0.100,0.200,0.040,1.000,0.521,0.821,0.321,0.421
Tree,3482,1.244,0.000,0.191,0.148,0.140,0.268,0.030,0.050,0.060,0.040,1.600,0.400,0.700,0.400,1.200,0.100,0.200,0.040,1.000,0.506,0.806,0.306,0.406
Tree,3480,11.493,0.673,0.285,0.295,0.305,0.285,0.030,0.050,0.073,0.048,1.600,0.400,0.700,0.400,1.327,0.100,0.200,0.040,1.000,0.508,0.808,0.308,0.408
Tree,3479,8.885,0.087,0.221,0.224,0.121,0.159,0.030,0.050,0.065,0.043,1.600,0.400,0.700,0.400,1.250,0.100,0.200,0.040,1.000,0.527,0.827,0.327,0.427
Tree,3478,1.384,0.195,0.402,0.792,0.791,0.636,0.030,0.050,0.085,0.057,1.600,0.400,0.700,0.400,1.451,0.100,0.200,0.040,1.000,0.511,0.811,0.311,0.411
Tree,3477,8.292,0.376,0.185,0.216,0.098,0.133,0.030,0.050,0.076,0.051,1.600,0.400,0.700,0.400,1.363,0.100,0.200,0.040,1.000,0.511,0.811,0.311,0.411
Tree,3476,3.603,0.000,0.164,0.201,0.094,0.132,0.030,0.050,0.021,0.017,1.600,0.246,0.430,0.169,1.046,0.100,0.200,0.040,1.000,0.500,0.800,0.300,0.400
Tree,3475,8.675,0.050,0.183,0.215,0.093,0.136,0.030,0.050,0.070,0.047,1.600,0.400,0.700,0.400,1.303,0.100,0.200,0.040,1.000,0.521,0.821,0.321,0.421
Tree,3474,13.279,0.840,0.300,0.218,0.239,0.267,0.030,0.050,0.071,0.047,1.600,0.400,0.700,0.400,1.310,0.100,0.200,0.040,1.000,0.506,0.806,0.306,0.406
Tree,3473,15.543,0.394,0.255,0.230,0.217,0.268,0.030,0.050,0.067,0.045,1.600,0.400,0.700,0.400,1.272,0.100,0.200,0.040,1.000,0.506,0.806,0.306,0.406
Tree,3472,10.483,0.478,0.285,0.201,0.193,0.247,0.030,0.050,0.069,0.046,1.600,0.400,0.700,0.400,1.293,0.100,0.200,0.040,1.000,0.510,0.810,0.310,0.410
Tree,3481,7.081,0.149,0.163,0.195,0.093,0.117,0.030,0.050,0.074,0.049,1.600,0.400,0.700,0.400,1.338,0.100,0.200,0.040,1.000,0.518,0.818,0.318,0.418
Tree,3446,3.884,1.053,0.403,0.672,0.697,0.559,0.030,0.050,0.085,0.056,1.600,0.400,0.700,0.400,1.446,0.100,0.200,0.040,1.000,0.503,0.803,0.303,0.403
Tree,3444,12.041,0.024,0.129,0.192,0.061,0.090,0.030,0.050,0.067,0.045,1.600,0.400,0.700,0.400,1.275,0.100,0.200,0.040,1.000,0.528,0.828,0.328,0.428
Tree,3443,2.601,0.000,0.171,0.129,0.053,0.073,0.030,0.050,0.048,0.033,1.600,0.354,0.619,0.330,1.154,0.100,0.200,0.040,1.000,0.500,0.800,0.300,0.400
Tree,3413,2.621,0.003,0.141,0.071,0.069,0.121,0.030,0.050,0.079,0.052,1.600,0.400,0.700,0.400,1.387,0.100,0.200,0.040,1.000,0.500,0.800,0.300,0.400
Tree,3412,17.701,0.000,0.129,0.195,0.072,0.103,0.030,0.050,0.060,0.040,1.600,0.400,0.700,0.400,1.200,0.100,0.200,0.040,1.000,0.535,0.835,0.335,0.435
Tree,3411,3.832,0.000,0.083,0.106,0.067,0.320,0.030,0.050,0.060,0.040,1.600,0.400,0.700,0.400,1.201,0.100,0.200,0.040,1.000,0.500,0.800,0.300,0.400
Tree,3410,33.778,0.000,0.299,0.299,0.199,0.200,0.030,0.050,0.060,0.040,1.600,0.400,0.699,0.399,1.200,0.100,0.200,0.040,1.000,0.500,0.800,0.300,0.400
Tree,3409,0.617,0.000,0.127,0.177,0.047,0.085,0.030,0.050,0.060,0.040,1.600,0.400,0.700,0.400,1.200,0.100,0.200,0.040,1.000,0.546,0.846,0.346,0.446
Tree,3408,0.418,1.976,0.448,0.251,0.398,0.299,0.030,0.050,0.090,0.060,1.600,0.400,0.700,0.400,1.496,0.100,0.200,0.040,1.000,0.500,0.800,0.300,0.400
Tree,3407,11.961,3.535,0.296,0.240,0.237,0.202,0.030,0.050,0.076,0.050,1.600,0.400,0.700,0.400,1.356,0.100,0.200,0.040,1.000,0.507,0.807,0.307,0.407
Tree,3406,11.795,0.565,0.293,0.204,0.211,0.246,0.030,0.050,0.070,0.046,1.600,0.400,0.700,0.400,1.297,0.100,0.200,0.040,1.000,0.506,0.806,0.306,0.406
Tree,3405,6.471,0.000,0.148,0.179,0.087,0.165,0.030,0.050,0.060,0.040,1.600,0.400,0.700,0.400,1.204,0.100,0.200,0.040,1.000,0.500,0.800,0.300,0.400
Tree,3414,4.213,0.000,0.163,0.188,0.052,0.086,0.030,0.050,0.060,0.040,1.600,0.400,0.700,0.400,1.200,0.100,0.200,0.040,1.000,0.536,0.836,0.336,0.436
Tree,3403,10.059,4.717,0.375,0.229,0.298,0.273,0.030,0.050,0.078,0.052,1.600,0.400,0.700,0.400,1.384,0.100,0.200,0.040,1.000,0.502,0.802,0.302,0.402
Tree,3401,13.434,0.053,0.217,0.194,0.134,0.185,0.030,0.050,0.063,0.042,1.600,0.400,0.700,0.400,1.233,0.100,0.200,0.040,1.000,0.513,0.813,0.313,0.413
Tree,3400,14.512,0.107,0.229,0.215,0.139,0.165,0.030,0.050,0.062,0.041,1.600,0.400,0.700,0.400,1.222,0.100,0.200,0.040,1.000,0.512,0.812,0.312,0.412
Tree,3399,6.036,0.001,0.142,0.174,0.082,0.220,0.030,0.050,0.060,0.040,1.600,0.400,0.700,0.400,1.202,0.100,0.200,0.040,1.000,0.500,0.800,0.300,0.400
Tree,3398,16.586,0.015,0.345,0.194,0.250,0.383,0.030,0.050,0.061,0.041,1.600,0.400,0.700,0.400,1.215,0.100,0.200,0.040,1.000,0.500,0.800,0.300,0.400
Tree,3397,3.376,0.002,0.234,0.103,0.144,0.238,0.030,0.050,0.071,0.047,1.600,0.400,0.700,0.400,1.312,0.100,0.200,0.040,1.000,0.501,0.801,0.301,0.401
Tree,3396,12.639,0.682,0.318,0.254,0.270,0.278,0.030,0.050,0.072,0.048,1.600,0.400,0.700,0.400,1.322,0.100,0.200,0.040,1.000,0.511,0.811,0.311,0.411
Tree,3395,18.414,0.457,0.233,0.246,0.150,0.154,0.030,0.050,0.065,0.044,1.600,0.400,0.700,0.400,1.254,0.100,0.200,0.040,1.000,0.516,0.816,0.316,0.416
Tree,3394,18.863,1.639,0.258,0.235,0.171,0.166,0.030,0.050,0.064,0.043,1.600,0.400,0.700,0.400,1.244,0.100,0.200,0.040,1.000,0.524,0.824,0.324,0.424
Tree,3393,31.311,0.000,0.287,0.289,0.192,0.196,0.030,0.050,0.059,0.039,1.600,0.395,0.690,0.392,1.195,0.100,0.200,0.040,1.000,0.500,0.800,0.300,0.400
Tree,3402,4.842,0.039,0.204,0.220,0.097,0.126,0.030,0.050,0.072,0.048,1.600,0.400,0.700,0.400,1.317,0.100,0.200,0.040,1.000,0.530,0.830,0.330,0.430
Tree,3494,7.783,0.076,0.204,0.216,0.111,0.141,0.030,0.050,0.074,0.049,1.600,0.400,0.700,0.400,1.341,0.100,0.200,0.040,1.000,0.518,0.818,0.318,0.418
Tree,3415,17.497,0.027,0.244,0.205,0.145,0.239,0.030,0.050,0.066,0.044,1.600,0.400,0.700,0.400,1.258,0.100,0.200,0.040,1.000,0.504,0.804,0.304,0.404
Tree,3417,3.670,0.011,0.115,0.108,0.071,0.167,0.030,0.050,0.061,0.041,1.600,0.400,0.700,0.400,1.214,0.100,0.200,0.040,1.000,0.510,0.810,0.310,0.410
Tree,3442,8.771,0.000,0.187,0.216,0.110,0.138,0.030,0.050,0.027,0.020,1.600,0.269,0.471,0.204,1.069,0.100,0.200,0.040,1.000,0.500,0.800,0.300,0.400
Tree,3440,3.082,0.000,0.173,0.135,0.061,0.078,0.030,0.050,0.048,0.033,1.600,0.350,0.613,0.325,1.150,0.100,0.200,0.040,1.000,0.500,0.800,0.300,0.400
Tree,3439,2.143,0.000,0.161,0.138,0.058,0.087,0.030,0.050,0.043,0.030,1.600,0.331,0.580,0.297,1.131,0.100,0.200,0.040,1.000,0.500,0.800,0.300,0.400
Tree,3438,2.060,0.000,0.159,0.198,0.090,0.127,0.030,0.050,0.018,0.015,1.600,0.230,0.403,0.146,1.030,0.100,0.200,0.040,1.000,0.500,0.800,0.300,0.400
Tree,3437,7.090,0.000,0.250,0.312,0.098,0.226,0.030,0.050,0.057,0.038,1.600,0.387,0.676,0.380,1.187,0.100,0.200,0.040,1.000,0.500,0.800,0.300,0.400
Tree,3436,12.681,0.418,0.264,0.190,0.168,0.220,0.030,0.050,0.066,0.044,1.600,0.400,0.700,0.400,1.263,0.100,0.200,0.040,1.000,0.517,0.817,0.317,0.417
Tree,3435,5.598,0.000,0.166,0.222,0.094,0.169,0.030,0.050,0.060,0.040,1.600,0.400,0.700,0.400,1.201,0.100,0.200,0.040,1.000,0.500,0.800,0.300,0.400
Tree,3434,15.296,5.882,0.261,0.163,0.237,0.188,0.030,0.050,0.075,0.050,1.600,0.400,0.700,0.400,1.347,0.100,0.200,0.040,1.000,0.500,0.800,0.300,0.400
Tree,3433,5.396,1.356,0.426,0.258,0.368,0.284,0.030,0.050,0.085,0.057,1.600,0.400,0.700,0.400,1.452,0.100,0.200,0.040,1.000,0.500,0.800,0.300,0.400
Tree,3416,7.630,1.087,0.435,0.235,0.297,0.311,0.030,0.050,0.079,0.053,1.600,0.400,0.700,0.400,1.395,0.100,0.200,0.040,1.000,0.500,0.800,0.300,0.400
Tree,3430,17.137,0.293,0.340,0.162,0.187,0.340,0.030,0.050,0.068,0.046,1.600,0.400,0.700,0.400,1.283,0.100,0.200,0.040,1.000,0.506,0.806,0.306,0.406
Tree,3428,12.667,0.680,0.310,0.232,0.237,0.254,0.030,0.050,0.070,0.047,1.600,0.400,0.700,0.400,1.302,0.100,0.200,0.040,1.000,0.500,0.800,0.300,0.400
Tree,3426,3.821,0.000,0.165,0.225,0.088,0.167,0.030,0.050,0.060,0.040,1.600,0.400,0.700,0.400,1.201,0.100,0.200,0.040,1.000,0.500,0.800,0.300,0.400
Tree,3425,14.458,0.325,0.334,0.429,0.383,0.334,0.030,0.050,0.072,0.048,1.600,0.400,0.700,0.400,1.317,0.100,0.200,0.040,1.000,0.513,0.813,0.313,0.413
Tree,3423,8.472,0.000,0.126,0.152,0.084,0.152,0.030,0.050,0.061,0.041,1.600,0.400,0.700,0.400,1.210,0.100,0.200,0.040,1.000,0.503,0.803,0.303,0.403
Tree,3422,28.629,0.000,0.255,0.273,0.174,0.204,0.030,0.050,0.060,0.040,1.600,0.400,0.700,0.400,1.200,0.100,0.200,0.040,1.000,0.500,0.800,0.300,0.400
Tree,3421,10.981,0.000,0.171,0.176,0.111,0.193,0.030,0.050,0.061,0.041,1.600,0.400,0.700,0.400,1.211,0.100,0.200,0.040,1.000,0.506,0.806,0.306,0.406
Tree,3420,17.104,0.000,0.171,0.242,0.102,0.179,0.030,0.050,0.060,0.040,1.600,0.400,0.700,0.400,1.204,0.100,0.200,0.040,1.000,0.521,0.821,0.321,0.421
Tree,3419,2.486,0.010,0.124,0.106,0.078,0.151,0.030,0.050,0.062,0.041,1.600,0.400,0.700,0.400,1.217,0.100,0.200,0.040,1.000,0.508,0.808,0.308,0.408
Tree,3418,6.470,0.000,0.166,0.165,0.089,0.137,0.030,0.050,0.060,0.040,1.600,0.400,0.700,0.400,1.200,0.100,0.200,0.040,1.000,0.533,0.833,0.333,0.433
Tree,3429,7.964,1.653,0.381,0.229,0.312,0.299,0.030,0.050,0.079,0.053,1.600,0.400,0.700,0.400,1.394,0.100,0.200,0.040,1.000,0.502,0.802,0.302,0.402
Tree,3917,11.689,0.498,0.296,0.289,0.304,0.309,0.030,0.050,0.072,0.048,1.600,0.400,0.700,0.400,1.319,0.100,0.200,0.040,1.000,0.509,0.809,0.309,0.409
Tree,3495,0.003,10.894,0.427,0.230,0.370,0.279,0.030,0.050,0.090,0.060,1.600,0.400,0.700,0.400,1.500,0.100,0.200,0.040,1.000,0.500,0.800,0.300,0.400
Tree,3498,4.987,0.006,0.168,0.178,0.091,0.184,0.030,0.050,0.061,0.041,1.600,0.400,0.700,0.400,1.214,0.100,0.200,0.040,1.000,0.501,0.801,0.301,0.401
Tree,3583,14.396,0.216,0.332,0.225,0.249,0.273,0.030,0.050,0.071,0.047,1.600,0.400,0.700,0.400,1.311,0.100,0.200,0.040,1.000,0.502,0.802,0.302,0.402
Tree,3582,15.419,0.276,0.339,0.242,0.260,0.262,0.030,0.050,0.072,0.048,1.600,0.400,0.700,0.400,1.317,0.100,0.200,0.040,1.000,0.501,0.801,0.301,0.401
Tree,3581,3.423,1.128,0.435,0.507,0.582,0.458,0.030,0.050,0.087,0.058,1.600,0.400,0.700,0.400,1.470,0.100,0.200,0.040,1.000,0.500,0.800,0.300,0.400
Tree,3580,10.403,1.304,0.267,0.274,0.246,0.214,0.030,0.050,0.071,0.048,1.600,0.400,0.700,0.400,1.313,0.100,0.200,0.040,1.000,0.506,0.806,0.306,0.406
Tree,3579,5.125,1.458,0.397,0.231,0.344,0.294,0.030,0.050,0.082,0.055,1.600,0.400,0.700,0.400,1.419,0.100,0.200,0.040,1.000,0.500,0.800,0.300,0.400
Tree,3578,6.725,1.672,0.385,0.263,0.356,0.321,0.030,0.050,0.081,0.054,1.600,0.400,0.700,0.400,1.405,0.100,0.200,0.040,1.000,0.501,0.801,0.301,0.401
Tree,3577,6.250,0.005,0.174,0.226,0.101,0.169,0.030,0.050,0.060,0.040,1.600,0.400,0.700,0.400,1.203,0.100,0.200,0.040,1.000,0.501,0.801,0.301,0.401
Tree,3576,1.259,0.073,0.428,0.905,0.898,0.723,0.030,0.050,0.087,0.058,1.600,0.400,0.700,0.400,1.473,0.100,0.200,0.040,1.000,0.503,0.803,0.303,0.403
Tree,3575,1.413,0.160,0.302,0.550,0.527,0.437,0.030,0.050,0.077,0.051,1.600,0.400,0.700,0.400,1.366,0.100,0.200,0.040,1.000,0.520,0.820,0.320,0.420
Tree,3574,11.350,1.414,0.312,0.206,0.257,0.246,0.030,0.050,0.074,0.050,1.600,0.400,0.700,0.400,1.343,0.100,0.200,0.040,1.000,0.506,0.806,0.306,0.406
Tree,3573,17.309,0.545,0.279,0.184,0.182,0.244,0.030,0.050,0.067,0.045,1.600,0.400,0.700,0.400,1.271,0.100,0.200,0.040,1.000,0.508,0.808,0.308,0.408
Tree,3572,6.974,0.009,0.186,0.228,0.120,0.185,0.030,0.050,0.061,0.041,1.600,0.400,0.700,0.400,1.212,0.100,0.200,0.040,1.000,0.500,0.800,0.300,0.400
Tree,3571,7.928,1.038,0.331,0.251,0.306,0.284,0.030,0.050,0.076,0.051,1.600,0.400,0.700,0.400,1.363,0.100,0.200,0.040,1.000,0.505,0.805,0.305,0.405
Tree,3570,6.116,1.044,0.412,0.509,0.558,0.447,0.030,0.050,0.084,0.056,1.600,0.400,0.700,0.400,1.439,0.100,0.200,0.040,1.000,0.501,0.801,0.301,0.401
Tree,3569,11.365,0.254,0.152,0.110,0.111,0.128,0.030,0.050,0.064,0.043,1.600,0.400,0.700,0.400,1.238,0.100,0.200,0.040,1.000,0.537,0.837,0.337,0.437
Tree,3568,11.764,0.947,0.361,0.219,0.271,0.297,0.030,0.050,0.075,0.050,1.600,0.400,0.700,0.400,1.348,0.100,0.200,0.040,1.000,0.501,0.801,0.301,0.401
Tree,3567,3.662,1.634,0.430,0.251,0.374,0.293,0.030,0.050,0.086,0.057,1.600,0.400,0.700,0.400,1.461,0.100,0.200,0.040,1.000,0.500,0.800,0.300,0.400
Tree,3566,5.948,0.030,0.203,0.291,0.161,0.201,0.030,0.050,0.063,0.042,1.600,0.400,0.700,0.400,1.225,0.100,0.200,0.040,1.000,0.500,0.800,0.300,0.400
Tree,3565,8.920,1.245,0.376,0.208,0.300,0.381,0.030,0.050,0.079,0.052,1.600,0.400,0.700,0.400,1.387,0.100,0.200,0.040,1.000,0.500,0.800,0.300,0.400
Tree,3584,12.311,0.695,0.336,0.217,0.251,0.291,0.030,0.050,0.073,0.049,1.600,0.400,0.700,0.400,1.330,0.100,0.200,0.040,1.000,0.502,0.802,0.302,0.402
Tree,3585,11.929,0.978,0.369,0.223,0.278,0.299,0.030,0.050,0.076,0.051,1.600,0.400,0.700,0.400,1.359,0.100,0.200,0.040,1.000,0.501,0.801,0.301,0.401
Tree,3586,15.111,0.360,0.339,0.227,0.248,0.283,0.030,0.050,0.072,0.048,1.600,0.400,0.700,0.400,1.324,0.100,0.200,0.040,1.000,0.502,0.802,0.302,0.402
Tree,3587,10.879,0.781,0.355,0.235,0.276,0.271,0.030,0.050,0.075,0.050,1.600,0.400,0.700,0.400,1.351,0.100,0.200,0.040,1.000,0.503,0.803,0.303,0.403
Tree,3915,11.486,1.073,0.364,0.281,0.324,0.319,0.030,0.050,0.076,0.051,1.600,0.400,0.700,0.400,1.361,0.100,0.200,0.040,1.000,0.502,0.802,0.302,0.402
Tree,3914,0.003,12.000,0.450,0.250,0.400,0.300,0.030,0.050,0.090,0.060,1.600,0.400,0.700,0.400,1.500,0.100,0.200,0.040,1.000,0.500,0.800,0.300,0.400
Tree,3913,1.012,0.000,0.109,0.097,0.109,0.115,0.030,0.050,0.060,0.040,1.600,0.400,0.700,0.400,1.200,0.100,0.200,0.040,1.000,0.500,0.800,0.300,0.400
Tree,3912,15.645,3.224,0.347,0.264,0.241,0.227,0.030,0.050,0.074,0.049,1.600,0.400,0.700,0.400,1.340,0.100,0.200,0.040,1.000,0.505,0.805,0.305,0.405
Tree,3911,30.913,0.000,0.282,0.284,0.184,0.194,0.030,0.050,0.060,0.040,1.600,0.400,0.700,0.400,1.200,0.100,0.200,0.040,1.000,0.509,0.809,0.309,0.409
Tree,3910,15.426,0.000,0.174,0.174,0.102,0.113,0.030,0.050,0.060,0.040,1.600,0.400,0.700,0.400,1.200,0.100,0.200,0.040,1.000,0.500,0.800,0.300,0.400
Tree,3909,12.124,0.301,0.246,0.207,0.151,0.198,0.030,0.050,0.066,0.044,1.600,0.400,0.700,0.400,1.265,0.100,0.200,0.040,1.000,0.515,0.815,0.315,0.415
Tree,3908,11.440,0.371,0.244,0.206,0.160,0.195,0.030,0.050,0.067,0.045,1.600,0.400,0.700,0.400,1.270,0.100,0.200,0.040,1.000,0.513,0.813,0.313,0.413
Tree,3907,9.198,0.371,0.248,0.210,0.152,0.187,0.030,0.050,0.067,0.045,1.600,0.400,0.700,0.400,1.270,0.100,0.200,0.040,1.000,0.518,0.818,0.318,0.418
Tree,3564,19.806,0.000,0.221,0.229,0.140,0.183,0.030,0.050,0.058,0.039,1.600,0.393,0.687,0.389,1.193,0.100,0.200,0.040,1.000,0.500,0.800,0.300,0.400
Tree,3906,9.861,0.387,0.249,0.220,0.171,0.197,0.030,0.050,0.069,0.046,1.600,0.400,0.700,0.400,1.286,0.100,0.200,0.040,1.000,0.516,0.816,0.316,0.416
Tree,3904,10.810,1.951,0.237,0.230,0.146,0.145,0.030,0.050,0.076,0.051,1.600,0.400,0.700,0.400,1.364,0.100,0.200,0.040,1.000,0.507,0.807,0.307,0.407
Tree,3903,1.858,0.008,0.226,0.313,0.063,0.109,0.030,0.050,0.082,0.055,1.600,0.400,0.700,0.400,1.422,0.100,0.200,0.040,1.000,0.504,0.804,0.304,0.404
Tree,3902,2.465,1.938,0.271,0.232,0.136,0.181,0.030,0.050,0.085,0.057,1.600,0.400,0.700,0.400,1.450,0.100,0.200,0.040,1.000,0.503,0.803,0.303,0.403
Tree,3901,0.697,3.169,0.321,0.259,0.169,0.187,0.030,0.050,0.088,0.058,1.600,0.400,0.700,0.400,1.475,0.100,0.200,0.040,1.000,0.502,0.802,0.302,0.402
Tree,3900,7.519,2.429,0.229,0.221,0.142,0.145,0.030,0.050,0.079,0.053,1.600,0.400,0.700,0.400,1.391,0.100,0.200,0.040,1.000,0.505,0.805,0.305,0.405
Tree,3591,11.751,1.071,0.365,0.246,0.300,0.290,0.030,0.050,0.077,0.051,1.600,0.400,0.700,0.400,1.368,0.100,0.200,0.040,1.000,0.501,0.801,0.301,0.401
Tree,3590,10.939,1.012,0.347,0.206,0.259,0.263,0.030,0.050,0.076,0.051,1.600,0.400,0.700,0.400,1.364,0.100,0.200,0.040,1.000,0.500,0.800,0.300,0.400
Tree,3589,5.486,0.001,0.149,0.166,0.084,0.174,0.030,0.050,0.060,0.040,1.600,0.400,0.700,0.400,1.201,0.100,0.200,0.040,1.000,0.500,0.800,0.300,0.400
Tree,3588,20.665,0.000,0.300,0.144,0.154,0.347,0.030,0.050,0.060,0.040,1.600,0.400,0.700,0.400,1.200,0.100,0.200,0.040,1.000,0.500,0.800,0.300,0.400
Tree,3905,11.737,0.178,0.232,0.207,0.144,0.187,0.030,0.050,0.065,0.043,1.600,0.400,0.700,0.400,1.246,0.100,0.200,0.040,1.000,0.517,0.817,0.317,0.417
Tree,3563,32.431,0.000,0.291,0.292,0.196,0.199,0.030,0.050,0.060,0.040,1.600,0.398,0.697,0.398,1.198,0.100,0.200,0.040,1.000,0.500,0.800,0.300,0.400
Tree,3562,4.122,0.000,0.187,0.229,0.093,0.156,0.030,0.050,0.032,0.023,1.600,0.290,0.507,0.234,1.090,0.100,0.200,0.040,1.000,0.500,0.800,0.300,0.400
Tree,3561,33.967,0.000,0.300,0.300,0.200,0.200,0.030,0.050,0.060,0.040,1.600,0.400,0.700,0.400,1.200,0.100,0.200,0.040,1.000,0.500,0.800,0.300,0.400
Tree,3526,3.470,0.036,0.222,0.232,0.099,0.141,0.030,0.050,0.076,0.050,1.600,0.400,0.700,0.400,1.356,0.100,0.200,0.040,1.000,0.521,0.821,0.321,0.421
Tree,3525,30.855,0.000,0.284,0.288,0.190,0.202,0.030,0.050,0.059,0.040,1.600,0.398,0.696,0.396,1.198,0.100,0.200,0.040,1.000,0.500,0.800,0.300,0.400
Tree,3524,32.473,0.000,0.293,0.295,0.196,0.202,0.030,0.050,0.060,0.040,1.600,0.399,0.698,0.398,1.199,0.100,0.200,0.040,1.000,0.500,0.800,0.300,0.400
Tree,3523,32.246,0.000,0.292,0.294,0.195,0.201,0.030,0.050,0.059,0.040,1.600,0.398,0.696,0.396,1.198,0.100,0.200,0.040,1.000,0.500,0.800,0.300,0.400
Tree,3522,6.035,0.001,0.142,0.174,0.082,0.220,0.030,0.050,0.060,0.040,1.600,0.400,0.700,0.400,1.202,0.100,0.200,0.040,1.000,0.500,0.800,0.300,0.400
Tree,3519,15.756,0.131,0.260,0.214,0.177,0.254,0.030,0.050,0.064,0.043,1.600,0.400,0.700,0.400,1.243,0.100,0.200,0.040,1.000,0.503,0.803,0.303,0.403
Tree,3518,9.831,0.044,0.181,0.205,0.105,0.164,0.030,0.050,0.062,0.041,1.600,0.400,0.700,0.400,1.220,0.100,0.200,0.040,1.000,0.520,0.820,0.320,0.420
Tree,3517,13.320,0.082,0.220,0.215,0.133,0.196,0.030,0.050,0.061,0.041,1.600,0.400,0.700,0.400,1.215,0.100,0.200,0.040,1.000,0.516,0.816,0.316,0.416
Tree,3513,19.060,0.291,0.302,0.245,0.221,0.275,0.030,0.050,0.065,0.043,1.600,0.400,0.700,0.400,1.250,0.100,0.200,0.040,1.000,0.505,0.805,0.305,0.405
Tree,3527,13.944,0.288,0.276,0.192,0.185,0.265,0.030,0.050,0.066,0.044,1.600,0.400,0.700,0.400,1.265,0.100,0.200,0.040,1.000,0.505,0.805,0.305,0.405
Tree,3512,6.912,0.059,0.272,0.258,0.135,0.153,0.030,0.050,0.069,0.046,1.600,0.400,0.700,0.400,1.286,0.100,0.200,0.040,1.000,0.525,0.825,0.325,0.425
Tree,3510,23.026,0.002,0.272,0.233,0.159,0.245,0.030,0.050,0.060,0.040,1.600,0.400,0.700,0.400,1.202,0.100,0.200,0.040,1.000,0.503,0.803,0.303,0.403
Tree,3509,5.831,0.000,0.133,0.132,0.070,0.241,0.030,0.050,0.060,0.040,1.600,0.400,0.700,0.400,1.200,0.100,0.200,0.040,1.000,0.503,0.803,0.303,0.403
Tree,3507,10.578,0.238,0.357,0.223,0.277,0.290,0.030,0.050,0.076,0.050,1.600,0.400,0.700,0.400,1.356,0.100,0.200,0.040,1.000,0.502,0.802,0.302,0.402
Tree,3506,18.394,0.257,0.277,0.219,0.183,0.282,0.030,0.050,0.065,0.043,1.600,0.400,0.700,0.400,1.247,0.100,0.200,0.040,1.000,0.504,0.804,0.304,0.404
Tree,3504,13.775,0.026,0.243,0.206,0.149,0.158,0.030,0.050,0.057,0.039,1.600,0.365,0.638,0.347,1.226,0.100,0.200,0.040,1.000,0.500,0.800,0.300,0.400
Tree,3503,6.934,0.022,0.220,0.207,0.115,0.151,0.030,0.050,0.044,0.030,1.600,0.324,0.568,0.287,1.151,0.100,0.200,0.040,1.000,0.500,0.800,0.300,0.400
Tree,3502,7.686,0.061,0.273,0.249,0.143,0.158,0.030,0.050,0.069,0.046,1.600,0.400,0.700,0.400,1.289,0.100,0.200,0.040,1.000,0.528,0.828,0.328,0.428
Tree,3501,12.672,0.540,0.260,0.199,0.210,0.232,0.030,0.050,0.070,0.047,1.600,0.400,0.700,0.400,1.299,0.100,0.200,0.040,1.000,0.515,0.815,0.315,0.415
Tree,3499,3.380,0.025,0.182,0.175,0.083,0.201,0.030,0.050,0.064,0.043,1.600,0.400,0.700,0.400,1.245,0.100,0.200,0.040,1.000,0.519,0.819,0.319,0.419
Tree,3511,9.002,0.044,0.218,0.223,0.105,0.137,0.030,0.050,0.063,0.042,1.600,0.400,0.700,0.400,1.228,0.100,0.200,0.040,1.000,0.527,0.827,0.327,0.427
Tree,3497,4.150,0.008,0.151,0.160,0.079,0.194,0.030,0.050,0.064,0.042,1.600,0.400,0.700,0.400,1.236,0.100,0.200,0.040,1.000,0.517,0.817,0.317,0.417
Tree,3528,11.579,0.000,0.238,0.234,0.093,0.117,0.030,0.050,0.064,0.043,1.600,0.400,0.700,0.400,1.238,0.100,0.200,0.040,1.000,0.549,0.849,0.349,0.449
Tree,3531,14.546,0.124,0.215,0.233,0.130,0.204,0.030,0.050,0.063,0.042,1.600,0.400,0.700,0.400,1.229,0.100,0.200,0.040,1.000,0.518,0.818,0.318,0.418
Tree,3560,3.287,0.000,0.163,0.202,0.094,0.130,0.030,0.050,0.019,0.016,1.600,0.237,0.416,0.156,1.037,0.100,0.200,0.040,1.000,0.500,0.800,0.300,0.400
Tree,3559,30.090,0.000,0.281,0.284,0.189,0.197,0.030,0.050,0.058,0.039,1.600,0.393,0.687,0.389,1.193,0.100,0.200,0.040,1.000,0.500,0.800,0.300,0.400
Tree,3558,30.219,0.000,0.281,0.285,0.188,0.200,0.030,0.050,0.059,0.039,1.600,0.395,0.691,0.392,1.195,0.100,0.200,0.040,1.000,0.500,0.800,0.300,0.400
Tree,3557,13.015,0.282,0.290,0.246,0.208,0.204,0.030,0.050,0.069,0.046,1.600,0.400,0.700,0.400,1.295,0.100,0.200,0.040,1.000,0.509,0.809,0.309,0.409
Tree,3556,11.971,0.060,0.246,0.244,0.129,0.156,0.030,0.050,0.065,0.043,1.600,0.400,0.700,0.400,1.251,0.100,0.200,0.040,1.000,0.521,0.821,0.321,0.421
Tree,3555,3.829,0.012,0.187,0.219,0.084,0.135,0.030,0.050,0.077,0.051,1.600,0.400,0.700,0.400,1.368,0.100,0.200,0.040,1.000,0.519,0.819,0.319,0.419
Tree,3554,3.175,0.013,0.178,0.196,0.092,0.137,0.030,0.050,0.079,0.053,1.600,0.400,0.700,0.400,1.394,0.100,0.200,0.040,1.000,0.519,0.819,0.319,0.419
Tree,3553,8.932,1.798,0.323,0.214,0.281,0.281,0.030,0.050,0.075,0.050,1.600,0.400,0.700,0.400,1.351,0.100,0.200,0.040,1.000,0.501,0.801,0.301,0.401
Tree,3552,9.532,2.338,0.308,0.230,0.293,0.259,0.030,0.050,0.076,0.051,1.600,0.400,0.700,0.400,1.361,0.100,0.200,0.040,1.000,0.501,0.801,0.301,0.401
Tree,3529,9.244,0.046,0.173,0.176,0.102,0.164,0.030,0.050,0.062,0.041,1.600,0.400,0.700,0.400,1.216,0.100,0.200,0.040,1.000,0.510,0.810,0.310,0.410
Tree,3551,9.851,2.313,0.294,0.172,0.242,0.251,0.030,0.050,0.073,0.048,1.600,0.400,0.700,0.400,1.327,0.100,0.200,0.040,1.000,0.508,0.808,0.308,0.408
Tree,3546,12.595,0.592,0.347,0.226,0.258,0.273,0.030,0.050,0.074,0.049,1.600,0.400,0.700,0.400,1.336,0.100,0.200,0.040,1.000,0.502,0.802,0.302,0.402
Tree,3540,27.106,0.000,0.283,0.269,0.190,0.220,0.030,0.050,0.060,0.040,1.600,0.400,0.700,0.400,1.200,0.100,0.200,0.040,1.000,0.500,0.800,0.300,0.400
Tree,3539,11.681,0.000,0.156,0.231,0.080,0.127,0.030,0.050,0.061,0.041,1.600,0.400,0.700,0.400,1.214,0.100,0.200,0.040,1.000,0.527,0.827,0.327,0.427
Tree,3538,11.851,0.299,0.207,0.213,0.124,0.246,0.030,0.050,0.064,0.042,1.600,0.400,0.700,0.400,1.237,0.100,0.200,0.040,1.000,0.533,0.833,0.333,0.433
Tree,3536,20.313,0.527,0.280,0.233,0.235,0.254,0.030,0.050,0.069,0.046,1.600,0.400,0.700,0.400,1.293,0.100,0.200,0.040,1.000,0.501,0.801,0.301,0.401
Tree,3535,10.538,1.062,0.343,0.225,0.274,0.282,0.030,0.050,0.075,0.050,1.600,0.400,0.700,0.400,1.352,0.100,0.200,0.040,1.000,0.504,0.804,0.304,0.404
Tree,3534,11.248,0.617,0.270,0.227,0.194,0.192,0.030,0.050,0.071,0.047,1.600,0.400,0.700,0.400,1.312,0.100,0.200,0.040,1.000,0.511,0.811,0.311,0.411
Tree,3533,10.639,0.778,0.329,0.207,0.241,0.276,0.030,0.050,0.073,0.049,1.600,0.400,0.700,0.400,1.330,0.100,0.200,0.040,1.000,0.505,0.805,0.305,0.405
Tree,3532,11.273,0.247,0.243,0.212,0.151,0.190,0.030,0.050,0.066,0.044,1.600,0.400,0.700,0.400,1.264,0.100,0.200,0.040,1.000,0.513,0.813,0.313,0.413
Tree,3550,9.648,1.115,0.368,0.225,0.286,0.287,0.030,0.050,0.077,0.051,1.600,0.400,0.700,0.400,1.369,0.100,0.200,0.040,1.000,0.502,0.802,0.302,0.402
Tree,5869,0.000,0.000,0.000,0.000,0.000,0.000,0.000,0.000,0.000,0.000,0.000,0.000,0.000,0.000,0.000,0.000,0.000,0.000,0.000,0.000,0.000,0.000,0.000
